"League","Match_Date","Matchweek","Home_Team","Home_Formation","Home_Score","Home_xG","Home_Goals","Home_Yellow_Cards","Home_Red_Cards","Away_Team","Away_Formation","Away_Score","Away_xG","Away_Goals","Away_Yellow_Cards","Away_Red_Cards","Game_URL","Team","Home_Away","Player_Href","Min","Att","Live_Pass_Types","Dead_Pass_Types","FK_Pass_Types","TB_Pass_Types","Sw_Pass_Types","Crs_Pass_Types","TI_Pass_Types","CK_Pass_Types","In_Corner_Kicks","Out_Corner_Kicks","Str_Corner_Kicks","Cmp_Outcomes","Off_Outcomes","Blocks_Outcomes"
"La Liga","2024-08-15","La Liga (Matchweek 1)","Athletic Club","4-2-3-1",1,0.3,"Oihan Sancet · 27&rsquor;","4","0","Getafe","4-1-4-1",1,0.8,"Chrisantus Uche · 64&rsquor;","1","0","https://fbref.com/en/matches/32bb9a67/Athletic-Club-Getafe-August-15-2024-La-Liga","Athletic Club","Home",NA,990,497,433,62,17,0,6,16,28,5,5,0,0,389,2,9
"La Liga","2024-08-15","La Liga (Matchweek 1)","Athletic Club","4-2-3-1",1,0.3,"Oihan Sancet · 27&rsquor;","4","0","Getafe","4-1-4-1",1,0.8,"Chrisantus Uche · 64&rsquor;","1","0","https://fbref.com/en/matches/32bb9a67/Athletic-Club-Getafe-August-15-2024-La-Liga","Getafe","Away",NA,990,239,182,51,17,0,4,13,24,6,4,2,0,140,6,4
"La Liga","2024-08-15","La Liga (Matchweek 1)","Real Betis","4-2-3-1",1,1.4,"Marc Bartra · 6&rsquor;","2","0","Girona","4-3-3",1,1.6,"Gabriel Osei Misehouy · 72&rsquor;","0","0","https://fbref.com/en/matches/f13e982e/Real-Betis-Girona-August-15-2024-La-Liga","Real Betis","Home",NA,990,403,362,40,10,2,4,12,16,4,2,1,0,328,1,15
"La Liga","2024-08-15","La Liga (Matchweek 1)","Real Betis","4-2-3-1",1,1.4,"Marc Bartra · 6&rsquor;","2","0","Girona","4-3-3",1,1.6,"Gabriel Osei Misehouy · 72&rsquor;","0","0","https://fbref.com/en/matches/f13e982e/Real-Betis-Girona-August-15-2024-La-Liga","Girona","Away",NA,990,633,575,55,12,1,4,23,26,4,3,1,0,542,3,9
"La Liga","2024-08-16","La Liga (Matchweek 1)","Celta Vigo","3-4-3",2,0.8,"Williot Swedberg · 66&rsquor; Iago Aspas · 84&rsquor;","2","0","Alavés","4-2-3-1",1,1.6,"Kiké · 17&rsquor;","2","0","https://fbref.com/en/matches/3c487349/Celta-Vigo-Alaves-August-16-2024-La-Liga","Celta Vigo","Home",NA,990,597,527,66,26,2,3,13,25,3,2,0,0,499,4,9
"La Liga","2024-08-16","La Liga (Matchweek 1)","Celta Vigo","3-4-3",2,0.8,"Williot Swedberg · 66&rsquor; Iago Aspas · 84&rsquor;","2","0","Alavés","4-2-3-1",1,1.6,"Kiké · 17&rsquor;","2","0","https://fbref.com/en/matches/3c487349/Celta-Vigo-Alaves-August-16-2024-La-Liga","Alavés","Away",NA,990,344,294,47,10,3,1,19,22,3,0,2,0,241,3,6
"La Liga","2024-08-16","La Liga (Matchweek 1)","Las Palmas","4-2-3-1",2,1.4,"Tanguy Nianzou (OG) · 42&rsquor; Sandro Ramírez · 71&rsquor;","2","0","Sevilla","4-2-3-1",2,1.8,"Álex Suárez (OG) · 25&rsquor; Juanlu Sánchez · 61&rsquor;","2","0","https://fbref.com/en/matches/82605913/Las-Palmas-Sevilla-August-16-2024-La-Liga","Las Palmas","Home",NA,990,489,430,58,17,4,0,27,24,6,3,1,1,384,1,9
"La Liga","2024-08-16","La Liga (Matchweek 1)","Las Palmas","4-2-3-1",2,1.4,"Tanguy Nianzou (OG) · 42&rsquor; Sandro Ramírez · 71&rsquor;","2","0","Sevilla","4-2-3-1",2,1.8,"Álex Suárez (OG) · 25&rsquor; Juanlu Sánchez · 61&rsquor;","2","0","https://fbref.com/en/matches/82605913/Las-Palmas-Sevilla-August-16-2024-La-Liga","Sevilla","Away",NA,990,525,476,47,15,1,5,15,20,3,2,0,0,426,2,10
"La Liga","2024-08-17","La Liga (Matchweek 1)","Osasuna","4-3-3",1,1.7,"Juan Soriano (OG) · 79&rsquor;","3","0","Leganés","4-2-3-1",1,1,"Juan Cruz · 22&rsquor;","2","0","https://fbref.com/en/matches/e593cd07/Osasuna-Leganes-August-17-2024-La-Liga","Osasuna","Home",NA,990,528,471,56,14,0,6,37,31,6,3,3,0,384,1,11
"La Liga","2024-08-17","La Liga (Matchweek 1)","Osasuna","4-3-3",1,1.7,"Juan Soriano (OG) · 79&rsquor;","3","0","Leganés","4-2-3-1",1,1,"Juan Cruz · 22&rsquor;","2","0","https://fbref.com/en/matches/e593cd07/Osasuna-Leganes-August-17-2024-La-Liga","Leganés","Away",NA,990,340,286,52,14,1,0,15,20,4,1,3,0,213,2,6
"La Liga","2024-08-17","La Liga (Matchweek 1)","Valencia","4-4-2",1,1,"Hugo Duro · 44&rsquor;","2","0","Barcelona","4-2-3-1",2,3.2,"Robert Lewandowski · 45+5&rsquor; Robert Lewandowski (P) · 49&rsquor;","3","0","https://fbref.com/en/matches/6f0fac43/Valencia-Barcelona-August-17-2024-La-Liga","Valencia","Home",NA,990,364,311,46,14,0,2,14,23,3,0,3,0,274,7,8
"La Liga","2024-08-17","La Liga (Matchweek 1)","Valencia","4-4-2",1,1,"Hugo Duro · 44&rsquor;","2","0","Barcelona","4-2-3-1",2,3.2,"Robert Lewandowski · 45+5&rsquor; Robert Lewandowski (P) · 49&rsquor;","3","0","https://fbref.com/en/matches/6f0fac43/Valencia-Barcelona-August-17-2024-La-Liga","Barcelona","Away",NA,990,617,569,47,16,2,6,16,16,8,1,2,0,526,1,6
"La Liga","2024-08-18","La Liga (Matchweek 1)","Real Sociedad","4-3-3",1,1.1,"Martín Zubimendi · 90+8&rsquor;","2","0","Rayo Vallecano","4-4-2",2,1.1,"Jorge de Frutos · 67&rsquor; Sergio Camello · 84&rsquor;","4","0","https://fbref.com/en/matches/e826cf9e/Real-Sociedad-Rayo-Vallecano-August-18-2024-La-Liga","Real Sociedad","Home",NA,990,512,438,74,24,0,4,30,33,10,5,3,0,395,0,8
"La Liga","2024-08-18","La Liga (Matchweek 1)","Real Sociedad","4-3-3",1,1.1,"Martín Zubimendi · 90+8&rsquor;","2","0","Rayo Vallecano","4-4-2",2,1.1,"Jorge de Frutos · 67&rsquor; Sergio Camello · 84&rsquor;","4","0","https://fbref.com/en/matches/e826cf9e/Real-Sociedad-Rayo-Vallecano-August-18-2024-La-Liga","Rayo Vallecano","Away",NA,990,269,219,47,13,1,1,12,16,5,3,0,0,167,3,11
"La Liga","2024-08-18","La Liga (Matchweek 1)","Mallorca","4-3-3",1,1,"Vedat Muriqi · 53&rsquor;","1","0","Real Madrid","4-3-3",1,0.6,"Rodrygo · 13&rsquor; Ferland Mendy · 90+7&rsquor;","0","1","https://fbref.com/en/matches/c6b7a6e0/Mallorca-Real-Madrid-August-18-2024-La-Liga","Mallorca","Home",NA,990,362,321,41,5,1,7,24,16,8,3,4,0,287,0,7
"La Liga","2024-08-18","La Liga (Matchweek 1)","Mallorca","4-3-3",1,1,"Vedat Muriqi · 53&rsquor;","1","0","Real Madrid","4-3-3",1,0.6,"Rodrygo · 13&rsquor; Ferland Mendy · 90+7&rsquor;","0","1","https://fbref.com/en/matches/c6b7a6e0/Mallorca-Real-Madrid-August-18-2024-La-Liga","Real Madrid","Away",NA,989,701,656,45,11,1,5,13,18,7,2,3,0,620,0,10
"La Liga","2024-08-19","La Liga (Matchweek 1)","Valladolid","4-5-1",1,0.8,"Raúl Moro · 23&rsquor;","2","0","Espanyol","5-3-2",0,0.7,"","2","0","https://fbref.com/en/matches/43c02c2b/Valladolid-Espanyol-August-19-2024-La-Liga","Valladolid","Home",NA,990,444,396,42,9,2,5,22,22,3,2,1,0,349,6,7
"La Liga","2024-08-19","La Liga (Matchweek 1)","Valladolid","4-5-1",1,0.8,"Raúl Moro · 23&rsquor;","2","0","Espanyol","5-3-2",0,0.7,"","2","0","https://fbref.com/en/matches/43c02c2b/Valladolid-Espanyol-August-19-2024-La-Liga","Espanyol","Away",NA,990,520,468,51,20,1,1,17,17,2,0,2,0,417,1,14
"La Liga","2024-08-19","La Liga (Matchweek 1)","Villarreal","4-4-2",2,0.8,"Arnaut Danjuma · 18&rsquor; Koke (OG) · 37&rsquor;","1","0","Atlético Madrid","3-4-3",2,1.1,"Marcos Llorente · 20&rsquor; Alexander Sørloth · 45+5&rsquor;","3","0","https://fbref.com/en/matches/2a59dd47/Villarreal-Atletico-Madrid-August-19-2024-La-Liga","Villarreal","Home",NA,990,505,470,33,12,0,4,12,11,2,2,0,0,436,2,7
"La Liga","2024-08-19","La Liga (Matchweek 1)","Villarreal","4-4-2",2,0.8,"Arnaut Danjuma · 18&rsquor; Koke (OG) · 37&rsquor;","1","0","Atlético Madrid","3-4-3",2,1.1,"Marcos Llorente · 20&rsquor; Alexander Sørloth · 45+5&rsquor;","3","0","https://fbref.com/en/matches/2a59dd47/Villarreal-Atletico-Madrid-August-19-2024-La-Liga","Atlético Madrid","Away",NA,990,631,589,40,9,0,3,15,19,3,1,1,0,547,2,16
"La Liga","2024-08-23","La Liga (Matchweek 2)","Celta Vigo","3-4-3",3,1.3,"Óscar Mingueza · 23&rsquor; Iago Aspas · 28&rsquor; Fran Beltrán · 60&rsquor;","3","0","Valencia","4-4-2",1,0.9,"Diego López · 14&rsquor;","0","0","https://fbref.com/en/matches/95447cec/Celta-Vigo-Valencia-August-23-2024-La-Liga","Celta Vigo","Home",NA,990,526,476,48,11,4,5,11,24,4,2,0,0,452,2,10
"La Liga","2024-08-23","La Liga (Matchweek 2)","Celta Vigo","3-4-3",3,1.3,"Óscar Mingueza · 23&rsquor; Iago Aspas · 28&rsquor; Fran Beltrán · 60&rsquor;","3","0","Valencia","4-4-2",1,0.9,"Diego López · 14&rsquor;","0","0","https://fbref.com/en/matches/95447cec/Celta-Vigo-Valencia-August-23-2024-La-Liga","Valencia","Away",NA,990,552,501,50,11,1,2,29,23,7,1,5,0,451,1,9
"La Liga","2024-08-23","La Liga (Matchweek 2)","Sevilla","4-3-3",1,1,"Dodi Lukebakio · 45+6&rsquor;","3","0","Villarreal","4-4-2",2,0.9,"Arnaut Danjuma · 2&rsquor; Ayoze Pérez · 90+5&rsquor;","5","0","https://fbref.com/en/matches/0d54805a/Sevilla-Villarreal-August-23-2024-La-Liga","Sevilla","Home",NA,990,583,530,49,11,1,4,24,24,7,4,2,0,477,4,12
"La Liga","2024-08-23","La Liga (Matchweek 2)","Sevilla","4-3-3",1,1,"Dodi Lukebakio · 45+6&rsquor;","3","0","Villarreal","4-4-2",2,0.9,"Arnaut Danjuma · 2&rsquor; Ayoze Pérez · 90+5&rsquor;","5","0","https://fbref.com/en/matches/0d54805a/Sevilla-Villarreal-August-23-2024-La-Liga","Villarreal","Away",NA,990,397,333,60,20,1,2,7,25,2,1,1,0,293,4,11
"La Liga","2024-08-24","La Liga (Matchweek 2)","Osasuna","4-1-4-1",1,0.6,"Rubén García · 55&rsquor;","2","0","Mallorca","4-3-3",0,0.6,"","1","0","https://fbref.com/en/matches/384225d1/Osasuna-Mallorca-August-24-2024-La-Liga","Osasuna","Home",NA,990,371,318,52,6,0,3,23,29,5,1,0,0,262,1,10
"La Liga","2024-08-24","La Liga (Matchweek 2)","Osasuna","4-1-4-1",1,0.6,"Rubén García · 55&rsquor;","2","0","Mallorca","4-3-3",0,0.6,"","1","0","https://fbref.com/en/matches/384225d1/Osasuna-Mallorca-August-24-2024-La-Liga","Mallorca","Away",NA,990,431,383,48,11,0,7,26,21,4,1,2,0,335,0,11
"La Liga","2024-08-24","La Liga (Matchweek 2)","Barcelona","4-2-3-1",2,1.8,"Lamine Yamal · 24&rsquor; Robert Lewandowski · 75&rsquor;","4","0","Athletic Club","4-2-3-1",1,1,"Oihan Sancet (P) · 42&rsquor;","5","0","https://fbref.com/en/matches/87bc9bba/Barcelona-Athletic-Club-August-24-2024-La-Liga","Barcelona","Home",NA,990,609,559,48,20,3,6,14,15,5,0,1,0,527,2,12
"La Liga","2024-08-24","La Liga (Matchweek 2)","Barcelona","4-2-3-1",2,1.8,"Lamine Yamal · 24&rsquor; Robert Lewandowski · 75&rsquor;","4","0","Athletic Club","4-2-3-1",1,1,"Oihan Sancet (P) · 42&rsquor;","5","0","https://fbref.com/en/matches/87bc9bba/Barcelona-Athletic-Club-August-24-2024-La-Liga","Athletic Club","Away",NA,990,336,288,43,12,1,6,16,18,6,2,3,0,256,5,4
"La Liga","2024-08-24","La Liga (Matchweek 2)","Espanyol","4-4-2",0,1.6,"","2","0","Real Sociedad","4-1-4-1",1,0.7,"Takefusa Kubo · 80&rsquor;","2","0","https://fbref.com/en/matches/3c8fe9de/Espanyol-Real-Sociedad-August-24-2024-La-Liga","Espanyol","Home",NA,990,294,246,47,20,0,3,19,11,7,1,5,0,205,1,8
"La Liga","2024-08-24","La Liga (Matchweek 2)","Espanyol","4-4-2",0,1.6,"","2","0","Real Sociedad","4-1-4-1",1,0.7,"Takefusa Kubo · 80&rsquor;","2","0","https://fbref.com/en/matches/3c8fe9de/Espanyol-Real-Sociedad-August-24-2024-La-Liga","Real Sociedad","Away",NA,990,564,513,49,14,0,4,19,19,4,2,2,0,479,2,8
"La Liga","2024-08-24","La Liga (Matchweek 2)","Getafe","4-2-3-1",0,0.5,"","1","0","Rayo Vallecano","4-2-3-1",0,0.2,"","2","0","https://fbref.com/en/matches/e11566fd/Getafe-Rayo-Vallecano-August-24-2024-La-Liga","Getafe","Home",NA,990,331,263,68,21,0,3,16,30,3,1,2,0,200,0,5
"La Liga","2024-08-24","La Liga (Matchweek 2)","Getafe","4-2-3-1",0,0.5,"","1","0","Rayo Vallecano","4-2-3-1",0,0.2,"","2","0","https://fbref.com/en/matches/e11566fd/Getafe-Rayo-Vallecano-August-24-2024-La-Liga","Rayo Vallecano","Away",NA,990,353,295,54,14,0,0,14,24,2,1,1,0,219,4,9
"La Liga","2024-08-25","La Liga (Matchweek 2)","Real Madrid","4-2-3-1",3,2.1,"Federico Valverde · 50&rsquor; Brahim Díaz · 88&rsquor; Endrick · 90+6&rsquor;","1","0","Valladolid","4-1-4-1",0,0.4,"","1","0","https://fbref.com/en/matches/3f2f6c96/Real-Madrid-Valladolid-August-25-2024-La-Liga","Real Madrid","Home",NA,990,689,644,41,15,1,5,17,14,5,3,0,0,617,4,8
"La Liga","2024-08-25","La Liga (Matchweek 2)","Real Madrid","4-2-3-1",3,2.1,"Federico Valverde · 50&rsquor; Brahim Díaz · 88&rsquor; Endrick · 90+6&rsquor;","1","0","Valladolid","4-1-4-1",0,0.4,"","1","0","https://fbref.com/en/matches/3f2f6c96/Real-Madrid-Valladolid-August-25-2024-La-Liga","Valladolid","Away",NA,990,397,350,47,14,1,6,12,18,5,2,2,0,321,0,9
"La Liga","2024-08-25","La Liga (Matchweek 2)","Leganés","4-1-4-1",2,1.5,"Juan Cruz · 71&rsquor; Enric Franquesa · 85&rsquor;","1","0","Las Palmas","4-2-3-1",1,0.9,"Sandro Ramírez · 90+3&rsquor;","1","0","https://fbref.com/en/matches/b1f96209/Leganes-Las-Palmas-August-25-2024-La-Liga","Leganés","Home",NA,990,376,338,37,8,1,5,16,15,3,3,0,0,274,1,11
"La Liga","2024-08-25","La Liga (Matchweek 2)","Leganés","4-1-4-1",2,1.5,"Juan Cruz · 71&rsquor; Enric Franquesa · 85&rsquor;","1","0","Las Palmas","4-2-3-1",1,0.9,"Sandro Ramírez · 90+3&rsquor;","1","0","https://fbref.com/en/matches/b1f96209/Leganes-Las-Palmas-August-25-2024-La-Liga","Las Palmas","Away",NA,990,584,520,64,12,0,2,23,35,7,1,6,0,464,0,11
"La Liga","2024-08-25","La Liga (Matchweek 2)","Alavés","4-4-2",0,0.2,"Aleksandar Sedlar · 86&rsquor;","1","1","Real Betis","4-2-3-1",0,1.5,"","4","0","https://fbref.com/en/matches/b757e16f/Alaves-Real-Betis-August-25-2024-La-Liga","Alavés","Home",NA,985,351,294,56,17,5,2,25,23,3,1,0,0,230,1,11
"La Liga","2024-08-25","La Liga (Matchweek 2)","Alavés","4-4-2",0,0.2,"Aleksandar Sedlar · 86&rsquor;","1","1","Real Betis","4-2-3-1",0,1.5,"","4","0","https://fbref.com/en/matches/b757e16f/Alaves-Real-Betis-August-25-2024-La-Liga","Real Betis","Away",NA,990,580,525,54,18,1,4,17,24,8,2,4,0,474,1,13
"La Liga","2024-08-25","La Liga (Matchweek 2)","Atlético Madrid","5-3-2",3,1.2,"Antoine Griezmann · 39&rsquor; Marcos Llorente · 48&rsquor; Koke · 90+4&rsquor;","1","0","Girona","4-3-3",0,0.7,"","3","0","https://fbref.com/en/matches/c6c0a3d3/Atletico-Madrid-Girona-August-25-2024-La-Liga","Atlético Madrid","Home",NA,990,488,453,33,12,0,8,6,15,1,0,0,0,420,2,6
"La Liga","2024-08-25","La Liga (Matchweek 2)","Atlético Madrid","5-3-2",3,1.2,"Antoine Griezmann · 39&rsquor; Marcos Llorente · 48&rsquor; Koke · 90+4&rsquor;","1","0","Girona","4-3-3",0,0.7,"","3","0","https://fbref.com/en/matches/c6c0a3d3/Atletico-Madrid-Girona-August-25-2024-La-Liga","Girona","Away",NA,990,658,611,45,13,1,3,26,16,9,2,4,0,588,2,7
"La Liga","2024-08-26","La Liga (Matchweek 3)","Villarreal","4-4-2",4,3.6,"Sergi Cardona · 26&rsquor; Thierno Barry · 60&rsquor; Jailson Siqueira (OG) · 64&rsquor; Daniel Parejo · 90+10&rsquor;","4","0","Celta Vigo","3-4-3",3,2.7,"Borja Iglesias · 12&rsquor; Óscar Mingueza · 31&rsquor; Carl Starfelt · 80&rsquor;","3","0","https://fbref.com/en/matches/050fe7c2/Villarreal-Celta-Vigo-August-26-2024-La-Liga","Villarreal","Home",NA,990,482,451,29,6,1,5,21,8,7,4,3,0,420,2,5
"La Liga","2024-08-26","La Liga (Matchweek 3)","Villarreal","4-4-2",4,3.6,"Sergi Cardona · 26&rsquor; Thierno Barry · 60&rsquor; Jailson Siqueira (OG) · 64&rsquor; Daniel Parejo · 90+10&rsquor;","4","0","Celta Vigo","3-4-3",3,2.7,"Borja Iglesias · 12&rsquor; Óscar Mingueza · 31&rsquor; Carl Starfelt · 80&rsquor;","3","0","https://fbref.com/en/matches/050fe7c2/Villarreal-Celta-Vigo-August-26-2024-La-Liga","Celta Vigo","Away",NA,990,595,551,43,9,3,6,16,11,4,1,1,0,524,1,9
"La Liga","2024-08-27","La Liga (Matchweek 3)","Mallorca","4-3-3",0,0.9,"","0","0","Sevilla","4-3-3",0,0.7,"Saúl Ñíguez · 89&rsquor;","1","1","https://fbref.com/en/matches/6049a447/Mallorca-Sevilla-August-27-2024-La-Liga","Mallorca","Home",NA,990,438,385,50,11,0,4,25,22,5,2,3,0,345,3,9
"La Liga","2024-08-27","La Liga (Matchweek 3)","Mallorca","4-3-3",0,0.9,"","0","0","Sevilla","4-3-3",0,0.7,"Saúl Ñíguez · 89&rsquor;","1","1","https://fbref.com/en/matches/6049a447/Mallorca-Sevilla-August-27-2024-La-Liga","Sevilla","Away",NA,988,525,472,52,18,1,3,19,17,9,5,0,0,431,1,7
"La Liga","2024-08-27","La Liga (Matchweek 3)","Rayo Vallecano","4-4-2",1,0.4,"Unai López · 9&rsquor;","3","0","Barcelona","4-2-3-1",2,1.4,"Pedri · 60&rsquor; Dani Olmo · 82&rsquor;","1","0","https://fbref.com/en/matches/f8fc00c7/Rayo-Vallecano-Barcelona-August-27-2024-La-Liga","Rayo Vallecano","Home",NA,990,317,268,45,11,1,5,24,17,6,3,2,0,223,4,13
"La Liga","2024-08-27","La Liga (Matchweek 3)","Rayo Vallecano","4-4-2",1,0.4,"Unai López · 9&rsquor;","3","0","Barcelona","4-2-3-1",2,1.4,"Pedri · 60&rsquor; Dani Olmo · 82&rsquor;","1","0","https://fbref.com/en/matches/f8fc00c7/Rayo-Vallecano-Barcelona-August-27-2024-La-Liga","Barcelona","Away",NA,990,575,516,58,20,0,7,16,25,6,1,1,0,478,1,15
"La Liga","2024-08-28","La Liga (Matchweek 3)","Valladolid","4-3-3",0,1.1,"","1","0","Leganés","4-2-3-1",0,0.2,"","5","0","https://fbref.com/en/matches/843a0b94/Valladolid-Leganes-August-28-2024-La-Liga","Valladolid","Home",NA,990,549,498,51,21,1,9,32,19,4,1,3,0,463,0,11
"La Liga","2024-08-28","La Liga (Matchweek 3)","Valladolid","4-3-3",0,1.1,"","1","0","Leganés","4-2-3-1",0,0.2,"","5","0","https://fbref.com/en/matches/843a0b94/Valladolid-Leganes-August-28-2024-La-Liga","Leganés","Away",NA,990,390,349,39,11,0,4,12,14,4,2,1,0,311,2,15
"La Liga","2024-08-28","La Liga (Matchweek 3)","Athletic Club","4-2-3-1",1,1.4,"Beñat Prados · 45&rsquor;","1","0","Valencia","4-4-2",0,0.1,"","3","0","https://fbref.com/en/matches/acc2bc45/Athletic-Club-Valencia-August-28-2024-La-Liga","Athletic Club","Home",NA,990,467,420,46,12,4,4,22,23,5,0,3,0,360,1,3
"La Liga","2024-08-28","La Liga (Matchweek 3)","Athletic Club","4-2-3-1",1,1.4,"Beñat Prados · 45&rsquor;","1","0","Valencia","4-4-2",0,0.1,"","3","0","https://fbref.com/en/matches/acc2bc45/Athletic-Club-Valencia-August-28-2024-La-Liga","Valencia","Away",NA,990,462,410,49,15,1,1,14,25,3,3,0,0,342,3,4
"La Liga","2024-08-28","La Liga (Matchweek 3)","Real Sociedad","4-4-2",1,1,"Mikel Oyarzabal · 29&rsquor; Brais Méndez · 32&rsquor;","4","1","Alavés","4-2-3-1",2,1.6,"Asier Villalibre (P) · 45+5&rsquor; Toni Martínez · 77&rsquor;","4","0","https://fbref.com/en/matches/71669703/Real-Sociedad-Alaves-August-28-2024-La-Liga","Real Sociedad","Home",NA,928,398,335,60,15,0,1,21,21,8,3,5,0,297,3,9
"La Liga","2024-08-28","La Liga (Matchweek 3)","Real Sociedad","4-4-2",1,1,"Mikel Oyarzabal · 29&rsquor; Brais Méndez · 32&rsquor;","4","1","Alavés","4-2-3-1",2,1.6,"Asier Villalibre (P) · 45+5&rsquor; Toni Martínez · 77&rsquor;","4","0","https://fbref.com/en/matches/71669703/Real-Sociedad-Alaves-August-28-2024-La-Liga","Alavés","Away",NA,990,352,299,50,16,2,1,22,20,6,2,2,1,254,3,7
"La Liga","2024-08-28","La Liga (Matchweek 3)","Atlético Madrid","5-3-2",0,2.3,"","0","0","Espanyol","5-3-2",0,0.6,"","2","0","https://fbref.com/en/matches/ef04c85d/Atletico-Madrid-Espanyol-August-28-2024-La-Liga","Atlético Madrid","Home",NA,990,660,596,58,9,2,5,28,28,9,2,5,0,558,6,8
"La Liga","2024-08-28","La Liga (Matchweek 3)","Atlético Madrid","5-3-2",0,2.3,"","0","0","Espanyol","5-3-2",0,0.6,"","2","0","https://fbref.com/en/matches/ef04c85d/Atletico-Madrid-Espanyol-August-28-2024-La-Liga","Espanyol","Away",NA,990,390,351,39,10,0,4,15,12,3,0,2,0,307,0,6
"La Liga","2024-08-29","La Liga (Matchweek 3)","Girona","4-4-2",4,2.4,"Bryan Gil · 34&rsquor; Viktor Tsyhankov · 53&rsquor; Abel Ruiz · 56&rsquor; Cristhian Stuani · 90&rsquor;","0","0","Osasuna","4-2-3-1",0,0,"","0","0","https://fbref.com/en/matches/6e8b4c78/Girona-Osasuna-August-29-2024-La-Liga","Girona","Home",NA,990,620,578,37,11,1,5,22,18,5,1,1,0,545,5,5
"La Liga","2024-08-29","La Liga (Matchweek 3)","Girona","4-4-2",4,2.4,"Bryan Gil · 34&rsquor; Viktor Tsyhankov · 53&rsquor; Abel Ruiz · 56&rsquor; Cristhian Stuani · 90&rsquor;","0","0","Osasuna","4-2-3-1",0,0,"","0","0","https://fbref.com/en/matches/6e8b4c78/Girona-Osasuna-August-29-2024-La-Liga","Osasuna","Away",NA,990,419,376,41,14,0,0,6,14,0,0,0,0,344,2,7
"La Liga","2024-08-29","La Liga (Matchweek 3)","Las Palmas","4-1-4-1",1,0.8,"Alberto Moleiro · 5&rsquor;","0","0","Real Madrid","4-2-3-1",1,2.5,"Vinicius Júnior (P) · 69&rsquor;","2","0","https://fbref.com/en/matches/173a87bb/Las-Palmas-Real-Madrid-August-29-2024-La-Liga","Las Palmas","Home",NA,990,455,413,41,12,2,2,14,11,2,2,0,0,376,1,4
"La Liga","2024-08-29","La Liga (Matchweek 3)","Las Palmas","4-1-4-1",1,0.8,"Alberto Moleiro · 5&rsquor;","0","0","Real Madrid","4-2-3-1",1,2.5,"Vinicius Júnior (P) · 69&rsquor;","2","0","https://fbref.com/en/matches/173a87bb/Las-Palmas-Real-Madrid-August-29-2024-La-Liga","Real Madrid","Away",NA,990,593,543,50,16,1,7,18,23,6,3,2,0,509,0,9
"La Liga","2024-08-31","La Liga (Matchweek 4)","Barcelona","4-3-3",7,4.7,"Raphinha · 20&rsquor; Robert Lewandowski · 24&rsquor; Jules Koundé · 45+2&rsquor; Raphinha · 64&rsquor; Raphinha · 72&rsquor; Dani Olmo · 82&rsquor; Ferrán Torres · 85&rsquor;","0","0","Valladolid","4-1-4-1",0,0.5,"","3","0","https://fbref.com/en/matches/3ed1b8ff/Barcelona-Valladolid-August-31-2024-La-Liga","Barcelona","Home",NA,990,636,589,43,15,8,4,17,15,10,1,6,0,571,4,5
"La Liga","2024-08-31","La Liga (Matchweek 4)","Barcelona","4-3-3",7,4.7,"Raphinha · 20&rsquor; Robert Lewandowski · 24&rsquor; Jules Koundé · 45+2&rsquor; Raphinha · 64&rsquor; Raphinha · 72&rsquor; Dani Olmo · 82&rsquor; Ferrán Torres · 85&rsquor;","0","0","Valladolid","4-1-4-1",0,0.5,"","3","0","https://fbref.com/en/matches/3ed1b8ff/Barcelona-Valladolid-August-31-2024-La-Liga","Valladolid","Away",NA,990,267,232,31,10,1,7,6,4,1,0,1,0,205,4,4
"La Liga","2024-08-31","La Liga (Matchweek 4)","Athletic Club","4-2-3-1",0,0.3,"","3","0","Atlético Madrid","3-4-3",1,1.7,"Ángel Correa · 90+2&rsquor;","1","0","https://fbref.com/en/matches/d554e8b9/Athletic-Club-Atletico-Madrid-August-31-2024-La-Liga","Athletic Club","Home",NA,990,631,588,42,11,2,2,20,19,2,0,1,0,531,1,8
"La Liga","2024-08-31","La Liga (Matchweek 4)","Athletic Club","4-2-3-1",0,0.3,"","3","0","Atlético Madrid","3-4-3",1,1.7,"Ángel Correa · 90+2&rsquor;","1","0","https://fbref.com/en/matches/d554e8b9/Athletic-Club-Atletico-Madrid-August-31-2024-La-Liga","Atlético Madrid","Away",NA,990,557,511,44,14,1,6,10,16,2,0,1,0,462,2,8
"La Liga","2024-08-31","La Liga (Matchweek 4)","Espanyol","4-4-2",2,1.6,"Carlos Romero · 8&rsquor; Alejo Véliz · 90+6&rsquor;","3","0","Rayo Vallecano","4-4-2",1,1.3,"Álvaro García · 4&rsquor;","2","0","https://fbref.com/en/matches/02bfae4e/Espanyol-Rayo-Vallecano-August-31-2024-La-Liga","Espanyol","Home",NA,990,395,344,51,18,3,3,14,19,3,1,2,0,300,0,9
"La Liga","2024-08-31","La Liga (Matchweek 4)","Espanyol","4-4-2",2,1.6,"Carlos Romero · 8&rsquor; Alejo Véliz · 90+6&rsquor;","3","0","Rayo Vallecano","4-4-2",1,1.3,"Álvaro García · 4&rsquor;","2","0","https://fbref.com/en/matches/02bfae4e/Espanyol-Rayo-Vallecano-August-31-2024-La-Liga","Rayo Vallecano","Away",NA,990,445,390,53,12,3,0,26,23,7,3,3,0,347,2,11
"La Liga","2024-08-31","La Liga (Matchweek 4)","Leganés","4-2-3-1",0,0.3,"","1","0","Mallorca","4-2-3-1",1,1,"Dani Rodríguez · 43&rsquor;","3","0","https://fbref.com/en/matches/2053d836/Leganes-Mallorca-August-31-2024-La-Liga","Leganés","Home",NA,990,508,465,40,17,1,9,17,13,1,0,1,0,405,3,6
"La Liga","2024-08-31","La Liga (Matchweek 4)","Leganés","4-2-3-1",0,0.3,"","1","0","Mallorca","4-2-3-1",1,1,"Dani Rodríguez · 43&rsquor;","3","0","https://fbref.com/en/matches/2053d836/Leganes-Mallorca-August-31-2024-La-Liga","Mallorca","Away",NA,990,441,393,48,14,2,3,24,22,3,2,1,0,344,0,10
"La Liga","2024-08-31","La Liga (Matchweek 4)","Valencia","4-4-2",1,1.1,"Hugo Duro · 24&rsquor;","3","0","Villarreal","4-4-2",1,0.5,"Ayoze Pérez · 45+3&rsquor; Pape Gueye · 68&rsquor;","6","1","https://fbref.com/en/matches/e79d506b/Valencia-Villarreal-August-31-2024-La-Liga","Valencia","Home",NA,990,549,494,54,12,1,5,44,20,14,4,7,0,450,1,15
"La Liga","2024-08-31","La Liga (Matchweek 4)","Valencia","4-4-2",1,1.1,"Hugo Duro · 24&rsquor;","3","0","Villarreal","4-4-2",1,0.5,"Ayoze Pérez · 45+3&rsquor; Pape Gueye · 68&rsquor;","6","1","https://fbref.com/en/matches/e79d506b/Valencia-Villarreal-August-31-2024-La-Liga","Villarreal","Away",NA,967,396,351,44,16,2,6,11,11,3,2,1,0,321,1,8
"La Liga","2024-09-01","La Liga (Matchweek 4)","Alavés","4-4-2",2,2,"Carlos Vicente · 7&rsquor; Toni Martínez · 78&rsquor;","3","0","Las Palmas","4-5-1",0,0.7,"","0","0","https://fbref.com/en/matches/572463cb/Alaves-Las-Palmas-September-1-2024-La-Liga","Alavés","Home",NA,990,276,235,40,7,1,2,16,18,6,3,2,1,190,1,7
"La Liga","2024-09-01","La Liga (Matchweek 4)","Alavés","4-4-2",2,2,"Carlos Vicente · 7&rsquor; Toni Martínez · 78&rsquor;","3","0","Las Palmas","4-5-1",0,0.7,"","0","0","https://fbref.com/en/matches/572463cb/Alaves-Las-Palmas-September-1-2024-La-Liga","Las Palmas","Away",NA,990,647,597,50,13,1,4,18,20,5,1,3,0,551,0,8
"La Liga","2024-09-01","La Liga (Matchweek 4)","Osasuna","4-1-4-1",3,0.9,"Enzo Boyomo · 21&rsquor; Carlos Dominguez (OG) · 45&rsquor; Abel · 62&rsquor;","2","0","Celta Vigo","3-4-3",2,1.7,"Borja Iglesias · 29&rsquor; Alfon · 86&rsquor; Moi Gómez (OG) · 90+1&rsquor;","0","1","https://fbref.com/en/matches/7aa26780/Osasuna-Celta-Vigo-September-1-2024-La-Liga","Osasuna","Home",NA,990,489,444,42,13,1,7,21,13,6,4,0,0,396,3,5
"La Liga","2024-09-01","La Liga (Matchweek 4)","Osasuna","4-1-4-1",3,0.9,"Enzo Boyomo · 21&rsquor; Carlos Dominguez (OG) · 45&rsquor; Abel · 62&rsquor;","2","0","Celta Vigo","3-4-3",2,1.7,"Borja Iglesias · 29&rsquor; Alfon · 86&rsquor; Moi Gómez (OG) · 90+1&rsquor;","0","1","https://fbref.com/en/matches/7aa26780/Osasuna-Celta-Vigo-September-1-2024-La-Liga","Celta Vigo","Away",NA,985,495,440,52,19,2,4,9,21,3,0,3,0,403,3,15
"La Liga","2024-09-01","La Liga (Matchweek 4)","Sevilla","4-2-3-1",0,0.9,"","3","0","Girona","4-3-3",2,1.9,"Iván Martín · 41&rsquor; Abel Ruiz (P) · 73&rsquor;","2","0","https://fbref.com/en/matches/50cdc0c9/Sevilla-Girona-September-1-2024-La-Liga","Sevilla","Home",NA,990,476,419,53,12,1,0,13,25,7,0,5,0,395,4,12
"La Liga","2024-09-01","La Liga (Matchweek 4)","Sevilla","4-2-3-1",0,0.9,"","3","0","Girona","4-3-3",2,1.9,"Iván Martín · 41&rsquor; Abel Ruiz (P) · 73&rsquor;","2","0","https://fbref.com/en/matches/50cdc0c9/Sevilla-Girona-September-1-2024-La-Liga","Girona","Away",NA,990,478,436,42,9,0,1,19,21,5,1,4,0,412,0,8
"La Liga","2024-09-01","La Liga (Matchweek 4)","Getafe","4-2-3-1",0,0.6,"","1","0","Real Sociedad","4-4-1-1",0,0,"","1","0","https://fbref.com/en/matches/5a140caa/Getafe-Real-Sociedad-September-1-2024-La-Liga","Getafe","Home",NA,990,398,342,54,15,0,6,23,30,4,3,0,0,257,2,6
"La Liga","2024-09-01","La Liga (Matchweek 4)","Getafe","4-2-3-1",0,0.6,"","1","0","Real Sociedad","4-4-1-1",0,0,"","1","0","https://fbref.com/en/matches/5a140caa/Getafe-Real-Sociedad-September-1-2024-La-Liga","Real Sociedad","Away",NA,990,359,296,62,15,0,1,9,31,1,1,0,0,227,1,5
"La Liga","2024-09-01","La Liga (Matchweek 4)","Real Madrid","4-3-3",2,2.4,"Kylian Mbappé · 67&rsquor; Kylian Mbappé (P) · 75&rsquor;","2","0","Real Betis","4-2-3-1",0,0.6,"","0","0","https://fbref.com/en/matches/f8b3c447/Real-Madrid-Real-Betis-September-1-2024-La-Liga","Real Madrid","Home",NA,990,662,608,53,18,3,4,21,22,7,2,3,1,585,1,13
"La Liga","2024-09-01","La Liga (Matchweek 4)","Real Madrid","4-3-3",2,2.4,"Kylian Mbappé · 67&rsquor; Kylian Mbappé (P) · 75&rsquor;","2","0","Real Betis","4-2-3-1",0,0.6,"","0","0","https://fbref.com/en/matches/f8b3c447/Real-Madrid-Real-Betis-September-1-2024-La-Liga","Real Betis","Away",NA,990,449,412,35,10,0,2,9,13,3,1,1,0,373,2,8
"La Liga","2024-09-13","La Liga (Matchweek 5)","Real Betis","4-2-3-1",2,2.1,"Abde Ezzalzouli · 74&rsquor; Vitor Roque · 86&rsquor;","1","0","Leganés","4-2-3-1",0,0.1,"","2","0","https://fbref.com/en/matches/3c660029/Real-Betis-Leganes-September-13-2024-La-Liga","Real Betis","Home",NA,1019,659,606,51,18,1,5,25,16,11,5,3,0,559,2,9
"La Liga","2024-09-13","La Liga (Matchweek 5)","Real Betis","4-2-3-1",2,2.1,"Abde Ezzalzouli · 74&rsquor; Vitor Roque · 86&rsquor;","1","0","Leganés","4-2-3-1",0,0.1,"","2","0","https://fbref.com/en/matches/3c660029/Real-Betis-Leganes-September-13-2024-La-Liga","Leganés","Away",NA,990,372,335,36,13,0,1,7,7,1,1,0,0,274,1,8
"La Liga","2024-09-14","La Liga (Matchweek 5)","Mallorca","4-2-3-1",1,0.3,"Raúl Albiol (OG) · 57&rsquor; Toni Lato · 69&rsquor;","3","1","Villarreal","4-4-2",2,1.8,"Logan Costa · 27&rsquor; Ayoze Pérez · 90+4&rsquor;","3","0","https://fbref.com/en/matches/4f2bd132/Mallorca-Villarreal-September-14-2024-La-Liga","Mallorca","Home",NA,968,493,444,47,11,0,3,31,13,7,3,4,0,381,2,10
"La Liga","2024-09-14","La Liga (Matchweek 5)","Mallorca","4-2-3-1",1,0.3,"Raúl Albiol (OG) · 57&rsquor; Toni Lato · 69&rsquor;","3","1","Villarreal","4-4-2",2,1.8,"Logan Costa · 27&rsquor; Ayoze Pérez · 90+4&rsquor;","3","0","https://fbref.com/en/matches/4f2bd132/Mallorca-Villarreal-September-14-2024-La-Liga","Villarreal","Away",NA,990,432,381,50,13,1,3,17,22,6,2,1,0,346,1,8
"La Liga","2024-09-14","La Liga (Matchweek 5)","Espanyol","4-4-2",3,1.6,"Javi Puado · 21&rsquor; Javi Puado · 56&rsquor; Javi Puado (P) · 63&rsquor;","2","0","Alavés","4-2-3-1",2,1.9,"Tomás Conechny · 35&rsquor; Nahuel Tenaglia · 68&rsquor;","3","0","https://fbref.com/en/matches/28cd11c2/Espanyol-Alaves-September-14-2024-La-Liga","Espanyol","Home",NA,990,308,259,46,13,1,3,11,20,0,0,0,0,225,3,1
"La Liga","2024-09-14","La Liga (Matchweek 5)","Espanyol","4-4-2",3,1.6,"Javi Puado · 21&rsquor; Javi Puado · 56&rsquor; Javi Puado (P) · 63&rsquor;","2","0","Alavés","4-2-3-1",2,1.9,"Tomás Conechny · 35&rsquor; Nahuel Tenaglia · 68&rsquor;","3","0","https://fbref.com/en/matches/28cd11c2/Espanyol-Alaves-September-14-2024-La-Liga","Alavés","Away",NA,990,488,434,54,18,1,6,37,21,5,1,3,1,368,0,14
"La Liga","2024-09-14","La Liga (Matchweek 5)","Sevilla","3-4-3",1,1.4,"Jesús Navas · 23&rsquor; Juanlu Sánchez · 87&rsquor;","4","1","Getafe","4-4-2",0,1,"","4","0","https://fbref.com/en/matches/a214487d/Sevilla-Getafe-September-14-2024-La-Liga","Sevilla","Home",NA,986,467,421,45,17,0,1,9,14,3,2,0,0,370,1,7
"La Liga","2024-09-14","La Liga (Matchweek 5)","Sevilla","3-4-3",1,1.4,"Jesús Navas · 23&rsquor; Juanlu Sánchez · 87&rsquor;","4","1","Getafe","4-4-2",0,1,"","4","0","https://fbref.com/en/matches/a214487d/Sevilla-Getafe-September-14-2024-La-Liga","Getafe","Away",NA,990,316,264,50,19,0,4,25,19,4,2,2,0,208,2,7
"La Liga","2024-09-14","La Liga (Matchweek 5)","Real Sociedad","4-5-1",0,1.1,"","4","0","Real Madrid","4-2-3-1",2,2.3,"Vinicius Júnior (P) · 58&rsquor; Kylian Mbappé (P) · 75&rsquor;","1","0","https://fbref.com/en/matches/50a17164/Real-Sociedad-Real-Madrid-September-14-2024-La-Liga","Real Sociedad","Home",NA,990,489,451,36,9,1,6,16,16,6,1,4,0,413,2,9
"La Liga","2024-09-14","La Liga (Matchweek 5)","Real Sociedad","4-5-1",0,1.1,"","4","0","Real Madrid","4-2-3-1",2,2.3,"Vinicius Júnior (P) · 58&rsquor; Kylian Mbappé (P) · 75&rsquor;","1","0","https://fbref.com/en/matches/50a17164/Real-Sociedad-Real-Madrid-September-14-2024-La-Liga","Real Madrid","Away",NA,990,528,482,45,11,0,4,12,16,6,1,2,0,459,1,6
"La Liga","2024-09-15","La Liga (Matchweek 5)","Celta Vigo","3-4-3",3,1.8,"Hugo Álvarez · 22&rsquor; Borja Iglesias · 35&rsquor; Anastasios Douvikas · 90+1&rsquor;","3","0","Valladolid","5-3-2",1,0.5,"Raúl Moro · 50&rsquor; Mario Martín · 81&rsquor;","5","1","https://fbref.com/en/matches/72aa5092/Celta-Vigo-Valladolid-September-15-2024-La-Liga","Celta Vigo","Home",NA,990,532,477,52,16,2,3,8,26,5,0,3,0,455,3,12
"La Liga","2024-09-15","La Liga (Matchweek 5)","Celta Vigo","3-4-3",3,1.8,"Hugo Álvarez · 22&rsquor; Borja Iglesias · 35&rsquor; Anastasios Douvikas · 90+1&rsquor;","3","0","Valladolid","5-3-2",1,0.5,"Raúl Moro · 50&rsquor; Mario Martín · 81&rsquor;","5","1","https://fbref.com/en/matches/72aa5092/Celta-Vigo-Valladolid-September-15-2024-La-Liga","Valladolid","Away",NA,980,446,401,44,17,1,1,16,17,3,1,1,0,368,1,7
"La Liga","2024-09-15","La Liga (Matchweek 5)","Girona","4-2-3-1",1,1.3,"Cristhian Stuani · 80&rsquor;","3","0","Barcelona","4-2-3-1",4,1.9,"Lamine Yamal · 30&rsquor; Lamine Yamal · 37&rsquor; Dani Olmo · 47&rsquor; Pedri · 64&rsquor; Ferrán Torres · 86&rsquor;","2","1","https://fbref.com/en/matches/f166ffc9/Girona-Barcelona-September-15-2024-La-Liga","Girona","Home",NA,990,427,383,37,4,0,3,12,13,1,0,0,0,362,7,9
"La Liga","2024-09-15","La Liga (Matchweek 5)","Girona","4-2-3-1",1,1.3,"Cristhian Stuani · 80&rsquor;","3","0","Barcelona","4-2-3-1",4,1.9,"Lamine Yamal · 30&rsquor; Lamine Yamal · 37&rsquor; Dani Olmo · 47&rsquor; Pedri · 64&rsquor; Ferrán Torres · 86&rsquor;","2","1","https://fbref.com/en/matches/f166ffc9/Girona-Barcelona-September-15-2024-La-Liga","Barcelona","Away",NA,985,522,466,56,20,3,1,19,23,6,1,4,0,443,0,15
"La Liga","2024-09-15","La Liga (Matchweek 5)","Las Palmas","4-5-1",2,1.4,"Sandro Ramírez · 58&rsquor; Álex Muñoz · 83&rsquor;","1","0","Athletic Club","4-2-3-1",3,1.7,"Oihan Sancet · 7&rsquor; Nico Williams · 30&rsquor; Mikel Jauregizar · 56&rsquor; Aitor Paredes · 76&rsquor;","2","1","https://fbref.com/en/matches/defd20c7/Las-Palmas-Athletic-Club-September-15-2024-La-Liga","Las Palmas","Home",NA,990,655,606,49,11,0,2,32,20,9,2,5,0,525,0,15
"La Liga","2024-09-15","La Liga (Matchweek 5)","Las Palmas","4-5-1",2,1.4,"Sandro Ramírez · 58&rsquor; Álex Muñoz · 83&rsquor;","1","0","Athletic Club","4-2-3-1",3,1.7,"Oihan Sancet · 7&rsquor; Nico Williams · 30&rsquor; Mikel Jauregizar · 56&rsquor; Aitor Paredes · 76&rsquor;","2","1","https://fbref.com/en/matches/defd20c7/Las-Palmas-Athletic-Club-September-15-2024-La-Liga","Athletic Club","Away",NA,955,372,325,46,8,1,5,13,23,3,2,0,0,253,1,8
"La Liga","2024-09-15","La Liga (Matchweek 5)","Atlético Madrid","5-3-2",3,3.1,"Conor Gallagher · 39&rsquor; Antoine Griezmann · 54&rsquor; Julián Álvarez · 90+4&rsquor;","1","0","Valencia","4-4-2",0,0.1,"","2","0","https://fbref.com/en/matches/e1e5325c/Atletico-Madrid-Valencia-September-15-2024-La-Liga","Atlético Madrid","Home",NA,990,572,518,53,10,2,4,28,25,7,2,2,0,479,1,12
"La Liga","2024-09-15","La Liga (Matchweek 5)","Atlético Madrid","5-3-2",3,3.1,"Conor Gallagher · 39&rsquor; Antoine Griezmann · 54&rsquor; Julián Álvarez · 90+4&rsquor;","1","0","Valencia","4-4-2",0,0.1,"","2","0","https://fbref.com/en/matches/e1e5325c/Atletico-Madrid-Valencia-September-15-2024-La-Liga","Valencia","Away",NA,990,507,455,50,11,0,6,16,20,3,1,1,0,409,2,16
"La Liga","2024-09-16","La Liga (Matchweek 5)","Rayo Vallecano","4-2-3-1",3,1.6,"Abdul Mumin · 50&rsquor; Andrei Ratiu · 66&rsquor; Unai López · 90+5&rsquor;","3","0","Osasuna","4-3-3",1,0.3,"Raúl · 27&rsquor;","2","0","https://fbref.com/en/matches/b5605cb6/Rayo-Vallecano-Osasuna-September-16-2024-La-Liga","Rayo Vallecano","Home",NA,990,547,485,59,14,0,5,28,27,7,3,4,0,416,3,16
"La Liga","2024-09-16","La Liga (Matchweek 5)","Rayo Vallecano","4-2-3-1",3,1.6,"Abdul Mumin · 50&rsquor; Andrei Ratiu · 66&rsquor; Unai López · 90+5&rsquor;","3","0","Osasuna","4-3-3",1,0.3,"Raúl · 27&rsquor;","2","0","https://fbref.com/en/matches/b5605cb6/Rayo-Vallecano-Osasuna-September-16-2024-La-Liga","Osasuna","Away",NA,990,290,230,60,15,0,1,12,24,4,3,1,0,170,0,9
"La Liga","2024-09-17","La Liga (Matchweek 7)","Mallorca","4-2-3-1",1,1.2,"Abdón Prats (P) · 36&rsquor;","1","0","Real Sociedad","4-1-4-1",0,0.6,"","1","0","https://fbref.com/en/matches/6ced9ec5/Mallorca-Real-Sociedad-September-17-2024-La-Liga","Mallorca","Home",NA,990,392,353,36,10,1,1,14,11,5,1,3,1,293,3,3
"La Liga","2024-09-17","La Liga (Matchweek 7)","Mallorca","4-2-3-1",1,1.2,"Abdón Prats (P) · 36&rsquor;","1","0","Real Sociedad","4-1-4-1",0,0.6,"","1","0","https://fbref.com/en/matches/6ced9ec5/Mallorca-Real-Sociedad-September-17-2024-La-Liga","Real Sociedad","Away",NA,990,576,533,42,8,1,4,16,18,5,2,0,0,468,1,9
"La Liga","2024-09-18","La Liga (Matchweek 3)","Real Betis","4-2-3-1",2,2.6,"Giovani Lo Celso (P) · 61&rsquor; Giovani Lo Celso · 74&rsquor;","3","0","Getafe","4-2-3-1",1,0.6,"Mauro Arambarri · 90+3&rsquor;","5","0","https://fbref.com/en/matches/d2722540/Real-Betis-Getafe-September-18-2024-La-Liga","Real Betis","Home",NA,990,550,490,60,20,3,2,20,21,8,3,2,0,429,0,14
"La Liga","2024-09-18","La Liga (Matchweek 3)","Real Betis","4-2-3-1",2,2.6,"Giovani Lo Celso (P) · 61&rsquor; Giovani Lo Celso · 74&rsquor;","3","0","Getafe","4-2-3-1",1,0.6,"Mauro Arambarri · 90+3&rsquor;","5","0","https://fbref.com/en/matches/d2722540/Real-Betis-Getafe-September-18-2024-La-Liga","Getafe","Away",NA,990,295,248,45,10,0,1,21,20,4,1,3,0,197,2,8
"La Liga","2024-09-19","La Liga (Matchweek 7)","Leganés","5-3-2",0,0.9,"","3","0","Athletic Club","4-2-3-1",2,1.3,"Daniel Vivian · 65&rsquor; Iñaki Williams · 75&rsquor;","0","0","https://fbref.com/en/matches/613f75be/Leganes-Athletic-Club-September-19-2024-La-Liga","Leganés","Home",NA,990,477,419,54,13,3,2,17,28,4,2,1,0,363,4,5
"La Liga","2024-09-19","La Liga (Matchweek 7)","Leganés","5-3-2",0,0.9,"","3","0","Athletic Club","4-2-3-1",2,1.3,"Daniel Vivian · 65&rsquor; Iñaki Williams · 75&rsquor;","0","0","https://fbref.com/en/matches/613f75be/Leganes-Athletic-Club-September-19-2024-La-Liga","Athletic Club","Away",NA,990,515,456,56,16,0,5,24,25,7,4,1,0,416,3,13
"La Liga","2024-09-20","La Liga (Matchweek 6)","Alavés","4-2-3-1",2,1.1,"Carlos Vicente · 17&rsquor; Carlos Martín · 60&rsquor;","1","0","Sevilla","4-3-3",1,0.5,"Dodi Lukebakio · 83&rsquor;","4","0","https://fbref.com/en/matches/f32a65e4/Alaves-Sevilla-September-20-2024-La-Liga","Alavés","Home",NA,990,295,243,51,17,0,3,12,18,3,1,1,0,178,1,10
"La Liga","2024-09-20","La Liga (Matchweek 6)","Alavés","4-2-3-1",2,1.1,"Carlos Vicente · 17&rsquor; Carlos Martín · 60&rsquor;","1","0","Sevilla","4-3-3",1,0.5,"Dodi Lukebakio · 83&rsquor;","4","0","https://fbref.com/en/matches/f32a65e4/Alaves-Sevilla-September-20-2024-La-Liga","Sevilla","Away",NA,990,553,499,52,12,2,7,17,26,5,2,0,0,453,2,10
"La Liga","2024-09-21","La Liga (Matchweek 6)","Valladolid","4-2-3-1",0,1,"","4","0","Real Sociedad","4-1-2-1-2",0,1.4,"","4","0","https://fbref.com/en/matches/cddbefd1/Valladolid-Real-Sociedad-September-21-2024-La-Liga","Valladolid","Home",NA,990,320,267,53,14,0,4,25,25,5,3,0,0,222,0,6
"La Liga","2024-09-21","La Liga (Matchweek 6)","Valladolid","4-2-3-1",0,1,"","4","0","Real Sociedad","4-1-2-1-2",0,1.4,"","4","0","https://fbref.com/en/matches/cddbefd1/Valladolid-Real-Sociedad-September-21-2024-La-Liga","Real Sociedad","Away",NA,990,576,521,52,15,2,2,23,21,7,5,1,0,471,3,8
"La Liga","2024-09-21","La Liga (Matchweek 6)","Osasuna","4-1-4-1",2,1.9,"Ante Budimir (P) · 39&rsquor; Aimar Oroz · 60&rsquor;","2","0","Las Palmas","4-5-1",1,0.8,"Alberto Moleiro · 41&rsquor;","5","0","https://fbref.com/en/matches/9c8b0304/Osasuna-Las-Palmas-September-21-2024-La-Liga","Osasuna","Home",NA,990,363,309,51,13,1,1,21,26,2,0,0,0,260,3,7
"La Liga","2024-09-21","La Liga (Matchweek 6)","Osasuna","4-1-4-1",2,1.9,"Ante Budimir (P) · 39&rsquor; Aimar Oroz · 60&rsquor;","2","0","Las Palmas","4-5-1",1,0.8,"Alberto Moleiro · 41&rsquor;","5","0","https://fbref.com/en/matches/9c8b0304/Osasuna-Las-Palmas-September-21-2024-La-Liga","Las Palmas","Away",NA,990,535,477,55,18,4,1,17,20,4,3,0,0,428,3,8
"La Liga","2024-09-21","La Liga (Matchweek 6)","Valencia","4-2-3-1",2,0.4,"Luis Rioja · 56&rsquor; Dani Gómez · 58&rsquor;","3","0","Girona","4-4-2",0,0.4,"","2","0","https://fbref.com/en/matches/131899cd/Valencia-Girona-September-21-2024-La-Liga","Valencia","Home",NA,990,321,276,44,12,1,0,15,19,5,4,1,0,224,1,12
"La Liga","2024-09-21","La Liga (Matchweek 6)","Valencia","4-2-3-1",2,0.4,"Luis Rioja · 56&rsquor; Dani Gómez · 58&rsquor;","3","0","Girona","4-4-2",0,0.4,"","2","0","https://fbref.com/en/matches/131899cd/Valencia-Girona-September-21-2024-La-Liga","Girona","Away",NA,990,660,607,51,14,5,8,18,27,4,2,2,0,573,2,12
"La Liga","2024-09-21","La Liga (Matchweek 6)","Real Madrid","4-3-3",4,4.4,"Dani Carvajal · 58&rsquor; Rodrygo · 75&rsquor; Vinicius Júnior · 78&rsquor; Kylian Mbappé (P) · 90&rsquor;","4","0","Espanyol","5-3-2",1,0.3,"Thibaut Courtois (OG) · 54&rsquor;","3","0","https://fbref.com/en/matches/a46e38e7/Real-Madrid-Espanyol-September-21-2024-La-Liga","Real Madrid","Home",NA,990,742,701,39,5,4,7,18,16,9,6,2,0,663,2,15
"La Liga","2024-09-21","La Liga (Matchweek 6)","Real Madrid","4-3-3",4,4.4,"Dani Carvajal · 58&rsquor; Rodrygo · 75&rsquor; Vinicius Júnior · 78&rsquor; Kylian Mbappé (P) · 90&rsquor;","4","0","Espanyol","5-3-2",1,0.3,"Thibaut Courtois (OG) · 54&rsquor;","3","0","https://fbref.com/en/matches/a46e38e7/Real-Madrid-Espanyol-September-21-2024-La-Liga","Espanyol","Away",NA,990,280,238,41,9,0,4,6,11,4,0,3,0,193,1,11
"La Liga","2024-09-22","La Liga (Matchweek 6)","Getafe","5-3-2",1,1.5,"Borja Mayoral (P) · 83&rsquor;","3","0","Leganés","3-4-3",1,0.6,"Jorge Sáenz · 76&rsquor;","2","0","https://fbref.com/en/matches/f5dbb50d/Getafe-Leganes-September-22-2024-La-Liga","Getafe","Home",NA,990,485,419,66,16,1,5,26,36,6,1,4,0,345,0,10
"La Liga","2024-09-22","La Liga (Matchweek 6)","Getafe","5-3-2",1,1.5,"Borja Mayoral (P) · 83&rsquor;","3","0","Leganés","3-4-3",1,0.6,"Jorge Sáenz · 76&rsquor;","2","0","https://fbref.com/en/matches/f5dbb50d/Getafe-Leganes-September-22-2024-La-Liga","Leganés","Away",NA,990,339,283,55,14,1,2,11,27,2,2,0,0,207,1,6
"La Liga","2024-09-22","La Liga (Matchweek 6)","Athletic Club","4-2-3-1",3,0.7,"Gorka Guruzeta · 4&rsquor; Gorka Guruzeta · 39&rsquor; Álvaro djaló · 80&rsquor;","3","0","Celta Vigo","3-4-3",1,1.3,"Iago Aspas (P) · 25&rsquor;","2","0","https://fbref.com/en/matches/d67421c6/Athletic-Club-Celta-Vigo-September-22-2024-La-Liga","Athletic Club","Home",NA,990,339,298,40,13,2,1,12,18,3,0,1,0,271,1,5
"La Liga","2024-09-22","La Liga (Matchweek 6)","Athletic Club","4-2-3-1",3,0.7,"Gorka Guruzeta · 4&rsquor; Gorka Guruzeta · 39&rsquor; Álvaro djaló · 80&rsquor;","3","0","Celta Vigo","3-4-3",1,1.3,"Iago Aspas (P) · 25&rsquor;","2","0","https://fbref.com/en/matches/d67421c6/Athletic-Club-Celta-Vigo-September-22-2024-La-Liga","Celta Vigo","Away",NA,990,691,639,50,16,3,7,19,20,6,0,5,0,595,2,5
"La Liga","2024-09-22","La Liga (Matchweek 6)","Villarreal","4-4-2",1,2.2,"Ayoze Pérez · 38&rsquor;","6","0","Barcelona","4-3-3",5,3.9,"Robert Lewandowski · 20&rsquor; Robert Lewandowski · 35&rsquor; Pablo Torre · 58&rsquor; Raphinha · 74&rsquor; Raphinha · 83&rsquor;","1","0","https://fbref.com/en/matches/79c38937/Villarreal-Barcelona-September-22-2024-La-Liga","Villarreal","Home",NA,990,371,318,46,12,4,8,16,17,7,3,3,0,289,7,3
"La Liga","2024-09-22","La Liga (Matchweek 6)","Villarreal","4-4-2",1,2.2,"Ayoze Pérez · 38&rsquor;","6","0","Barcelona","4-3-3",5,3.9,"Robert Lewandowski · 20&rsquor; Robert Lewandowski · 35&rsquor; Pablo Torre · 58&rsquor; Raphinha · 74&rsquor; Raphinha · 83&rsquor;","1","0","https://fbref.com/en/matches/79c38937/Villarreal-Barcelona-September-22-2024-La-Liga","Barcelona","Away",NA,990,644,600,44,17,4,6,17,11,3,2,0,0,575,0,10
"La Liga","2024-09-22","La Liga (Matchweek 6)","Rayo Vallecano","4-2-3-1",1,1.7,"Isaac Palazón Camacho · 35&rsquor;","0","0","Atlético Madrid","5-3-2",1,0.5,"Conor Gallagher · 49&rsquor;","0","0","https://fbref.com/en/matches/75fab2fb/Rayo-Vallecano-Atletico-Madrid-September-22-2024-La-Liga","Rayo Vallecano","Home",NA,990,558,519,39,10,2,3,17,20,3,1,0,0,442,0,9
"La Liga","2024-09-22","La Liga (Matchweek 6)","Rayo Vallecano","4-2-3-1",1,1.7,"Isaac Palazón Camacho · 35&rsquor;","0","0","Atlético Madrid","5-3-2",1,0.5,"Conor Gallagher · 49&rsquor;","0","0","https://fbref.com/en/matches/75fab2fb/Rayo-Vallecano-Atletico-Madrid-September-22-2024-La-Liga","Atlético Madrid","Away",NA,990,473,423,50,9,0,4,10,23,4,0,2,0,364,0,4
"La Liga","2024-09-23","La Liga (Matchweek 6)","Real Betis","4-2-3-1",1,1,"Giovani Lo Celso · 7&rsquor;","3","0","Mallorca","4-2-3-1",2,1,"Dani Rodríguez · 8&rsquor; Valery Fernández · 90+3&rsquor;","3","0","https://fbref.com/en/matches/c7505bdc/Real-Betis-Mallorca-September-23-2024-La-Liga","Real Betis","Home",NA,990,639,583,55,17,1,6,26,27,6,4,1,0,554,1,10
"La Liga","2024-09-23","La Liga (Matchweek 6)","Real Betis","4-2-3-1",1,1,"Giovani Lo Celso · 7&rsquor;","3","0","Mallorca","4-2-3-1",2,1,"Dani Rodríguez · 8&rsquor; Valery Fernández · 90+3&rsquor;","3","0","https://fbref.com/en/matches/c7505bdc/Real-Betis-Mallorca-September-23-2024-La-Liga","Mallorca","Away",NA,990,405,358,44,12,0,2,11,21,3,0,3,0,321,3,6
"La Liga","2024-09-24","La Liga (Matchweek 7)","Sevilla","4-2-3-1",2,2.1,"David Torres (OG) · 45&rsquor; Chidera Ejuke · 85&rsquor; Marcão · 90&rsquor;","6","1","Valladolid","4-3-3",1,0.7,"Kike Pérez · 56&rsquor;","4","0","https://fbref.com/en/matches/3ee384b4/Sevilla-Valladolid-September-24-2024-La-Liga","Sevilla","Home",NA,989,420,361,57,16,0,2,21,27,6,4,0,0,331,2,8
"La Liga","2024-09-24","La Liga (Matchweek 7)","Sevilla","4-2-3-1",2,2.1,"David Torres (OG) · 45&rsquor; Chidera Ejuke · 85&rsquor; Marcão · 90&rsquor;","6","1","Valladolid","4-3-3",1,0.7,"Kike Pérez · 56&rsquor;","4","0","https://fbref.com/en/matches/3ee384b4/Sevilla-Valladolid-September-24-2024-La-Liga","Valladolid","Away",NA,990,354,295,55,15,0,4,16,24,4,1,3,0,263,4,8
"La Liga","2024-09-24","La Liga (Matchweek 7)","Valencia","4-4-2",0,0.7,"","2","0","Osasuna","4-3-3",0,0.5,"","3","0","https://fbref.com/en/matches/b979258f/Valencia-Osasuna-September-24-2024-La-Liga","Valencia","Home",NA,990,449,390,54,13,0,3,25,26,10,2,5,0,331,5,16
"La Liga","2024-09-24","La Liga (Matchweek 7)","Valencia","4-4-2",0,0.7,"","2","0","Osasuna","4-3-3",0,0.5,"","3","0","https://fbref.com/en/matches/b979258f/Valencia-Osasuna-September-24-2024-La-Liga","Osasuna","Away",NA,990,416,360,54,11,0,5,24,28,5,2,2,0,302,2,14
"La Liga","2024-09-24","La Liga (Matchweek 7)","Real Madrid","4-3-3",3,1.3,"Lucas Vázquez · 1&rsquor; Kylian Mbappé · 40&rsquor; Rodrygo · 48&rsquor;","4","0","Alavés","4-4-2",2,0.9,"Carlos Benavídez · 85&rsquor; Kiké · 86&rsquor;","0","0","https://fbref.com/en/matches/618988b7/Real-Madrid-Alaves-September-24-2024-La-Liga","Real Madrid","Home",NA,990,767,724,41,10,1,7,7,16,4,2,2,0,698,2,8
"La Liga","2024-09-24","La Liga (Matchweek 7)","Real Madrid","4-3-3",3,1.3,"Lucas Vázquez · 1&rsquor; Kylian Mbappé · 40&rsquor; Rodrygo · 48&rsquor;","4","0","Alavés","4-4-2",2,0.9,"Carlos Benavídez · 85&rsquor; Kiké · 86&rsquor;","0","0","https://fbref.com/en/matches/618988b7/Real-Madrid-Alaves-September-24-2024-La-Liga","Alavés","Away",NA,990,362,318,43,8,0,4,17,18,4,2,1,0,269,1,10
"La Liga","2024-09-25","La Liga (Matchweek 7)","Girona","4-4-2",0,2,"","3","0","Rayo Vallecano","4-4-2",0,0.5,"","4","0","https://fbref.com/en/matches/07598e53/Girona-Rayo-Vallecano-September-25-2024-La-Liga","Girona","Home",NA,990,711,638,71,15,3,4,18,47,4,2,2,0,618,2,9
"La Liga","2024-09-25","La Liga (Matchweek 7)","Girona","4-4-2",0,2,"","3","0","Rayo Vallecano","4-4-2",0,0.5,"","4","0","https://fbref.com/en/matches/07598e53/Girona-Rayo-Vallecano-September-25-2024-La-Liga","Rayo Vallecano","Away",NA,990,288,250,38,10,0,3,12,14,3,1,2,0,211,0,7
"La Liga","2024-09-25","La Liga (Matchweek 7)","Barcelona","4-2-3-1",1,1.9,"Robert Lewandowski · 19&rsquor;","1","0","Getafe","4-1-4-1",0,0.7,"","1","0","https://fbref.com/en/matches/231f83bc/Barcelona-Getafe-September-25-2024-La-Liga","Barcelona","Home",NA,990,679,620,54,19,1,7,19,22,7,5,1,0,585,5,9
"La Liga","2024-09-25","La Liga (Matchweek 7)","Barcelona","4-2-3-1",1,1.9,"Robert Lewandowski · 19&rsquor;","1","0","Getafe","4-1-4-1",0,0.7,"","1","0","https://fbref.com/en/matches/231f83bc/Barcelona-Getafe-September-25-2024-La-Liga","Getafe","Away",NA,990,209,158,44,8,0,2,18,17,5,2,1,0,103,7,8
"La Liga","2024-09-26","La Liga (Matchweek 7)","Las Palmas","4-1-3-2",1,1,"Alberto Moleiro · 9&rsquor;","4","0","Real Betis","4-2-3-1",1,1.9,"Giovani Lo Celso · 45+3&rsquor;","2","0","https://fbref.com/en/matches/94fe3705/Las-Palmas-Real-Betis-September-26-2024-La-Liga","Las Palmas","Home",NA,990,586,543,41,14,1,0,12,14,1,0,1,0,491,2,16
"La Liga","2024-09-26","La Liga (Matchweek 7)","Las Palmas","4-1-3-2",1,1,"Alberto Moleiro · 9&rsquor;","4","0","Real Betis","4-2-3-1",1,1.9,"Giovani Lo Celso · 45+3&rsquor;","2","0","https://fbref.com/en/matches/94fe3705/Las-Palmas-Real-Betis-September-26-2024-La-Liga","Real Betis","Away",NA,990,487,433,50,23,2,6,20,14,4,2,1,0,391,4,9
"La Liga","2024-09-26","La Liga (Matchweek 7)","Espanyol","4-4-2",1,0.4,"Jofre · 45+1&rsquor;","5","0","Villarreal","4-4-2",2,1.6,"Ayoze Pérez · 45+6&rsquor; Ayoze Pérez · 63&rsquor;","3","0","https://fbref.com/en/matches/aef7cc8d/Espanyol-Villarreal-September-26-2024-La-Liga","Espanyol","Home",NA,990,548,503,45,14,1,5,18,16,4,0,3,0,457,0,5
"La Liga","2024-09-26","La Liga (Matchweek 7)","Espanyol","4-4-2",1,0.4,"Jofre · 45+1&rsquor;","5","0","Villarreal","4-4-2",2,1.6,"Ayoze Pérez · 45+6&rsquor; Ayoze Pérez · 63&rsquor;","3","0","https://fbref.com/en/matches/aef7cc8d/Espanyol-Villarreal-September-26-2024-La-Liga","Villarreal","Away",NA,990,432,396,35,12,2,8,10,15,1,1,0,0,360,1,3
"La Liga","2024-09-26","La Liga (Matchweek 7)","Celta Vigo","3-4-3",0,1.5,"","2","0","Atlético Madrid","4-4-2",1,0.6,"Julián Álvarez · 90&rsquor;","2","0","https://fbref.com/en/matches/01197df1/Celta-Vigo-Atletico-Madrid-September-26-2024-La-Liga","Celta Vigo","Home",NA,990,699,665,34,11,2,2,12,13,2,0,2,0,611,0,8
"La Liga","2024-09-26","La Liga (Matchweek 7)","Celta Vigo","3-4-3",0,1.5,"","2","0","Atlético Madrid","4-4-2",1,0.6,"Julián Álvarez · 90&rsquor;","2","0","https://fbref.com/en/matches/01197df1/Celta-Vigo-Atletico-Madrid-September-26-2024-La-Liga","Atlético Madrid","Away",NA,990,501,464,37,11,2,2,13,13,3,1,1,0,394,0,10
"La Liga","2024-09-27","La Liga (Matchweek 8)","Valladolid","4-3-3",1,1.2,"Iván Sánchez · 90+4&rsquor;","3","0","Mallorca","4-4-2",2,2.2,"Cyle Larin · 59&rsquor; Valery Fernández · 83&rsquor;","2","0","https://fbref.com/en/matches/d59e698a/Valladolid-Mallorca-September-27-2024-La-Liga","Valladolid","Home",NA,990,464,409,53,12,1,5,26,21,7,4,2,0,356,2,9
"La Liga","2024-09-27","La Liga (Matchweek 8)","Valladolid","4-3-3",1,1.2,"Iván Sánchez · 90+4&rsquor;","3","0","Mallorca","4-4-2",2,2.2,"Cyle Larin · 59&rsquor; Valery Fernández · 83&rsquor;","2","0","https://fbref.com/en/matches/d59e698a/Valladolid-Mallorca-September-27-2024-La-Liga","Mallorca","Away",NA,990,452,401,50,18,1,5,21,14,4,1,2,0,345,1,8
"La Liga","2024-09-28","La Liga (Matchweek 8)","Getafe","4-4-2",2,2.1,"Mauro Arambarri · 42&rsquor; Luis Milla (P) · 58&rsquor;","3","0","Alavés","4-2-3-1",0,0.5,"","6","0","https://fbref.com/en/matches/c745f73f/Getafe-Alaves-September-28-2024-La-Liga","Getafe","Home",NA,990,255,183,68,24,1,2,16,30,2,0,2,0,140,4,4
"La Liga","2024-09-28","La Liga (Matchweek 8)","Getafe","4-4-2",2,2.1,"Mauro Arambarri · 42&rsquor; Luis Milla (P) · 58&rsquor;","3","0","Alavés","4-2-3-1",0,0.5,"","6","0","https://fbref.com/en/matches/c745f73f/Getafe-Alaves-September-28-2024-La-Liga","Alavés","Away",NA,990,303,237,64,21,0,2,13,28,2,2,0,0,172,2,6
"La Liga","2024-09-28","La Liga (Matchweek 8)","Rayo Vallecano","4-2-3-1",1,0.9,"Sergio Camello · 8&rsquor;","2","0","Leganés","4-2-3-1",1,0.9,"Juan Cruz · 55&rsquor;","1","0","https://fbref.com/en/matches/edd88e45/Rayo-Vallecano-Leganes-September-28-2024-La-Liga","Rayo Vallecano","Home",NA,990,521,468,51,9,0,1,19,28,5,2,3,0,421,2,7
"La Liga","2024-09-28","La Liga (Matchweek 8)","Rayo Vallecano","4-2-3-1",1,0.9,"Sergio Camello · 8&rsquor;","2","0","Leganés","4-2-3-1",1,0.9,"Juan Cruz · 55&rsquor;","1","0","https://fbref.com/en/matches/edd88e45/Rayo-Vallecano-Leganes-September-28-2024-La-Liga","Leganés","Away",NA,990,450,406,42,13,3,4,26,16,5,2,2,0,343,2,9
"La Liga","2024-09-28","La Liga (Matchweek 8)","Real Sociedad","4-1-4-1",3,3.4,"Takefusa Kubo · 8&rsquor; Orri Steinn Óskarsson · 80&rsquor; Orri Steinn Óskarsson · 90+2&rsquor;","0","0","Valencia","4-4-2",0,0.8,"","0","0","https://fbref.com/en/matches/6dfa7503/Real-Sociedad-Valencia-September-28-2024-La-Liga","Real Sociedad","Home",NA,990,583,525,53,14,4,8,12,28,6,3,0,0,473,5,10
"La Liga","2024-09-28","La Liga (Matchweek 8)","Real Sociedad","4-1-4-1",3,3.4,"Takefusa Kubo · 8&rsquor; Orri Steinn Óskarsson · 80&rsquor; Orri Steinn Óskarsson · 90+2&rsquor;","0","0","Valencia","4-4-2",0,0.8,"","0","0","https://fbref.com/en/matches/6dfa7503/Real-Sociedad-Valencia-September-28-2024-La-Liga","Valencia","Away",NA,990,375,317,56,12,0,4,13,28,4,1,2,0,274,2,15
"La Liga","2024-09-28","La Liga (Matchweek 8)","Osasuna","4-3-3",4,2.2,"Ante Budimir · 18&rsquor; Bryan Zaragoza · 28&rsquor; Ante Budimir (P) · 72&rsquor; Abel · 85&rsquor;","2","0","Barcelona","4-3-3",2,0.8,"Pau Victor Delgado · 53&rsquor; Lamine Yamal · 89&rsquor;","2","0","https://fbref.com/en/matches/d5c58cc9/Osasuna-Barcelona-September-28-2024-La-Liga","Osasuna","Home",NA,990,270,220,40,2,1,5,17,24,5,2,2,0,161,10,10
"La Liga","2024-09-28","La Liga (Matchweek 8)","Osasuna","4-3-3",4,2.2,"Ante Budimir · 18&rsquor; Bryan Zaragoza · 28&rsquor; Ante Budimir (P) · 72&rsquor; Abel · 85&rsquor;","2","0","Barcelona","4-3-3",2,0.8,"Pau Victor Delgado · 53&rsquor; Lamine Yamal · 89&rsquor;","2","0","https://fbref.com/en/matches/d5c58cc9/Osasuna-Barcelona-September-28-2024-La-Liga","Barcelona","Away",NA,990,713,653,60,22,4,2,16,18,8,3,1,0,615,0,9
"La Liga","2024-09-29","La Liga (Matchweek 8)","Celta Vigo","3-4-3",1,0.5,"Iago Aspas · 81&rsquor;","1","0","Girona","4-2-3-1",1,0.8,"Yangel Herrera · 38&rsquor;","0","0","https://fbref.com/en/matches/4c283fa8/Celta-Vigo-Girona-September-29-2024-La-Liga","Celta Vigo","Home",NA,990,597,555,42,14,0,0,24,19,4,0,3,0,507,0,4
"La Liga","2024-09-29","La Liga (Matchweek 8)","Celta Vigo","3-4-3",1,0.5,"Iago Aspas · 81&rsquor;","1","0","Girona","4-2-3-1",1,0.8,"Yangel Herrera · 38&rsquor;","0","0","https://fbref.com/en/matches/4c283fa8/Celta-Vigo-Girona-September-29-2024-La-Liga","Girona","Away",NA,990,642,604,37,9,1,0,21,14,4,1,3,0,571,1,10
"La Liga","2024-09-29","La Liga (Matchweek 8)","Athletic Club","4-2-3-1",1,2,"Mikel Jauregizar · 36&rsquor; Julen Agirrezabala · 82&rsquor;","0","1","Sevilla","4-2-3-1",1,1.1,"Alex Padilla (OG) · 90+3&rsquor;","3","0","https://fbref.com/en/matches/9b519ed0/Athletic-Club-Sevilla-September-29-2024-La-Liga","Athletic Club","Home",NA,981,374,323,48,10,4,5,19,23,4,1,1,0,271,3,3
"La Liga","2024-09-29","La Liga (Matchweek 8)","Athletic Club","4-2-3-1",1,2,"Mikel Jauregizar · 36&rsquor; Julen Agirrezabala · 82&rsquor;","0","1","Sevilla","4-2-3-1",1,1.1,"Alex Padilla (OG) · 90+3&rsquor;","3","0","https://fbref.com/en/matches/9b519ed0/Athletic-Club-Sevilla-September-29-2024-La-Liga","Sevilla","Away",NA,990,576,521,52,7,2,4,19,24,7,4,0,0,459,3,8
"La Liga","2024-09-29","La Liga (Matchweek 8)","Real Betis","4-2-3-1",1,2.1,"Giovani Lo Celso · 85&rsquor;","2","0","Espanyol","4-4-2",0,0.5,"","4","0","https://fbref.com/en/matches/650b3ea7/Real-Betis-Espanyol-September-29-2024-La-Liga","Real Betis","Home",NA,990,497,451,46,20,2,1,21,14,8,2,4,0,411,0,7
"La Liga","2024-09-29","La Liga (Matchweek 8)","Real Betis","4-2-3-1",1,2.1,"Giovani Lo Celso · 85&rsquor;","2","0","Espanyol","4-4-2",0,0.5,"","4","0","https://fbref.com/en/matches/650b3ea7/Real-Betis-Espanyol-September-29-2024-La-Liga","Espanyol","Away",NA,990,444,402,41,12,1,3,14,17,4,0,4,0,363,1,5
"La Liga","2024-09-29","La Liga (Matchweek 8)","Atlético Madrid","4-4-2",1,1.3,"Ángel Correa · 90+5&rsquor; Marcos Llorente · 90+9&rsquor;","3","1","Real Madrid","4-4-2",1,0.8,"Éder Militão · 64&rsquor;","1","0","https://fbref.com/en/matches/0df1f571/El-Derbi-Madrileno-Atletico-Madrid-Real-Madrid-September-29-2024-La-Liga","Atlético Madrid","Home",NA,989,611,563,46,10,2,3,18,19,5,2,1,0,521,2,11
"La Liga","2024-09-29","La Liga (Matchweek 8)","Atlético Madrid","4-4-2",1,1.3,"Ángel Correa · 90+5&rsquor; Marcos Llorente · 90+9&rsquor;","3","1","Real Madrid","4-4-2",1,0.8,"Éder Militão · 64&rsquor;","1","0","https://fbref.com/en/matches/0df1f571/El-Derbi-Madrileno-Atletico-Madrid-Real-Madrid-September-29-2024-La-Liga","Real Madrid","Away",NA,990,579,545,34,13,0,10,12,9,5,1,2,0,513,0,3
"La Liga","2024-09-30","La Liga (Matchweek 8)","Villarreal","4-4-2",3,2.8,"Nicolas Pépé · 45&rsquor; Thierno Barry · 84&rsquor; Alex Baena · 90+7&rsquor;","0","0","Las Palmas","4-4-2",1,0.9,"Fábio Silva · 47&rsquor;","4","0","https://fbref.com/en/matches/3ecbf46e/Villarreal-Las-Palmas-September-30-2024-La-Liga","Villarreal","Home",NA,990,484,446,33,10,1,4,22,13,3,3,0,0,406,5,6
"La Liga","2024-09-30","La Liga (Matchweek 8)","Villarreal","4-4-2",3,2.8,"Nicolas Pépé · 45&rsquor; Thierno Barry · 84&rsquor; Alex Baena · 90+7&rsquor;","0","0","Las Palmas","4-4-2",1,0.9,"Fábio Silva · 47&rsquor;","4","0","https://fbref.com/en/matches/3ecbf46e/Villarreal-Las-Palmas-September-30-2024-La-Liga","Las Palmas","Away",NA,990,654,606,47,20,2,3,9,16,2,2,0,0,586,1,7
"La Liga","2024-10-04","La Liga (Matchweek 9)","Leganés","4-2-3-1",0,0.8,"","2","0","Valencia","5-4-1",0,0.5,"","2","0","https://fbref.com/en/matches/18dc29a4/Leganes-Valencia-October-4-2024-La-Liga","Leganés","Home",NA,990,567,515,43,15,1,3,12,15,1,1,0,0,461,9,5
"La Liga","2024-10-04","La Liga (Matchweek 9)","Leganés","4-2-3-1",0,0.8,"","2","0","Valencia","5-4-1",0,0.5,"","2","0","https://fbref.com/en/matches/18dc29a4/Leganes-Valencia-October-4-2024-La-Liga","Valencia","Away",NA,990,400,346,53,23,2,4,19,21,2,0,2,0,289,1,9
"La Liga","2024-10-05","La Liga (Matchweek 9)","Espanyol","4-2-3-1",2,0.9,"Marash Kumbulla · 18&rsquor; Jofre · 47&rsquor;","1","0","Mallorca","4-4-1-1",1,1.6,"Antonio Raillo · 68&rsquor;","5","0","https://fbref.com/en/matches/d2dd62e7/Espanyol-Mallorca-October-5-2024-La-Liga","Espanyol","Home",NA,990,318,266,52,19,3,1,15,20,4,2,0,0,229,0,10
"La Liga","2024-10-05","La Liga (Matchweek 9)","Espanyol","4-2-3-1",2,0.9,"Marash Kumbulla · 18&rsquor; Jofre · 47&rsquor;","1","0","Mallorca","4-4-1-1",1,1.6,"Antonio Raillo · 68&rsquor;","5","0","https://fbref.com/en/matches/d2dd62e7/Espanyol-Mallorca-October-5-2024-La-Liga","Mallorca","Away",NA,990,486,424,62,13,0,5,33,32,6,3,2,0,390,0,13
"La Liga","2024-10-05","La Liga (Matchweek 9)","Getafe","4-4-2",1,0.8,"Bertuğ Yıldırım · 21&rsquor;","2","0","Osasuna","4-3-3",1,0.3,"Ante Budimir · 60&rsquor;","4","0","https://fbref.com/en/matches/fdd30e13/Getafe-Osasuna-October-5-2024-La-Liga","Getafe","Home",NA,990,274,210,59,9,0,6,16,31,4,1,3,0,151,5,4
"La Liga","2024-10-05","La Liga (Matchweek 9)","Getafe","4-4-2",1,0.8,"Bertuğ Yıldırım · 21&rsquor;","2","0","Osasuna","4-3-3",1,0.3,"Ante Budimir · 60&rsquor;","4","0","https://fbref.com/en/matches/fdd30e13/Getafe-Osasuna-October-5-2024-La-Liga","Osasuna","Away",NA,990,398,332,66,22,0,2,25,32,2,1,1,0,261,0,8
"La Liga","2024-10-05","La Liga (Matchweek 9)","Las Palmas","4-2-3-1",0,1.3,"","3","0","Celta Vigo","3-4-3",1,0.8,"Borja Iglesias · 28&rsquor; Ilaix Moriba · 54&rsquor; Iago Aspas · 56&rsquor;","10","2","https://fbref.com/en/matches/8f767bea/Las-Palmas-Celta-Vigo-October-5-2024-La-Liga","Las Palmas","Home",NA,990,583,527,55,13,1,2,42,22,11,5,2,0,482,1,18
"La Liga","2024-10-05","La Liga (Matchweek 9)","Las Palmas","4-2-3-1",0,1.3,"","3","0","Celta Vigo","3-4-3",1,0.8,"Borja Iglesias · 28&rsquor; Ilaix Moriba · 54&rsquor; Iago Aspas · 56&rsquor;","10","2","https://fbref.com/en/matches/8f767bea/Las-Palmas-Celta-Vigo-October-5-2024-La-Liga","Celta Vigo","Away",NA,918,383,335,46,9,1,1,8,18,2,1,0,0,305,2,7
"La Liga","2024-10-05","La Liga (Matchweek 9)","Valladolid","4-3-3",1,2,"Selim Amallah · 51&rsquor;","4","0","Rayo Vallecano","4-4-2",2,1.5,"Jorge de Frutos · 57&rsquor; Jorge de Frutos · 80&rsquor;","2","0","https://fbref.com/en/matches/59703f58/Valladolid-Rayo-Vallecano-October-5-2024-La-Liga","Valladolid","Home",NA,990,348,288,59,20,0,2,20,20,5,3,2,0,270,1,7
"La Liga","2024-10-05","La Liga (Matchweek 9)","Valladolid","4-3-3",1,2,"Selim Amallah · 51&rsquor;","4","0","Rayo Vallecano","4-4-2",2,1.5,"Jorge de Frutos · 57&rsquor; Jorge de Frutos · 80&rsquor;","2","0","https://fbref.com/en/matches/59703f58/Valladolid-Rayo-Vallecano-October-5-2024-La-Liga","Rayo Vallecano","Away",NA,990,517,468,47,12,1,1,30,13,13,11,0,0,422,2,8
"La Liga","2024-10-05","La Liga (Matchweek 9)","Real Madrid","4-4-2",2,0.5,"Federico Valverde · 14&rsquor; Vinicius Júnior · 73&rsquor;","0","0","Villarreal","4-3-3",0,1.1,"","1","0","https://fbref.com/en/matches/9bf91e35/Real-Madrid-Villarreal-October-5-2024-La-Liga","Real Madrid","Home",NA,990,672,630,41,13,0,13,7,13,2,1,0,0,612,1,9
"La Liga","2024-10-05","La Liga (Matchweek 9)","Real Madrid","4-4-2",2,0.5,"Federico Valverde · 14&rsquor; Vinicius Júnior · 73&rsquor;","0","0","Villarreal","4-3-3",0,1.1,"","1","0","https://fbref.com/en/matches/9bf91e35/Real-Madrid-Villarreal-October-5-2024-La-Liga","Villarreal","Away",NA,990,550,509,38,7,1,4,16,14,5,4,0,0,488,3,4
"La Liga","2024-10-06","La Liga (Matchweek 9)","Girona","4-2-3-1",2,1.9,"Yaser Asprilla · 39&rsquor; Cristhian Stuani (P) · 90+9&rsquor;","4","0","Athletic Club","4-3-3",1,3.1,"Oihan Sancet · 41&rsquor; Aitor Paredes · 90+8&rsquor;","4","1","https://fbref.com/en/matches/7d98a38f/Girona-Athletic-Club-October-6-2024-La-Liga","Girona","Home",NA,990,631,587,41,11,1,5,24,17,6,4,2,0,541,3,9
"La Liga","2024-10-06","La Liga (Matchweek 9)","Girona","4-2-3-1",2,1.9,"Yaser Asprilla · 39&rsquor; Cristhian Stuani (P) · 90+9&rsquor;","4","0","Athletic Club","4-3-3",1,3.1,"Oihan Sancet · 41&rsquor; Aitor Paredes · 90+8&rsquor;","4","1","https://fbref.com/en/matches/7d98a38f/Girona-Athletic-Club-October-6-2024-La-Liga","Athletic Club","Away",NA,989,332,297,35,13,2,0,8,9,1,1,0,0,261,0,7
"La Liga","2024-10-06","La Liga (Matchweek 9)","Alavés","4-2-3-1",0,0.7,"","2","0","Barcelona","4-2-3-1",3,2.7,"Robert Lewandowski · 7&rsquor; Robert Lewandowski · 22&rsquor; Robert Lewandowski · 32&rsquor;","2","0","https://fbref.com/en/matches/ba5dd68e/Alaves-Barcelona-October-6-2024-La-Liga","Alavés","Home",NA,990,287,227,49,10,2,5,20,20,11,4,4,0,192,11,8
"La Liga","2024-10-06","La Liga (Matchweek 9)","Alavés","4-2-3-1",0,0.7,"","2","0","Barcelona","4-2-3-1",3,2.7,"Robert Lewandowski · 7&rsquor; Robert Lewandowski · 22&rsquor; Robert Lewandowski · 32&rsquor;","2","0","https://fbref.com/en/matches/ba5dd68e/Alaves-Barcelona-October-6-2024-La-Liga","Barcelona","Away",NA,990,688,633,52,23,2,4,7,16,3,1,0,0,616,3,3
"La Liga","2024-10-06","La Liga (Matchweek 9)","Sevilla","4-2-3-1",1,1.4,"Dodi Lukebakio (P) · 50&rsquor; Tanguy Nianzou · 90&rsquor;","7","1","Real Betis","4-2-3-1",0,0.6,"","3","0","https://fbref.com/en/matches/c9404de2/Sevilla-Real-Betis-October-6-2024-La-Liga","Sevilla","Home",NA,989,434,389,43,13,2,0,14,17,4,3,0,0,328,2,7
"La Liga","2024-10-06","La Liga (Matchweek 9)","Sevilla","4-2-3-1",1,1.4,"Dodi Lukebakio (P) · 50&rsquor; Tanguy Nianzou · 90&rsquor;","7","1","Real Betis","4-2-3-1",0,0.6,"","3","0","https://fbref.com/en/matches/c9404de2/Sevilla-Real-Betis-October-6-2024-La-Liga","Real Betis","Away",NA,990,410,362,47,17,2,3,13,21,1,0,1,0,312,1,6
"La Liga","2024-10-06","La Liga (Matchweek 9)","Real Sociedad","4-1-4-1",1,1,"Luka Sučić · 84&rsquor;","0","0","Atlético Madrid","5-4-1",1,0.5,"Julián Álvarez · 1&rsquor;","2","0","https://fbref.com/en/matches/069145b6/Real-Sociedad-Atletico-Madrid-October-6-2024-La-Liga","Real Sociedad","Home",NA,990,705,660,43,11,1,4,34,19,5,3,2,0,608,2,9
"La Liga","2024-10-06","La Liga (Matchweek 9)","Real Sociedad","4-1-4-1",1,1,"Luka Sučić · 84&rsquor;","0","0","Atlético Madrid","5-4-1",1,0.5,"Julián Álvarez · 1&rsquor;","2","0","https://fbref.com/en/matches/069145b6/Real-Sociedad-Atletico-Madrid-October-6-2024-La-Liga","Atlético Madrid","Away",NA,990,365,309,54,11,1,4,2,21,1,0,1,0,266,2,12
"La Liga","2024-10-18","La Liga (Matchweek 10)","Alavés","4-2-3-1",2,0.5,"Toni Martínez · 6&rsquor; Kiké · 90+7&rsquor; Kiké · 90+9&rsquor;","7","1","Valladolid","4-4-2",3,2.4,"Mamadou Sylla (P) · 17&rsquor; Selim Amallah (P) · 72&rsquor; Anuar · 76&rsquor;","2","0","https://fbref.com/en/matches/a0c7186e/Alaves-Valladolid-October-18-2024-La-Liga","Alavés","Home",NA,989,458,409,46,14,2,4,19,16,5,3,2,0,348,3,10
"La Liga","2024-10-18","La Liga (Matchweek 10)","Alavés","4-2-3-1",2,0.5,"Toni Martínez · 6&rsquor; Kiké · 90+7&rsquor; Kiké · 90+9&rsquor;","7","1","Valladolid","4-4-2",3,2.4,"Mamadou Sylla (P) · 17&rsquor; Selim Amallah (P) · 72&rsquor; Anuar · 76&rsquor;","2","0","https://fbref.com/en/matches/a0c7186e/Alaves-Valladolid-October-18-2024-La-Liga","Valladolid","Away",NA,990,281,220,60,16,2,1,12,22,6,2,3,0,182,1,5
"La Liga","2024-10-19","La Liga (Matchweek 10)","Athletic Club","4-2-3-1",4,1.3,"Daniel Vivian · 6&rsquor; Iñaki Williams · 28&rsquor; Iñaki Williams · 30&rsquor; Álex Berenguer · 55&rsquor;","2","0","Espanyol","4-2-3-1",1,0.2,"Álvaro Tejero · 90+2&rsquor;","3","0","https://fbref.com/en/matches/0425fc2d/Athletic-Club-Espanyol-October-19-2024-La-Liga","Athletic Club","Home",NA,990,530,475,55,23,0,1,21,21,5,1,4,0,431,0,11
"La Liga","2024-10-19","La Liga (Matchweek 10)","Athletic Club","4-2-3-1",4,1.3,"Daniel Vivian · 6&rsquor; Iñaki Williams · 28&rsquor; Iñaki Williams · 30&rsquor; Álex Berenguer · 55&rsquor;","2","0","Espanyol","4-2-3-1",1,0.2,"Álvaro Tejero · 90+2&rsquor;","3","0","https://fbref.com/en/matches/0425fc2d/Athletic-Club-Espanyol-October-19-2024-La-Liga","Espanyol","Away",NA,990,412,355,56,14,0,4,22,27,5,0,4,0,311,1,9
"La Liga","2024-10-19","La Liga (Matchweek 10)","Osasuna","4-3-3",1,1.9,"Lucas Torró · 59&rsquor;","2","0","Real Betis","4-4-2",2,2.5,"Vitor Roque · 7&rsquor; Ezequiel Ávila · 73&rsquor; Natan · 90+5&rsquor;","1","1","https://fbref.com/en/matches/5ea3b789/Osasuna-Real-Betis-October-19-2024-La-Liga","Osasuna","Home",NA,990,446,382,60,12,0,5,35,29,10,5,1,0,321,4,12
"La Liga","2024-10-19","La Liga (Matchweek 10)","Osasuna","4-3-3",1,1.9,"Lucas Torró · 59&rsquor;","2","0","Real Betis","4-4-2",2,2.5,"Vitor Roque · 7&rsquor; Ezequiel Ávila · 73&rsquor; Natan · 90+5&rsquor;","1","1","https://fbref.com/en/matches/5ea3b789/Osasuna-Real-Betis-October-19-2024-La-Liga","Real Betis","Away",NA,989,368,318,46,15,3,1,15,19,2,0,1,0,262,4,9
"La Liga","2024-10-19","La Liga (Matchweek 10)","Girona","3-1-4-2",0,0.4,"","2","0","Real Sociedad","4-1-4-1",1,1.9,"Mikel Oyarzabal · 44&rsquor;","1","0","https://fbref.com/en/matches/ec18b3aa/Girona-Real-Sociedad-October-19-2024-La-Liga","Girona","Home",NA,990,482,428,53,13,0,5,25,23,6,0,4,0,404,1,11
"La Liga","2024-10-19","La Liga (Matchweek 10)","Girona","3-1-4-2",0,0.4,"","2","0","Real Sociedad","4-1-4-1",1,1.9,"Mikel Oyarzabal · 44&rsquor;","1","0","https://fbref.com/en/matches/ec18b3aa/Girona-Real-Sociedad-October-19-2024-La-Liga","Real Sociedad","Away",NA,990,536,494,41,10,2,5,14,19,6,1,2,0,467,1,2
"La Liga","2024-10-19","La Liga (Matchweek 10)","Celta Vigo","3-4-3",1,1.7,"Williot Swedberg · 51&rsquor;","2","0","Real Madrid","3-4-3",2,0.7,"Kylian Mbappé · 20&rsquor; Vinicius Júnior · 66&rsquor;","1","0","https://fbref.com/en/matches/50bf3afb/Celta-Vigo-Real-Madrid-October-19-2024-La-Liga","Celta Vigo","Home",NA,990,570,526,42,14,1,4,17,13,6,0,2,0,485,2,10
"La Liga","2024-10-19","La Liga (Matchweek 10)","Celta Vigo","3-4-3",1,1.7,"Williot Swedberg · 51&rsquor;","2","0","Real Madrid","3-4-3",2,0.7,"Kylian Mbappé · 20&rsquor; Vinicius Júnior · 66&rsquor;","1","0","https://fbref.com/en/matches/50bf3afb/Celta-Vigo-Real-Madrid-October-19-2024-La-Liga","Real Madrid","Away",NA,990,638,597,40,18,1,3,11,12,2,0,1,0,560,1,4
"La Liga","2024-10-20","La Liga (Matchweek 10)","Mallorca","4-4-2",1,2,"Vedat Muriqi · 75&rsquor;","1","0","Rayo Vallecano","4-4-2",0,0.6,"","1","0","https://fbref.com/en/matches/477327f9/Mallorca-Rayo-Vallecano-October-20-2024-La-Liga","Mallorca","Home",NA,990,420,363,55,13,1,3,27,21,9,3,6,0,304,2,9
"La Liga","2024-10-20","La Liga (Matchweek 10)","Mallorca","4-4-2",1,2,"Vedat Muriqi · 75&rsquor;","1","0","Rayo Vallecano","4-4-2",0,0.6,"","1","0","https://fbref.com/en/matches/477327f9/Mallorca-Rayo-Vallecano-October-20-2024-La-Liga","Rayo Vallecano","Away",NA,990,407,357,50,11,0,0,16,18,2,2,0,0,305,0,9
"La Liga","2024-10-20","La Liga (Matchweek 10)","Atlético Madrid","4-1-2-1-2",3,4.4,"Alexander Sørloth · 69&rsquor; Antoine Griezmann · 81&rsquor; Alexander Sørloth · 90+9&rsquor;","5","0","Leganés","4-4-1-1",1,0.3,"Yvan Neyou · 34&rsquor;","1","0","https://fbref.com/en/matches/d32fffe0/Atletico-Madrid-Leganes-October-20-2024-La-Liga","Atlético Madrid","Home",NA,990,632,584,48,9,2,2,32,26,8,2,5,0,518,0,7
"La Liga","2024-10-20","La Liga (Matchweek 10)","Atlético Madrid","4-1-2-1-2",3,4.4,"Alexander Sørloth · 69&rsquor; Antoine Griezmann · 81&rsquor; Alexander Sørloth · 90+9&rsquor;","5","0","Leganés","4-4-1-1",1,0.3,"Yvan Neyou · 34&rsquor;","1","0","https://fbref.com/en/matches/d32fffe0/Atletico-Madrid-Leganes-October-20-2024-La-Liga","Leganés","Away",NA,990,370,320,49,13,2,2,7,19,2,1,0,0,280,1,5
"La Liga","2024-10-20","La Liga (Matchweek 10)","Villarreal","4-2-3-1",1,0.9,"Santi Comesaña · 44&rsquor;","4","0","Getafe","4-4-2",1,1.9,"Mauro Arambarri (P) · 87&rsquor;","3","0","https://fbref.com/en/matches/bfba2fd7/Villarreal-Getafe-October-20-2024-La-Liga","Villarreal","Home",NA,990,405,350,54,22,0,1,17,16,5,3,0,0,293,1,8
"La Liga","2024-10-20","La Liga (Matchweek 10)","Villarreal","4-2-3-1",1,0.9,"Santi Comesaña · 44&rsquor;","4","0","Getafe","4-4-2",1,1.9,"Mauro Arambarri (P) · 87&rsquor;","3","0","https://fbref.com/en/matches/bfba2fd7/Villarreal-Getafe-October-20-2024-La-Liga","Getafe","Away",NA,990,318,258,59,18,1,6,21,27,5,2,1,0,223,1,7
"La Liga","2024-10-20","La Liga (Matchweek 10)","Barcelona","4-2-3-1",5,3.8,"Robert Lewandowski (P) · 24&rsquor; Pedri · 28&rsquor; Robert Lewandowski · 39&rsquor; Pablo Torre · 82&rsquor; Pablo Torre · 88&rsquor;","1","0","Sevilla","4-2-3-1",1,1,"Stanis Idumbo · 87&rsquor;","2","0","https://fbref.com/en/matches/5f73bf47/Barcelona-Sevilla-October-20-2024-La-Liga","Barcelona","Home",NA,990,652,604,45,14,7,6,14,20,5,3,0,0,578,3,12
"La Liga","2024-10-20","La Liga (Matchweek 10)","Barcelona","4-2-3-1",5,3.8,"Robert Lewandowski (P) · 24&rsquor; Pedri · 28&rsquor; Robert Lewandowski · 39&rsquor; Pablo Torre · 82&rsquor; Pablo Torre · 88&rsquor;","1","0","Sevilla","4-2-3-1",1,1,"Stanis Idumbo · 87&rsquor;","2","0","https://fbref.com/en/matches/5f73bf47/Barcelona-Sevilla-October-20-2024-La-Liga","Sevilla","Away",NA,990,321,275,43,9,3,1,7,12,5,2,2,0,249,3,8
"La Liga","2024-10-21","La Liga (Matchweek 10)","Valencia","4-4-2",2,1.6,"José Luis García Vayá (P) · 14&rsquor; José Luis García Vayá · 69&rsquor; César Tárrega · 90+4&rsquor;","4","1","Las Palmas","4-2-3-1",3,1.2,"Álex Muñoz · 43&rsquor; Fábio Silva · 53&rsquor; Alberto Moleiro · 84&rsquor;","9","0","https://fbref.com/en/matches/9bb16911/Valencia-Las-Palmas-October-21-2024-La-Liga","Valencia","Home",NA,968,478,422,53,10,0,3,35,24,11,2,6,2,349,3,16
"La Liga","2024-10-21","La Liga (Matchweek 10)","Valencia","4-4-2",2,1.6,"José Luis García Vayá (P) · 14&rsquor; José Luis García Vayá · 69&rsquor; César Tárrega · 90+4&rsquor;","4","1","Las Palmas","4-2-3-1",3,1.2,"Álex Muñoz · 43&rsquor; Fábio Silva · 53&rsquor; Alberto Moleiro · 84&rsquor;","9","0","https://fbref.com/en/matches/9bb16911/Valencia-Las-Palmas-October-21-2024-La-Liga","Las Palmas","Away",NA,990,522,480,42,13,6,2,5,21,2,2,0,0,426,0,7
"La Liga","2024-10-25","La Liga (Matchweek 11)","Espanyol","4-4-2",0,1.2,"","2","0","Sevilla","4-2-3-1",2,0.8,"Dodi Lukebakio · 20&rsquor; Dodi Lukebakio · 45&rsquor;","0","0","https://fbref.com/en/matches/38d25c90/Espanyol-Sevilla-October-25-2024-La-Liga","Espanyol","Home",NA,990,386,329,54,8,4,3,37,28,13,6,5,0,276,3,9
"La Liga","2024-10-25","La Liga (Matchweek 11)","Espanyol","4-4-2",0,1.2,"","2","0","Sevilla","4-2-3-1",2,0.8,"Dodi Lukebakio · 20&rsquor; Dodi Lukebakio · 45&rsquor;","0","0","https://fbref.com/en/matches/38d25c90/Espanyol-Sevilla-October-25-2024-La-Liga","Sevilla","Away",NA,990,507,461,46,17,2,2,7,17,2,0,1,0,415,0,8
"La Liga","2024-10-26","La Liga (Matchweek 11)","Valladolid","4-2-3-1",1,0.9,"Mamadou Sylla (P) · 60&rsquor;","4","0","Villarreal","4-4-2",2,2,"Thierno Barry · 29&rsquor; Ayoze Pérez · 84&rsquor;","3","0","https://fbref.com/en/matches/591dbf90/Valladolid-Villarreal-October-26-2024-La-Liga","Valladolid","Home",NA,990,459,410,48,12,1,9,22,18,4,0,3,0,382,1,8
"La Liga","2024-10-26","La Liga (Matchweek 11)","Valladolid","4-2-3-1",1,0.9,"Mamadou Sylla (P) · 60&rsquor;","4","0","Villarreal","4-4-2",2,2,"Thierno Barry · 29&rsquor; Ayoze Pérez · 84&rsquor;","3","0","https://fbref.com/en/matches/591dbf90/Valladolid-Villarreal-October-26-2024-La-Liga","Villarreal","Away",NA,990,557,506,51,17,5,1,19,20,6,1,4,0,481,0,7
"La Liga","2024-10-26","La Liga (Matchweek 11)","Rayo Vallecano","4-4-2",1,1.9,"Abdul Mumin · 22&rsquor; Antonio Sivera (OG) · 80&rsquor;","2","1","Alavés","5-4-1",0,0.9,"","4","0","https://fbref.com/en/matches/55b7dfaa/Rayo-Vallecano-Alaves-October-26-2024-La-Liga","Rayo Vallecano","Home",NA,921,424,370,53,15,1,4,29,21,6,3,1,0,323,1,14
"La Liga","2024-10-26","La Liga (Matchweek 11)","Rayo Vallecano","4-4-2",1,1.9,"Abdul Mumin · 22&rsquor; Antonio Sivera (OG) · 80&rsquor;","2","1","Alavés","5-4-1",0,0.9,"","4","0","https://fbref.com/en/matches/55b7dfaa/Rayo-Vallecano-Alaves-October-26-2024-La-Liga","Alavés","Away",NA,990,415,370,42,9,0,0,18,17,2,1,1,0,309,3,9
"La Liga","2024-10-26","La Liga (Matchweek 11)","Las Palmas","4-2-3-1",1,0.9,"Álex Muñoz · 42&rsquor;","4","0","Girona","4-4-2",0,0.6,"Juan Carlos · 77&rsquor;","5","1","https://fbref.com/en/matches/9dbc3e14/Las-Palmas-Girona-October-26-2024-La-Liga","Las Palmas","Home",NA,990,403,356,47,19,1,4,15,19,3,0,1,0,325,0,3
"La Liga","2024-10-26","La Liga (Matchweek 11)","Las Palmas","4-2-3-1",1,0.9,"Álex Muñoz · 42&rsquor;","4","0","Girona","4-4-2",0,0.6,"Juan Carlos · 77&rsquor;","5","1","https://fbref.com/en/matches/9dbc3e14/Las-Palmas-Girona-October-26-2024-La-Liga","Girona","Away",NA,990,530,475,50,12,0,2,22,24,5,0,5,0,432,5,10
"La Liga","2024-10-26","La Liga (Matchweek 11)","Real Madrid","4-4-2",0,1.5,"","2","0","Barcelona","4-2-3-1",4,2.4,"Robert Lewandowski · 54&rsquor; Robert Lewandowski · 56&rsquor; Lamine Yamal · 77&rsquor; Raphinha · 84&rsquor;","5","0","https://fbref.com/en/matches/e6bc2844/El-Clasico-Real-Madrid-Barcelona-October-26-2024-La-Liga","Real Madrid","Home",NA,990,363,293,58,18,2,4,16,18,10,5,2,1,272,12,11
"La Liga","2024-10-26","La Liga (Matchweek 11)","Real Madrid","4-4-2",0,1.5,"","2","0","Barcelona","4-2-3-1",4,2.4,"Robert Lewandowski · 54&rsquor; Robert Lewandowski · 56&rsquor; Lamine Yamal · 77&rsquor; Raphinha · 84&rsquor;","5","0","https://fbref.com/en/matches/e6bc2844/El-Clasico-Real-Madrid-Barcelona-October-26-2024-La-Liga","Barcelona","Away",NA,990,480,429,50,27,2,2,12,14,3,1,1,0,394,1,6
"La Liga","2024-10-27","La Liga (Matchweek 11)","Leganés","3-4-3",3,1.6,"Diego · 59&rsquor; Darko Brašanac · 78&rsquor; Sergi · 82&rsquor;","2","0","Celta Vigo","3-4-3",0,0.9,"","2","0","https://fbref.com/en/matches/597f83c1/Leganes-Celta-Vigo-October-27-2024-La-Liga","Leganés","Home",NA,990,400,354,44,18,2,2,21,13,4,3,0,0,290,2,11
"La Liga","2024-10-27","La Liga (Matchweek 11)","Leganés","3-4-3",3,1.6,"Diego · 59&rsquor; Darko Brašanac · 78&rsquor; Sergi · 82&rsquor;","2","0","Celta Vigo","3-4-3",0,0.9,"","2","0","https://fbref.com/en/matches/597f83c1/Leganes-Celta-Vigo-October-27-2024-La-Liga","Celta Vigo","Away",NA,990,634,580,52,17,0,2,8,27,2,0,1,0,530,2,10
"La Liga","2024-10-27","La Liga (Matchweek 11)","Getafe","4-4-2",1,2.2,"Mauro Arambarri (P) · 90&rsquor;","3","0","Valencia","5-4-1",1,0.7,"Enzo Barrenechea · 36&rsquor;","7","0","https://fbref.com/en/matches/f0be0a37/Getafe-Valencia-October-27-2024-La-Liga","Getafe","Home",NA,990,469,398,68,21,1,6,36,32,8,3,4,1,347,3,10
"La Liga","2024-10-27","La Liga (Matchweek 11)","Getafe","4-4-2",1,2.2,"Mauro Arambarri (P) · 90&rsquor;","3","0","Valencia","5-4-1",1,0.7,"Enzo Barrenechea · 36&rsquor;","7","0","https://fbref.com/en/matches/f0be0a37/Getafe-Valencia-October-27-2024-La-Liga","Valencia","Away",NA,990,264,202,59,23,0,2,6,21,2,2,0,0,141,3,11
"La Liga","2024-10-27","La Liga (Matchweek 11)","Real Betis","4-4-2",1,1.9,"José María Giménez (OG) · 4&rsquor;","3","0","Atlético Madrid","4-4-2",0,0.5,"","2","0","https://fbref.com/en/matches/ffc4972d/Real-Betis-Atletico-Madrid-October-27-2024-La-Liga","Real Betis","Home",NA,990,424,389,32,5,1,0,17,20,3,0,1,0,329,3,10
"La Liga","2024-10-27","La Liga (Matchweek 11)","Real Betis","4-4-2",1,1.9,"José María Giménez (OG) · 4&rsquor;","3","0","Atlético Madrid","4-4-2",0,0.5,"","2","0","https://fbref.com/en/matches/ffc4972d/Real-Betis-Atletico-Madrid-October-27-2024-La-Liga","Atlético Madrid","Away",NA,990,591,523,67,11,1,1,24,26,10,5,5,0,450,1,15
"La Liga","2024-10-27","La Liga (Matchweek 11)","Real Sociedad","4-1-4-1",0,1.6,"","3","0","Osasuna","4-3-3",2,1,"Lucas Torró · 23&rsquor; Ante Budimir · 34&rsquor;","4","0","https://fbref.com/en/matches/722b1ca2/Real-Sociedad-Osasuna-October-27-2024-La-Liga","Real Sociedad","Home",NA,990,653,593,55,13,2,8,40,19,14,5,7,0,546,5,14
"La Liga","2024-10-27","La Liga (Matchweek 11)","Real Sociedad","4-1-4-1",0,1.6,"","3","0","Osasuna","4-3-3",2,1,"Lucas Torró · 23&rsquor; Ante Budimir · 34&rsquor;","4","0","https://fbref.com/en/matches/722b1ca2/Real-Sociedad-Osasuna-October-27-2024-La-Liga","Osasuna","Away",NA,990,224,180,44,11,0,4,8,15,4,0,0,0,145,0,8
"La Liga","2024-10-28","La Liga (Matchweek 11)","Mallorca","4-4-2",0,0.5,"Samu Costa · 23&rsquor;","6","1","Athletic Club","4-2-3-1",0,0.6,"","1","0","https://fbref.com/en/matches/46815a4a/Mallorca-Athletic-Club-October-28-2024-La-Liga","Mallorca","Home",NA,922,296,249,46,16,0,2,8,10,1,0,1,0,209,1,6
"La Liga","2024-10-28","La Liga (Matchweek 11)","Mallorca","4-4-2",0,0.5,"Samu Costa · 23&rsquor;","6","1","Athletic Club","4-2-3-1",0,0.6,"","1","0","https://fbref.com/en/matches/46815a4a/Mallorca-Athletic-Club-October-28-2024-La-Liga","Athletic Club","Away",NA,990,598,549,45,10,1,5,32,19,14,4,6,0,490,4,8
"La Liga","2024-11-01","La Liga (Matchweek 12)","Alavés","4-2-3-1",1,1.1,"Jon Guridi · 76&rsquor;","3","0","Mallorca","4-2-3-1",0,0.5,"","2","0","https://fbref.com/en/matches/454dc8c7/Alaves-Mallorca-November-1-2024-La-Liga","Alavés","Home",NA,990,372,320,52,15,0,3,23,23,7,2,3,0,254,0,7
"La Liga","2024-11-01","La Liga (Matchweek 12)","Alavés","4-2-3-1",1,1.1,"Jon Guridi · 76&rsquor;","3","0","Mallorca","4-2-3-1",0,0.5,"","2","0","https://fbref.com/en/matches/454dc8c7/Alaves-Mallorca-November-1-2024-La-Liga","Mallorca","Away",NA,990,355,295,57,19,1,2,14,28,2,1,1,0,252,3,3
"La Liga","2024-11-02","La Liga (Matchweek 12)","Osasuna","4-3-3",1,2.2,"Ante Budimir (P) · 19&rsquor;","1","0","Valladolid","4-2-3-1",0,0.2,"","5","0","https://fbref.com/en/matches/377a6000/Osasuna-Valladolid-November-2-2024-La-Liga","Osasuna","Home",NA,990,396,348,48,13,2,2,21,22,7,0,5,0,287,0,11
"La Liga","2024-11-02","La Liga (Matchweek 12)","Osasuna","4-3-3",1,2.2,"Ante Budimir (P) · 19&rsquor;","1","0","Valladolid","4-2-3-1",0,0.2,"","5","0","https://fbref.com/en/matches/377a6000/Osasuna-Valladolid-November-2-2024-La-Liga","Valladolid","Away",NA,990,408,344,62,20,1,3,17,26,2,0,1,0,300,2,8
"La Liga","2024-11-02","La Liga (Matchweek 12)","Girona","3-4-3",4,2,"Miguel Gutiérrez · 21&rsquor; Arnau Martinez · 31&rsquor; Cristhian Stuani (P) · 62&rsquor; Sergi (OG) · 73&rsquor;","2","0","Leganés","4-1-2-1-2",3,0.4,"Renato Tapia · 24&rsquor; Juan Cruz · 41&rsquor; Munir El Haddadi · 77&rsquor;","4","0","https://fbref.com/en/matches/12ce04dc/Girona-Leganes-November-2-2024-La-Liga","Girona","Home",NA,990,528,481,46,15,1,6,20,15,6,2,4,0,442,1,9
"La Liga","2024-11-02","La Liga (Matchweek 12)","Girona","3-4-3",4,2,"Miguel Gutiérrez · 21&rsquor; Arnau Martinez · 31&rsquor; Cristhian Stuani (P) · 62&rsquor; Sergi (OG) · 73&rsquor;","2","0","Leganés","4-1-2-1-2",3,0.4,"Renato Tapia · 24&rsquor; Juan Cruz · 41&rsquor; Munir El Haddadi · 77&rsquor;","4","0","https://fbref.com/en/matches/12ce04dc/Girona-Leganes-November-2-2024-La-Liga","Leganés","Away",NA,990,445,398,47,18,1,1,14,18,1,1,0,0,348,0,5
"La Liga","2024-11-03","La Liga (Matchweek 12)","Atlético Madrid","4-4-2",2,1.6,"Giuliano Simeone · 37&rsquor; Alexander Sørloth · 83&rsquor;","1","0","Las Palmas","4-3-3",0,0,"","1","0","https://fbref.com/en/matches/60a46aeb/Atletico-Madrid-Las-Palmas-November-3-2024-La-Liga","Atlético Madrid","Home",NA,990,597,545,51,12,4,2,23,26,9,2,5,0,489,1,15
"La Liga","2024-11-03","La Liga (Matchweek 12)","Atlético Madrid","4-4-2",2,1.6,"Giuliano Simeone · 37&rsquor; Alexander Sørloth · 83&rsquor;","1","0","Las Palmas","4-3-3",0,0,"","1","0","https://fbref.com/en/matches/60a46aeb/Atletico-Madrid-Las-Palmas-November-3-2024-La-Liga","Las Palmas","Away",NA,990,443,394,49,14,1,3,8,20,1,0,1,0,338,0,13
"La Liga","2024-11-03","La Liga (Matchweek 12)","Barcelona","4-2-3-1",3,1.8,"Dani Olmo · 12&rsquor; Raphinha · 23&rsquor; Dani Olmo · 31&rsquor;","0","0","Espanyol","4-1-4-1",1,0.9,"Javi Puado · 63&rsquor;","3","0","https://fbref.com/en/matches/90cf8629/Barcelona-Espanyol-November-3-2024-La-Liga","Barcelona","Home",NA,990,799,741,55,20,3,5,17,15,9,0,6,0,717,3,7
"La Liga","2024-11-03","La Liga (Matchweek 12)","Barcelona","4-2-3-1",3,1.8,"Dani Olmo · 12&rsquor; Raphinha · 23&rsquor; Dani Olmo · 31&rsquor;","0","0","Espanyol","4-1-4-1",1,0.9,"Javi Puado · 63&rsquor;","3","0","https://fbref.com/en/matches/90cf8629/Barcelona-Espanyol-November-3-2024-La-Liga","Espanyol","Away",NA,990,252,203,43,15,1,5,14,14,5,2,1,0,163,6,9
"La Liga","2024-11-03","La Liga (Matchweek 12)","Sevilla","4-2-3-1",0,1.1,"","2","0","Real Sociedad","4-1-4-1",2,1.4,"Takefusa Kubo · 34&rsquor; Mikel Oyarzabal (P) · 68&rsquor;","1","0","https://fbref.com/en/matches/81dad4eb/Sevilla-Real-Sociedad-November-3-2024-La-Liga","Sevilla","Home",NA,990,539,482,56,19,0,1,15,22,5,3,1,0,417,1,18
"La Liga","2024-11-03","La Liga (Matchweek 12)","Sevilla","4-2-3-1",0,1.1,"","2","0","Real Sociedad","4-1-4-1",2,1.4,"Takefusa Kubo · 34&rsquor; Mikel Oyarzabal (P) · 68&rsquor;","1","0","https://fbref.com/en/matches/81dad4eb/Sevilla-Real-Sociedad-November-3-2024-La-Liga","Real Sociedad","Away",NA,990,447,407,38,6,1,3,14,16,9,5,2,0,344,2,6
"La Liga","2024-11-03","La Liga (Matchweek 12)","Athletic Club","4-2-3-1",1,4,"Álex Berenguer · 68&rsquor;","0","0","Real Betis","4-4-2",1,0.9,"Pablo Fornals · 52&rsquor;","0","0","https://fbref.com/en/matches/ef8bf64a/Athletic-Club-Real-Betis-November-3-2024-La-Liga","Athletic Club","Home",NA,990,529,481,45,8,2,6,22,26,6,2,4,0,434,3,10
"La Liga","2024-11-03","La Liga (Matchweek 12)","Athletic Club","4-2-3-1",1,4,"Álex Berenguer · 68&rsquor;","0","0","Real Betis","4-4-2",1,0.9,"Pablo Fornals · 52&rsquor;","0","0","https://fbref.com/en/matches/ef8bf64a/Athletic-Club-Real-Betis-November-3-2024-La-Liga","Real Betis","Away",NA,990,536,493,43,11,1,4,12,21,2,1,0,0,439,0,9
"La Liga","2024-11-04","La Liga (Matchweek 12)","Celta Vigo","3-4-3",1,1.9,"Anastasios Douvikas · 7&rsquor;","1","0","Getafe","4-2-3-1",0,0.5,"Juan Berrocal · 65&rsquor;","5","1","https://fbref.com/en/matches/652b900c/Celta-Vigo-Getafe-November-4-2024-La-Liga","Celta Vigo","Home",NA,990,605,563,38,13,2,1,6,16,0,0,0,0,497,4,9
"La Liga","2024-11-04","La Liga (Matchweek 12)","Celta Vigo","3-4-3",1,1.9,"Anastasios Douvikas · 7&rsquor;","1","0","Getafe","4-2-3-1",0,0.5,"Juan Berrocal · 65&rsquor;","5","1","https://fbref.com/en/matches/652b900c/Celta-Vigo-Getafe-November-4-2024-La-Liga","Getafe","Away",NA,964,449,405,42,15,0,2,20,16,2,0,2,0,340,2,11
"La Liga","2024-11-08","La Liga (Matchweek 13)","Rayo Vallecano","4-4-2",1,2.4,"Scott McKenna (OG) · 90+2&rsquor;","1","0","Las Palmas","4-3-3",3,1.1,"Fábio Silva · 6&rsquor; Aridane Hernández (OG) · 62&rsquor; Manuel Fuster · 66&rsquor;","3","0","https://fbref.com/en/matches/abe69737/Rayo-Vallecano-Las-Palmas-November-8-2024-La-Liga","Rayo Vallecano","Home",NA,990,607,527,76,14,7,4,43,40,12,4,5,0,475,4,16
"La Liga","2024-11-08","La Liga (Matchweek 13)","Rayo Vallecano","4-4-2",1,2.4,"Scott McKenna (OG) · 90+2&rsquor;","1","0","Las Palmas","4-3-3",3,1.1,"Fábio Silva · 6&rsquor; Aridane Hernández (OG) · 62&rsquor; Manuel Fuster · 66&rsquor;","3","0","https://fbref.com/en/matches/abe69737/Rayo-Vallecano-Las-Palmas-November-8-2024-La-Liga","Las Palmas","Away",NA,990,340,281,57,13,3,2,9,19,4,3,1,0,231,2,9
"La Liga","2024-11-09","La Liga (Matchweek 13)","Real Madrid","4-3-3",4,3.1,"Vinicius Júnior · 34&rsquor; Jude Bellingham · 42&rsquor; Vinicius Júnior · 61&rsquor; Vinicius Júnior · 69&rsquor;","0","0","Osasuna","4-3-3",0,0.1,"","2","0","https://fbref.com/en/matches/79bd89e0/Real-Madrid-Osasuna-November-9-2024-La-Liga","Real Madrid","Home",NA,990,672,614,56,16,2,6,17,23,11,2,4,0,593,2,8
"La Liga","2024-11-09","La Liga (Matchweek 13)","Real Madrid","4-3-3",4,3.1,"Vinicius Júnior · 34&rsquor; Jude Bellingham · 42&rsquor; Vinicius Júnior · 61&rsquor; Vinicius Júnior · 69&rsquor;","0","0","Osasuna","4-3-3",0,0.1,"","2","0","https://fbref.com/en/matches/79bd89e0/Real-Madrid-Osasuna-November-9-2024-La-Liga","Osasuna","Away",NA,990,321,276,44,10,2,3,12,17,3,0,3,0,232,1,13
"La Liga","2024-11-09","La Liga (Matchweek 13)","Villarreal","4-4-2",3,1.5,"Ilias Akhomach · 38&rsquor; Daniel Parejo (P) · 81&rsquor; Santi Comesaña · 90&rsquor;","1","0","Alavés","4-2-3-1",0,0.5,"","3","0","https://fbref.com/en/matches/570273ee/Villarreal-Alaves-November-9-2024-La-Liga","Villarreal","Home",NA,990,535,475,57,20,4,3,25,20,7,2,3,0,431,3,14
"La Liga","2024-11-09","La Liga (Matchweek 13)","Villarreal","4-4-2",3,1.5,"Ilias Akhomach · 38&rsquor; Daniel Parejo (P) · 81&rsquor; Santi Comesaña · 90&rsquor;","1","0","Alavés","4-2-3-1",0,0.5,"","3","0","https://fbref.com/en/matches/570273ee/Villarreal-Alaves-November-9-2024-La-Liga","Alavés","Away",NA,990,321,273,47,19,0,4,20,13,2,2,0,0,224,1,13
"La Liga","2024-11-09","La Liga (Matchweek 13)","Leganés","4-2-3-1",1,1.1,"Miguel (P) · 82&rsquor;","2","0","Sevilla","4-3-3",0,0.6,"Lucien Agoume · 80&rsquor;","1","1","https://fbref.com/en/matches/7925ae38/Leganes-Sevilla-November-9-2024-La-Liga","Leganés","Home",NA,990,410,366,41,10,1,2,7,20,0,0,0,0,278,3,7
"La Liga","2024-11-09","La Liga (Matchweek 13)","Leganés","4-2-3-1",1,1.1,"Miguel (P) · 82&rsquor;","2","0","Sevilla","4-3-3",0,0.6,"Lucien Agoume · 80&rsquor;","1","1","https://fbref.com/en/matches/7925ae38/Leganes-Sevilla-November-9-2024-La-Liga","Sevilla","Away",NA,979,540,493,44,10,2,3,17,20,6,6,0,0,405,3,5
"La Liga","2024-11-10","La Liga (Matchweek 13)","Real Betis","4-4-1-1",2,1.6,"Vitor Roque · 40&rsquor; Marc Bartra · 90+5&rsquor;","3","0","Celta Vigo","3-4-3",2,1.2,"Javi Rodríguez · 13&rsquor; Anastasios Douvikas · 82&rsquor;","0","0","https://fbref.com/en/matches/2307f9b9/Real-Betis-Celta-Vigo-November-10-2024-La-Liga","Real Betis","Home",NA,990,623,575,47,12,1,6,24,28,2,1,0,0,525,1,12
"La Liga","2024-11-10","La Liga (Matchweek 13)","Real Betis","4-4-1-1",2,1.6,"Vitor Roque · 40&rsquor; Marc Bartra · 90+5&rsquor;","3","0","Celta Vigo","3-4-3",2,1.2,"Javi Rodríguez · 13&rsquor; Anastasios Douvikas · 82&rsquor;","0","0","https://fbref.com/en/matches/2307f9b9/Real-Betis-Celta-Vigo-November-10-2024-La-Liga","Celta Vigo","Away",NA,990,487,430,53,13,0,6,9,20,0,0,0,0,401,4,6
"La Liga","2024-11-10","La Liga (Matchweek 13)","Mallorca","4-4-2",0,0.6,"","1","0","Atlético Madrid","4-4-1-1",1,0.6,"Julián Álvarez · 61&rsquor;","3","0","https://fbref.com/en/matches/f6040fa5/Mallorca-Atletico-Madrid-November-10-2024-La-Liga","Mallorca","Home",NA,990,582,527,52,15,4,2,25,22,7,2,2,0,506,3,4
"La Liga","2024-11-10","La Liga (Matchweek 13)","Mallorca","4-4-2",0,0.6,"","1","0","Atlético Madrid","4-4-1-1",1,0.6,"Julián Álvarez · 61&rsquor;","3","0","https://fbref.com/en/matches/f6040fa5/Mallorca-Atletico-Madrid-November-10-2024-La-Liga","Atlético Madrid","Away",NA,990,515,474,40,13,2,3,7,18,2,0,1,0,450,1,5
"La Liga","2024-11-10","La Liga (Matchweek 13)","Getafe","4-2-3-1",0,0.6,"","3","0","Girona","4-2-3-1",1,0.2,"Yangel Herrera · 42&rsquor;","3","0","https://fbref.com/en/matches/26d75d6d/Getafe-Girona-November-10-2024-La-Liga","Getafe","Home",NA,990,449,396,51,14,0,3,37,26,5,4,1,0,336,2,6
"La Liga","2024-11-10","La Liga (Matchweek 13)","Getafe","4-2-3-1",0,0.6,"","3","0","Girona","4-2-3-1",1,0.2,"Yangel Herrera · 42&rsquor;","3","0","https://fbref.com/en/matches/26d75d6d/Getafe-Girona-November-10-2024-La-Liga","Girona","Away",NA,990,497,444,53,27,0,3,5,17,2,0,1,0,400,0,12
"La Liga","2024-11-10","La Liga (Matchweek 13)","Valladolid","5-4-1",1,0.6,"Raúl Moro · 79&rsquor;","4","0","Athletic Club","4-2-3-1",1,1.2,"Gorka Guruzeta · 90+4&rsquor;","4","0","https://fbref.com/en/matches/57eb3b4f/Valladolid-Athletic-Club-November-10-2024-La-Liga","Valladolid","Home",NA,990,317,266,49,15,0,0,17,10,5,2,1,0,220,2,11
"La Liga","2024-11-10","La Liga (Matchweek 13)","Valladolid","5-4-1",1,0.6,"Raúl Moro · 79&rsquor;","4","0","Athletic Club","4-2-3-1",1,1.2,"Gorka Guruzeta · 90+4&rsquor;","4","0","https://fbref.com/en/matches/57eb3b4f/Valladolid-Athletic-Club-November-10-2024-La-Liga","Athletic Club","Away",NA,990,606,552,51,14,2,2,28,27,5,2,1,0,509,3,8
"La Liga","2024-11-10","La Liga (Matchweek 13)","Real Sociedad","4-1-4-1",1,2,"Sheraldo Becker · 33&rsquor;","3","0","Barcelona","4-2-3-1",0,0.7,"","1","0","https://fbref.com/en/matches/5f83ac85/Real-Sociedad-Barcelona-November-10-2024-La-Liga","Real Sociedad","Home",NA,990,301,256,42,9,0,5,10,18,7,3,4,0,203,3,4
"La Liga","2024-11-10","La Liga (Matchweek 13)","Real Sociedad","4-1-4-1",1,2,"Sheraldo Becker · 33&rsquor;","3","0","Barcelona","4-2-3-1",0,0.7,"","1","0","https://fbref.com/en/matches/5f83ac85/Real-Sociedad-Barcelona-November-10-2024-La-Liga","Barcelona","Away",NA,990,677,609,64,20,2,4,25,27,6,2,1,0,554,4,10
"La Liga","2024-11-22","La Liga (Matchweek 14)","Getafe","4-4-2",2,0.6,"Álvaro Rodríguez · 70&rsquor; Allan Nyom · 73&rsquor;","3","0","Valladolid","5-4-1",0,1.1,"","2","0","https://fbref.com/en/matches/7f56d98f/Getafe-Valladolid-November-22-2024-La-Liga","Getafe","Home",NA,990,394,331,59,18,1,1,31,27,3,1,2,0,281,4,5
"La Liga","2024-11-22","La Liga (Matchweek 14)","Getafe","4-4-2",2,0.6,"Álvaro Rodríguez · 70&rsquor; Allan Nyom · 73&rsquor;","3","0","Valladolid","5-4-1",0,1.1,"","2","0","https://fbref.com/en/matches/7f56d98f/Getafe-Valladolid-November-22-2024-La-Liga","Valladolid","Away",NA,990,302,250,48,17,2,1,16,14,2,1,0,0,177,4,9
"La Liga","2024-11-23","La Liga (Matchweek 14)","Valencia","5-4-1",4,1.5,"César Tárrega · 8&rsquor; Hugo Duro · 50&rsquor; Hugo Duro · 53&rsquor; Diego López · 56&rsquor;","4","0","Real Betis","4-2-3-1",2,1.3,"Hugo Duro (OG) · 14&rsquor; Ezequiel Ávila · 66&rsquor;","2","0","https://fbref.com/en/matches/818dc175/Valencia-Real-Betis-November-23-2024-La-Liga","Valencia","Home",NA,990,453,399,50,22,3,2,13,18,2,0,1,0,355,4,9
"La Liga","2024-11-23","La Liga (Matchweek 14)","Valencia","5-4-1",4,1.5,"César Tárrega · 8&rsquor; Hugo Duro · 50&rsquor; Hugo Duro · 53&rsquor; Diego López · 56&rsquor;","4","0","Real Betis","4-2-3-1",2,1.3,"Hugo Duro (OG) · 14&rsquor; Ezequiel Ávila · 66&rsquor;","2","0","https://fbref.com/en/matches/818dc175/Valencia-Real-Betis-November-23-2024-La-Liga","Real Betis","Away",NA,990,489,426,57,14,2,4,14,29,4,3,1,0,394,6,8
"La Liga","2024-11-23","La Liga (Matchweek 14)","Atlético Madrid","4-4-2",2,1.6,"Antoine Griezmann (P) · 76&rsquor; Alexander Sørloth · 86&rsquor;","3","0","Alavés","4-2-3-1",1,0.9,"Jon Guridi (P) · 7&rsquor;","3","0","https://fbref.com/en/matches/27871b65/Atletico-Madrid-Alaves-November-23-2024-La-Liga","Atlético Madrid","Home",NA,990,662,593,66,20,5,3,29,36,5,1,1,0,540,3,18
"La Liga","2024-11-23","La Liga (Matchweek 14)","Atlético Madrid","4-4-2",2,1.6,"Antoine Griezmann (P) · 76&rsquor; Alexander Sørloth · 86&rsquor;","3","0","Alavés","4-2-3-1",1,0.9,"Jon Guridi (P) · 7&rsquor;","3","0","https://fbref.com/en/matches/27871b65/Atletico-Madrid-Alaves-November-23-2024-La-Liga","Alavés","Away",NA,990,286,239,45,19,0,3,3,18,0,0,0,0,195,2,7
"La Liga","2024-11-23","La Liga (Matchweek 14)","Las Palmas","4-2-3-1",2,1.2,"Dario Essugo · 77&rsquor; Fábio Silva (P) · 83&rsquor;","4","0","Mallorca","4-4-2",3,1.7,"Dani Rodríguez · 46&rsquor; Roberto Navarro · 56&rsquor; Vedat Muriqi · 88&rsquor; Johan Mojica · 90+1&rsquor;","2","1","https://fbref.com/en/matches/243cb41c/Las-Palmas-Mallorca-November-23-2024-La-Liga","Las Palmas","Home",NA,990,535,487,47,16,1,3,27,17,4,0,4,0,436,1,6
"La Liga","2024-11-23","La Liga (Matchweek 14)","Las Palmas","4-2-3-1",2,1.2,"Dario Essugo · 77&rsquor; Fábio Silva (P) · 83&rsquor;","4","0","Mallorca","4-4-2",3,1.7,"Dani Rodríguez · 46&rsquor; Roberto Navarro · 56&rsquor; Vedat Muriqi · 88&rsquor; Johan Mojica · 90+1&rsquor;","2","1","https://fbref.com/en/matches/243cb41c/Las-Palmas-Mallorca-November-23-2024-La-Liga","Mallorca","Away",NA,987,338,295,43,11,1,1,18,19,3,3,0,0,247,0,7
"La Liga","2024-11-23","La Liga (Matchweek 14)","Girona","4-2-3-1",4,3.5,"Bryan Gil · 4&rsquor; Bojan Miovski · 16&rsquor; Bojan Miovski · 21&rsquor; Ladislav Krejčí · 27&rsquor;","0","0","Espanyol","5-4-1",1,0.5,"Javi Puado · 55&rsquor;","3","0","https://fbref.com/en/matches/cdb994ab/Girona-Espanyol-November-23-2024-La-Liga","Girona","Home",NA,990,812,765,47,19,0,6,18,18,6,2,4,0,724,0,9
"La Liga","2024-11-23","La Liga (Matchweek 14)","Girona","4-2-3-1",4,3.5,"Bryan Gil · 4&rsquor; Bojan Miovski · 16&rsquor; Bojan Miovski · 21&rsquor; Ladislav Krejčí · 27&rsquor;","0","0","Espanyol","5-4-1",1,0.5,"Javi Puado · 55&rsquor;","3","0","https://fbref.com/en/matches/cdb994ab/Girona-Espanyol-November-23-2024-La-Liga","Espanyol","Away",NA,990,265,239,26,4,1,1,16,9,3,0,2,0,195,0,7
"La Liga","2024-11-23","La Liga (Matchweek 14)","Celta Vigo","4-4-2",2,2.5,"Alfon · 84&rsquor; Hugo Álvarez · 86&rsquor;","5","0","Barcelona","4-2-3-1",2,1.8,"Raphinha · 15&rsquor; Robert Lewandowski · 61&rsquor; Marc Casado · 82&rsquor;","6","1","https://fbref.com/en/matches/ffb1fa1d/Celta-Vigo-Barcelona-November-23-2024-La-Liga","Celta Vigo","Home",NA,990,438,385,51,11,1,5,12,27,5,2,1,0,329,2,10
"La Liga","2024-11-23","La Liga (Matchweek 14)","Celta Vigo","4-4-2",2,2.5,"Alfon · 84&rsquor; Hugo Álvarez · 86&rsquor;","5","0","Barcelona","4-2-3-1",2,1.8,"Raphinha · 15&rsquor; Robert Lewandowski · 61&rsquor; Marc Casado · 82&rsquor;","6","1","https://fbref.com/en/matches/ffb1fa1d/Celta-Vigo-Barcelona-November-23-2024-La-Liga","Barcelona","Away",NA,981,624,573,48,15,5,9,8,21,1,0,0,0,520,3,11
"La Liga","2024-11-24","La Liga (Matchweek 14)","Osasuna","4-3-3",2,1,"Ante Budimir · 8&rsquor; Ante Budimir (P) · 20&rsquor;","6","0","Villarreal","4-4-2",2,2.5,"Alex Baena · 67&rsquor; Gerard Moreno (P) · 90+3&rsquor;","5","0","https://fbref.com/en/matches/e5de943f/Osasuna-Villarreal-November-24-2024-La-Liga","Osasuna","Home",NA,990,381,330,51,17,2,6,7,23,0,0,0,0,282,0,10
"La Liga","2024-11-24","La Liga (Matchweek 14)","Osasuna","4-3-3",2,1,"Ante Budimir · 8&rsquor; Ante Budimir (P) · 20&rsquor;","6","0","Villarreal","4-4-2",2,2.5,"Alex Baena · 67&rsquor; Gerard Moreno (P) · 90+3&rsquor;","5","0","https://fbref.com/en/matches/e5de943f/Osasuna-Villarreal-November-24-2024-La-Liga","Villarreal","Away",NA,990,551,499,47,11,3,3,25,19,8,0,7,0,440,5,13
"La Liga","2024-11-24","La Liga (Matchweek 14)","Sevilla","4-2-3-1",1,1.1,"Djibril Sow · 27&rsquor;","2","0","Rayo Vallecano","4-3-3",0,0.8,"Unai López · 45+1&rsquor;","5","1","https://fbref.com/en/matches/e88639fb/Sevilla-Rayo-Vallecano-November-24-2024-La-Liga","Sevilla","Home",NA,990,464,405,59,17,1,1,17,28,8,4,3,0,367,0,10
"La Liga","2024-11-24","La Liga (Matchweek 14)","Sevilla","4-2-3-1",1,1.1,"Djibril Sow · 27&rsquor;","2","0","Rayo Vallecano","4-3-3",0,0.8,"Unai López · 45+1&rsquor;","5","1","https://fbref.com/en/matches/e88639fb/Sevilla-Rayo-Vallecano-November-24-2024-La-Liga","Rayo Vallecano","Away",NA,944,417,371,43,13,0,3,13,17,3,2,0,0,322,3,3
"La Liga","2024-11-24","La Liga (Matchweek 14)","Leganés","3-4-3",0,0.1,"","2","0","Real Madrid","4-4-2",3,1.8,"Kylian Mbappé · 43&rsquor; Federico Valverde · 66&rsquor; Jude Bellingham · 85&rsquor;","0","0","https://fbref.com/en/matches/e2ee9d3d/Leganes-Real-Madrid-November-24-2024-La-Liga","Leganés","Home",NA,990,329,286,41,11,0,1,12,17,2,0,1,0,252,2,6
"La Liga","2024-11-24","La Liga (Matchweek 14)","Leganés","3-4-3",0,0.1,"","2","0","Real Madrid","4-4-2",3,1.8,"Kylian Mbappé · 43&rsquor; Federico Valverde · 66&rsquor; Jude Bellingham · 85&rsquor;","0","0","https://fbref.com/en/matches/e2ee9d3d/Leganes-Real-Madrid-November-24-2024-La-Liga","Real Madrid","Away",NA,990,671,623,47,18,4,4,14,17,4,3,1,0,588,1,8
"La Liga","2024-11-24","La Liga (Matchweek 14)","Athletic Club","4-2-3-1",1,1.3,"Oihan Sancet · 26&rsquor;","3","0","Real Sociedad","4-1-4-1",0,0.5,"","4","0","https://fbref.com/en/matches/fa0d939a/Athletic-Club-Real-Sociedad-November-24-2024-La-Liga","Athletic Club","Home",NA,990,367,311,55,12,2,4,20,31,4,1,3,0,261,1,15
"La Liga","2024-11-24","La Liga (Matchweek 14)","Athletic Club","4-2-3-1",1,1.3,"Oihan Sancet · 26&rsquor;","3","0","Real Sociedad","4-1-4-1",0,0.5,"","4","0","https://fbref.com/en/matches/fa0d939a/Athletic-Club-Real-Sociedad-November-24-2024-La-Liga","Real Sociedad","Away",NA,990,531,474,54,19,1,7,14,22,4,0,4,0,426,3,11
"La Liga","2024-11-29","La Liga (Matchweek 15)","Mallorca","4-2-3-1",2,0.8,"Cyle Larin · 45+3&rsquor; Abdón Prats · 81&rsquor;","1","0","Valencia","5-4-1",1,1.3,"Luis Rioja (P) · 32&rsquor;","1","0","https://fbref.com/en/matches/fc79d1e0/Mallorca-Valencia-November-29-2024-La-Liga","Mallorca","Home",NA,990,476,424,49,12,1,4,12,19,3,0,3,0,369,3,8
"La Liga","2024-11-29","La Liga (Matchweek 15)","Mallorca","4-2-3-1",2,0.8,"Cyle Larin · 45+3&rsquor; Abdón Prats · 81&rsquor;","1","0","Valencia","5-4-1",1,1.3,"Luis Rioja (P) · 32&rsquor;","1","0","https://fbref.com/en/matches/fc79d1e0/Mallorca-Valencia-November-29-2024-La-Liga","Valencia","Away",NA,990,510,460,50,11,0,3,20,22,6,3,1,0,393,0,11
"La Liga","2024-11-30","La Liga (Matchweek 15)","Barcelona","4-2-3-1",1,2.3,"Raphinha · 61&rsquor;","0","0","Las Palmas","4-2-3-1",2,0.5,"Sandro Ramírez · 49&rsquor; Fábio Silva · 67&rsquor;","0","0","https://fbref.com/en/matches/00bca7c4/Barcelona-Las-Palmas-November-30-2024-La-Liga","Barcelona","Home",NA,990,672,621,49,14,2,2,24,21,7,2,1,0,581,2,10
"La Liga","2024-11-30","La Liga (Matchweek 15)","Barcelona","4-2-3-1",1,2.3,"Raphinha · 61&rsquor;","0","0","Las Palmas","4-2-3-1",2,0.5,"Sandro Ramírez · 49&rsquor; Fábio Silva · 67&rsquor;","0","0","https://fbref.com/en/matches/00bca7c4/Barcelona-Las-Palmas-November-30-2024-La-Liga","Las Palmas","Away",NA,990,296,252,39,9,1,1,3,17,0,0,0,0,193,5,10
"La Liga","2024-11-30","La Liga (Matchweek 15)","Alavés","4-3-3",1,1.1,"Carlos Vicente · 87&rsquor;","1","0","Leganés","4-2-3-1",1,0.9,"Óscar Rodríguez Arnaiz · 67&rsquor;","4","0","https://fbref.com/en/matches/62f87a02/Alaves-Leganes-November-30-2024-La-Liga","Alavés","Home",NA,990,440,372,67,17,1,5,51,33,13,3,8,0,315,1,6
"La Liga","2024-11-30","La Liga (Matchweek 15)","Alavés","4-3-3",1,1.1,"Carlos Vicente · 87&rsquor;","1","0","Leganés","4-2-3-1",1,0.9,"Óscar Rodríguez Arnaiz · 67&rsquor;","4","0","https://fbref.com/en/matches/62f87a02/Alaves-Leganes-November-30-2024-La-Liga","Leganés","Away",NA,990,292,241,49,16,2,1,15,16,8,2,3,0,191,2,5
"La Liga","2024-11-30","La Liga (Matchweek 15)","Espanyol","4-1-4-1",3,0.9,"Irvin Cardona · 40&rsquor; Leandro Cabrera · 53&rsquor; Walid Cheddira · 87&rsquor;","2","0","Celta Vigo","3-5-1-1",1,1.6,"Iago Aspas (P) · 83&rsquor;","2","0","https://fbref.com/en/matches/2f5ca11f/Espanyol-Celta-Vigo-November-30-2024-La-Liga","Espanyol","Home",NA,990,213,174,37,7,1,1,9,16,2,0,1,0,138,2,3
"La Liga","2024-11-30","La Liga (Matchweek 15)","Espanyol","4-1-4-1",3,0.9,"Irvin Cardona · 40&rsquor; Leandro Cabrera · 53&rsquor; Walid Cheddira · 87&rsquor;","2","0","Celta Vigo","3-5-1-1",1,1.6,"Iago Aspas (P) · 83&rsquor;","2","0","https://fbref.com/en/matches/2f5ca11f/Espanyol-Celta-Vigo-November-30-2024-La-Liga","Celta Vigo","Away",NA,990,775,722,53,13,1,6,20,26,5,1,2,0,680,0,11
"La Liga","2024-11-30","La Liga (Matchweek 15)","Valladolid","5-4-1",0,0.6,"","1","0","Atlético Madrid","4-4-2",5,4,"Clément Lenglet · 26&rsquor; Julián Álvarez · 35&rsquor; Rodrigo De Paul · 37&rsquor; Antoine Griezmann · 52&rsquor; Alexander Sørloth · 90+2&rsquor;","2","0","https://fbref.com/en/matches/34a6798a/Valladolid-Atletico-Madrid-November-30-2024-La-Liga","Valladolid","Home",NA,990,521,481,39,14,0,3,20,14,3,2,1,0,437,1,4
"La Liga","2024-11-30","La Liga (Matchweek 15)","Valladolid","5-4-1",0,0.6,"","1","0","Atlético Madrid","4-4-2",5,4,"Clément Lenglet · 26&rsquor; Julián Álvarez · 35&rsquor; Rodrigo De Paul · 37&rsquor; Antoine Griezmann · 52&rsquor; Alexander Sørloth · 90+2&rsquor;","2","0","https://fbref.com/en/matches/34a6798a/Valladolid-Atletico-Madrid-November-30-2024-La-Liga","Atlético Madrid","Away",NA,990,644,602,39,7,6,5,10,20,5,2,1,0,551,3,7
"La Liga","2024-12-01","La Liga (Matchweek 15)","Villarreal","4-4-2",2,2,"Thierno Barry · 23&rsquor; Alex Baena · 46&rsquor;","2","0","Girona","4-2-3-1",2,0.5,"Donny van de Beek · 66&rsquor; Ladislav Krejčí · 90+7&rsquor;","6","0","https://fbref.com/en/matches/0b823038/Villarreal-Girona-December-1-2024-La-Liga","Villarreal","Home",NA,990,404,363,37,15,2,3,9,12,1,0,0,0,321,4,7
"La Liga","2024-12-01","La Liga (Matchweek 15)","Villarreal","4-4-2",2,2,"Thierno Barry · 23&rsquor; Alex Baena · 46&rsquor;","2","0","Girona","4-2-3-1",2,0.5,"Donny van de Beek · 66&rsquor; Ladislav Krejčí · 90+7&rsquor;","6","0","https://fbref.com/en/matches/0b823038/Villarreal-Girona-December-1-2024-La-Liga","Girona","Away",NA,990,705,668,35,12,0,7,23,9,5,3,1,0,630,2,4
"La Liga","2024-12-01","La Liga (Matchweek 15)","Real Madrid","4-3-3",2,3.2,"Jude Bellingham (P) · 30&rsquor; Kylian Mbappé · 38&rsquor;","2","0","Getafe","4-4-2",0,0.5,"","6","0","https://fbref.com/en/matches/6e3da6f1/Real-Madrid-Getafe-December-1-2024-La-Liga","Real Madrid","Home",NA,990,659,595,60,28,4,9,11,19,5,3,2,0,581,4,8
"La Liga","2024-12-01","La Liga (Matchweek 15)","Real Madrid","4-3-3",2,3.2,"Jude Bellingham (P) · 30&rsquor; Kylian Mbappé · 38&rsquor;","2","0","Getafe","4-4-2",0,0.5,"","6","0","https://fbref.com/en/matches/6e3da6f1/Real-Madrid-Getafe-December-1-2024-La-Liga","Getafe","Away",NA,990,298,253,42,11,0,1,12,14,3,1,2,0,214,3,5
"La Liga","2024-12-01","La Liga (Matchweek 15)","Rayo Vallecano","4-4-2",1,0.2,"Randy Nteka · 14&rsquor;","3","0","Athletic Club","4-2-3-1",2,0.7,"Oihan Sancet · 65&rsquor; Oihan Sancet · 78&rsquor;","0","0","https://fbref.com/en/matches/8dcf829f/Rayo-Vallecano-Athletic-Club-December-1-2024-La-Liga","Rayo Vallecano","Home",NA,990,454,394,54,6,1,3,13,31,1,1,0,0,335,6,12
"La Liga","2024-12-01","La Liga (Matchweek 15)","Rayo Vallecano","4-4-2",1,0.2,"Randy Nteka · 14&rsquor;","3","0","Athletic Club","4-2-3-1",2,0.7,"Oihan Sancet · 65&rsquor; Oihan Sancet · 78&rsquor;","0","0","https://fbref.com/en/matches/8dcf829f/Rayo-Vallecano-Athletic-Club-December-1-2024-La-Liga","Athletic Club","Away",NA,990,494,434,60,20,0,7,15,25,7,3,1,0,367,0,13
"La Liga","2024-12-01","La Liga (Matchweek 15)","Real Sociedad","4-3-3",2,0.8,"Diego Llorente (OG) · 14&rsquor; Mikel Oyarzabal (P) · 31&rsquor;","3","0","Real Betis","4-2-3-1",0,0.4,"","2","0","https://fbref.com/en/matches/11bcd802/Real-Sociedad-Real-Betis-December-1-2024-La-Liga","Real Sociedad","Home",NA,990,394,351,38,10,0,4,7,20,0,0,0,0,286,5,9
"La Liga","2024-12-01","La Liga (Matchweek 15)","Real Sociedad","4-3-3",2,0.8,"Diego Llorente (OG) · 14&rsquor; Mikel Oyarzabal (P) · 31&rsquor;","3","0","Real Betis","4-2-3-1",0,0.4,"","2","0","https://fbref.com/en/matches/11bcd802/Real-Sociedad-Real-Betis-December-1-2024-La-Liga","Real Betis","Away",NA,990,577,496,80,33,3,3,13,37,4,3,1,0,468,1,16
"La Liga","2024-12-02","La Liga (Matchweek 15)","Sevilla","4-3-3",1,1.3,"Dodi Lukebakio · 72&rsquor;","1","0","Osasuna","4-3-3",1,0.7,"Ante Budimir · 69&rsquor;","1","0","https://fbref.com/en/matches/018fa1b4/Sevilla-Osasuna-December-2-2024-La-Liga","Sevilla","Home",NA,990,541,475,61,16,2,2,21,34,5,3,1,0,429,5,7
"La Liga","2024-12-02","La Liga (Matchweek 15)","Sevilla","4-3-3",1,1.3,"Dodi Lukebakio · 72&rsquor;","1","0","Osasuna","4-3-3",1,0.7,"Ante Budimir · 69&rsquor;","1","0","https://fbref.com/en/matches/018fa1b4/Sevilla-Osasuna-December-2-2024-La-Liga","Osasuna","Away",NA,990,304,245,58,16,0,1,14,31,1,0,0,0,193,1,10
"La Liga","2024-12-03","La Liga (Matchweek 19)","Mallorca","4-4-2",1,0.9,"Vedat Muriqi · 43&rsquor;","4","0","Barcelona","4-2-3-1",5,5,"Ferrán Torres · 12&rsquor; Raphinha (P) · 56&rsquor; Raphinha · 74&rsquor; Frenkie de Jong · 79&rsquor; Pau Victor Delgado · 84&rsquor;","3","0","https://fbref.com/en/matches/fce1658d/Mallorca-Barcelona-December-3-2024-La-Liga","Mallorca","Home",NA,990,370,310,49,13,6,1,17,21,2,1,1,0,260,11,8
"La Liga","2024-12-03","La Liga (Matchweek 19)","Mallorca","4-4-2",1,0.9,"Vedat Muriqi · 43&rsquor;","4","0","Barcelona","4-2-3-1",5,5,"Ferrán Torres · 12&rsquor; Raphinha (P) · 56&rsquor; Raphinha · 74&rsquor; Frenkie de Jong · 79&rsquor; Pau Victor Delgado · 84&rsquor;","3","0","https://fbref.com/en/matches/fce1658d/Mallorca-Barcelona-December-3-2024-La-Liga","Barcelona","Away",NA,990,526,482,44,22,3,5,11,10,5,0,3,0,432,0,10
"La Liga","2024-12-04","La Liga (Matchweek 19)","Athletic Club","4-2-3-1",2,1.8,"Álex Berenguer · 53&rsquor; Gorka Guruzeta · 80&rsquor;","3","0","Real Madrid","4-4-2",1,1.7,"Jude Bellingham · 78&rsquor;","3","0","https://fbref.com/en/matches/8eba22e2/Athletic-Club-Real-Madrid-December-4-2024-La-Liga","Athletic Club","Home",NA,990,383,341,38,11,0,2,23,14,5,1,2,0,288,4,11
"La Liga","2024-12-04","La Liga (Matchweek 19)","Athletic Club","4-2-3-1",2,1.8,"Álex Berenguer · 53&rsquor; Gorka Guruzeta · 80&rsquor;","3","0","Real Madrid","4-4-2",1,1.7,"Jude Bellingham · 78&rsquor;","3","0","https://fbref.com/en/matches/8eba22e2/Athletic-Club-Real-Madrid-December-4-2024-La-Liga","Real Madrid","Away",NA,990,656,592,61,24,1,4,10,22,2,0,2,0,564,3,10
"La Liga","2024-12-06","La Liga (Matchweek 16)","Celta Vigo","3-4-3",2,0.9,"Hugo Álvarez · 32&rsquor; Iago Aspas · 82&rsquor;","1","0","Mallorca","4-2-3-1",0,0.8,"Antonio Raillo · 78&rsquor;","0","1","https://fbref.com/en/matches/b53b2cc8/Celta-Vigo-Mallorca-December-6-2024-La-Liga","Celta Vigo","Home",NA,990,543,505,38,13,2,1,8,18,3,3,0,0,452,0,11
"La Liga","2024-12-06","La Liga (Matchweek 16)","Celta Vigo","3-4-3",2,0.9,"Hugo Álvarez · 32&rsquor; Iago Aspas · 82&rsquor;","1","0","Mallorca","4-2-3-1",0,0.8,"Antonio Raillo · 78&rsquor;","0","1","https://fbref.com/en/matches/b53b2cc8/Celta-Vigo-Mallorca-December-6-2024-La-Liga","Mallorca","Away",NA,977,552,508,41,8,1,3,21,21,3,0,3,0,456,3,8
"La Liga","2024-12-07","La Liga (Matchweek 16)","Las Palmas","4-2-3-1",2,1.1,"Sandro Ramírez · 20&rsquor; Sandro Ramírez · 64&rsquor;","4","0","Valladolid","4-1-4-1",1,1.3,"Marcos André · 45&rsquor;","3","0","https://fbref.com/en/matches/036a4747/Las-Palmas-Valladolid-December-7-2024-La-Liga","Las Palmas","Home",NA,990,545,497,48,14,1,1,9,22,3,1,0,0,451,0,8
"La Liga","2024-12-07","La Liga (Matchweek 16)","Las Palmas","4-2-3-1",2,1.1,"Sandro Ramírez · 20&rsquor; Sandro Ramírez · 64&rsquor;","4","0","Valladolid","4-1-4-1",1,1.3,"Marcos André · 45&rsquor;","3","0","https://fbref.com/en/matches/036a4747/Las-Palmas-Valladolid-December-7-2024-La-Liga","Valladolid","Away",NA,990,396,350,43,16,1,5,17,16,3,2,1,0,300,3,5
"La Liga","2024-12-07","La Liga (Matchweek 16)","Real Betis","4-2-3-1",2,3.1,"Giovani Lo Celso (P) · 68&rsquor; Assane Diao · 90+4&rsquor;","1","0","Barcelona","4-3-3",2,1.9,"Robert Lewandowski · 39&rsquor; Ferrán Torres · 82&rsquor;","2","0","https://fbref.com/en/matches/fb5d09d6/Real-Betis-Barcelona-December-7-2024-La-Liga","Real Betis","Home",NA,990,351,304,47,16,1,6,21,14,6,3,3,0,256,0,11
"La Liga","2024-12-07","La Liga (Matchweek 16)","Real Betis","4-2-3-1",2,3.1,"Giovani Lo Celso (P) · 68&rsquor; Assane Diao · 90+4&rsquor;","1","0","Barcelona","4-3-3",2,1.9,"Robert Lewandowski · 39&rsquor; Ferrán Torres · 82&rsquor;","2","0","https://fbref.com/en/matches/fb5d09d6/Real-Betis-Barcelona-December-7-2024-La-Liga","Barcelona","Away",NA,990,565,514,47,15,3,2,18,18,4,2,0,0,469,4,9
"La Liga","2024-12-07","La Liga (Matchweek 16)","Valencia","5-4-1",0,1.3,"","2","0","Rayo Vallecano","4-2-3-1",1,0.9,"Pathé Ciss · 7&rsquor;","2","0","https://fbref.com/en/matches/24f9975b/Valencia-Rayo-Vallecano-December-7-2024-La-Liga","Valencia","Home",NA,990,539,470,67,15,1,7,40,34,9,5,3,0,418,2,17
"La Liga","2024-12-07","La Liga (Matchweek 16)","Valencia","5-4-1",0,1.3,"","2","0","Rayo Vallecano","4-2-3-1",1,0.9,"Pathé Ciss · 7&rsquor;","2","0","https://fbref.com/en/matches/24f9975b/Valencia-Rayo-Vallecano-December-7-2024-La-Liga","Rayo Vallecano","Away",NA,990,353,305,45,7,1,3,9,23,4,2,2,0,238,3,14
"La Liga","2024-12-07","La Liga (Matchweek 16)","Girona","4-2-3-1",0,0.3,"","3","0","Real Madrid","4-2-3-1",3,1,"Jude Bellingham · 36&rsquor; Arda Güler · 55&rsquor; Kylian Mbappé · 62&rsquor;","2","0","https://fbref.com/en/matches/6ebd56ef/Girona-Real-Madrid-December-7-2024-La-Liga","Girona","Home",NA,990,502,470,31,8,0,4,19,11,6,4,1,0,436,1,10
"La Liga","2024-12-07","La Liga (Matchweek 16)","Girona","4-2-3-1",0,0.3,"","3","0","Real Madrid","4-2-3-1",3,1,"Jude Bellingham · 36&rsquor; Arda Güler · 55&rsquor; Kylian Mbappé · 62&rsquor;","2","0","https://fbref.com/en/matches/6ebd56ef/Girona-Real-Madrid-December-7-2024-La-Liga","Real Madrid","Away",NA,990,701,664,36,7,3,5,9,14,3,3,0,0,641,1,8
"La Liga","2024-12-08","La Liga (Matchweek 16)","Leganés","4-2-3-1",0,0.7,"","2","0","Real Sociedad","4-4-2",3,1.8,"Brais Méndez · 14&rsquor; Ander Barrenetxea · 78&rsquor; Mikel Oyarzabal · 90+2&rsquor;","2","0","https://fbref.com/en/matches/37cd2f6c/Leganes-Real-Sociedad-December-8-2024-La-Liga","Leganés","Home",NA,990,473,416,52,14,1,4,14,23,5,2,3,0,353,5,12
"La Liga","2024-12-08","La Liga (Matchweek 16)","Leganés","4-2-3-1",0,0.7,"","2","0","Real Sociedad","4-4-2",3,1.8,"Brais Méndez · 14&rsquor; Ander Barrenetxea · 78&rsquor; Mikel Oyarzabal · 90+2&rsquor;","2","0","https://fbref.com/en/matches/37cd2f6c/Leganes-Real-Sociedad-December-8-2024-La-Liga","Real Sociedad","Away",NA,990,375,324,50,17,0,1,16,18,3,0,2,0,274,1,10
"La Liga","2024-12-08","La Liga (Matchweek 16)","Athletic Club","4-2-3-1",2,1.2,"Aitor Paredes · 15&rsquor; Iñaki Williams · 69&rsquor;","2","0","Villarreal","4-4-2",0,0.8,"","1","0","https://fbref.com/en/matches/8f9e0139/Athletic-Club-Villarreal-December-8-2024-La-Liga","Athletic Club","Home",NA,990,433,394,38,12,1,3,23,16,3,1,1,0,340,1,12
"La Liga","2024-12-08","La Liga (Matchweek 16)","Athletic Club","4-2-3-1",2,1.2,"Aitor Paredes · 15&rsquor; Iñaki Williams · 69&rsquor;","2","0","Villarreal","4-4-2",0,0.8,"","1","0","https://fbref.com/en/matches/8f9e0139/Athletic-Club-Villarreal-December-8-2024-La-Liga","Villarreal","Away",NA,990,590,541,47,15,0,3,13,17,3,1,1,0,491,2,9
"La Liga","2024-12-08","La Liga (Matchweek 16)","Osasuna","4-2-3-1",2,1.8,"Ante Budimir · 54&rsquor; Rubén García · 61&rsquor;","5","0","Alavés","4-4-1-1",2,1.3,"Kiké · 1&rsquor; Kiké · 68&rsquor;","3","0","https://fbref.com/en/matches/ee8fb4af/Osasuna-Alaves-December-8-2024-La-Liga","Osasuna","Home",NA,990,548,483,61,16,1,8,34,32,8,2,1,0,428,4,7
"La Liga","2024-12-08","La Liga (Matchweek 16)","Osasuna","4-2-3-1",2,1.8,"Ante Budimir · 54&rsquor; Rubén García · 61&rsquor;","5","0","Alavés","4-4-1-1",2,1.3,"Kiké · 1&rsquor; Kiké · 68&rsquor;","3","0","https://fbref.com/en/matches/ee8fb4af/Osasuna-Alaves-December-8-2024-La-Liga","Alavés","Away",NA,990,366,313,50,16,2,1,12,21,3,0,2,1,259,3,6
"La Liga","2024-12-08","La Liga (Matchweek 16)","Atlético Madrid","4-4-2",4,2,"Rodrigo De Paul · 10&rsquor; Antoine Griezmann · 62&rsquor; Samuel Lino · 79&rsquor; Antoine Griezmann · 90+4&rsquor;","4","0","Sevilla","4-3-3",3,0.4,"Dodi Lukebakio · 12&rsquor; Isaac Romero · 32&rsquor; Juanlu Sánchez · 57&rsquor;","3","0","https://fbref.com/en/matches/8c459ad5/Atletico-Madrid-Sevilla-December-8-2024-La-Liga","Atlético Madrid","Home",NA,990,723,680,42,8,3,3,28,24,5,1,1,0,601,1,10
"La Liga","2024-12-08","La Liga (Matchweek 16)","Atlético Madrid","4-4-2",4,2,"Rodrigo De Paul · 10&rsquor; Antoine Griezmann · 62&rsquor; Samuel Lino · 79&rsquor; Antoine Griezmann · 90+4&rsquor;","4","0","Sevilla","4-3-3",3,0.4,"Dodi Lukebakio · 12&rsquor; Isaac Romero · 32&rsquor; Juanlu Sánchez · 57&rsquor;","3","0","https://fbref.com/en/matches/8c459ad5/Atletico-Madrid-Sevilla-December-8-2024-La-Liga","Sevilla","Away",NA,990,538,492,46,12,0,3,7,15,3,1,0,0,437,0,10
"La Liga","2024-12-09","La Liga (Matchweek 16)","Getafe","4-4-2",1,0.4,"Álvaro Rodríguez · 8&rsquor;","3","0","Espanyol","4-1-4-1",0,0.7,"","6","0","https://fbref.com/en/matches/8a159d42/Getafe-Espanyol-December-9-2024-La-Liga","Getafe","Home",NA,990,360,305,54,16,0,3,17,27,3,2,1,0,253,1,5
"La Liga","2024-12-09","La Liga (Matchweek 16)","Getafe","4-4-2",1,0.4,"Álvaro Rodríguez · 8&rsquor;","3","0","Espanyol","4-1-4-1",0,0.7,"","6","0","https://fbref.com/en/matches/8a159d42/Getafe-Espanyol-December-9-2024-La-Liga","Espanyol","Away",NA,990,485,436,48,14,0,3,21,16,3,0,2,0,358,1,14
"La Liga","2024-12-13","La Liga (Matchweek 17)","Valladolid","4-2-3-1",1,0.6,"Anuar · 20&rsquor; Juanmi Latasa · 78&rsquor;","4","1","Valencia","4-4-2",0,0.8,"","3","0","https://fbref.com/en/matches/b7bb2f84/Valladolid-Valencia-December-13-2024-La-Liga","Valladolid","Home",NA,977,309,261,44,11,1,3,7,19,1,1,0,0,222,4,6
"La Liga","2024-12-13","La Liga (Matchweek 17)","Valladolid","4-2-3-1",1,0.6,"Anuar · 20&rsquor; Juanmi Latasa · 78&rsquor;","4","1","Valencia","4-4-2",0,0.8,"","3","0","https://fbref.com/en/matches/b7bb2f84/Valladolid-Valencia-December-13-2024-La-Liga","Valencia","Away",NA,990,624,563,60,14,2,3,64,34,7,2,4,0,502,1,19
"La Liga","2024-12-14","La Liga (Matchweek 17)","Espanyol","4-4-2",0,0.4,"","3","0","Osasuna","3-4-1-2",0,0.3,"","1","0","https://fbref.com/en/matches/4525bc01/Espanyol-Osasuna-December-14-2024-La-Liga","Espanyol","Home",NA,990,403,353,45,13,0,2,26,22,5,3,2,0,304,5,8
"La Liga","2024-12-14","La Liga (Matchweek 17)","Espanyol","4-4-2",0,0.4,"","3","0","Osasuna","3-4-1-2",0,0.3,"","1","0","https://fbref.com/en/matches/4525bc01/Espanyol-Osasuna-December-14-2024-La-Liga","Osasuna","Away",NA,990,543,497,46,17,0,3,25,17,4,3,1,0,444,0,13
"La Liga","2024-12-14","La Liga (Matchweek 17)","Mallorca","4-4-2",2,1.1,"Cyle Larin · 20&rsquor; Vedat Muriqi · 32&rsquor; Cyle Larin · 51&rsquor;","5","1","Girona","3-5-1-1",1,0.7,"Donny van de Beek · 7&rsquor;","2","0","https://fbref.com/en/matches/5632f505/Mallorca-Girona-December-14-2024-La-Liga","Mallorca","Home",NA,931,318,276,41,15,0,0,14,12,2,1,1,0,249,1,6
"La Liga","2024-12-14","La Liga (Matchweek 17)","Mallorca","4-4-2",2,1.1,"Cyle Larin · 20&rsquor; Vedat Muriqi · 32&rsquor; Cyle Larin · 51&rsquor;","5","1","Girona","3-5-1-1",1,0.7,"Donny van de Beek · 7&rsquor;","2","0","https://fbref.com/en/matches/5632f505/Mallorca-Girona-December-14-2024-La-Liga","Girona","Away",NA,990,691,651,39,11,0,9,43,16,4,4,0,0,602,1,8
"La Liga","2024-12-14","La Liga (Matchweek 17)","Sevilla","4-3-3",1,0.6,"Manu Bueno · 65&rsquor;","7","0","Celta Vigo","3-4-3",0,1.2,"","3","0","https://fbref.com/en/matches/6a475fea/Sevilla-Celta-Vigo-December-14-2024-La-Liga","Sevilla","Home",NA,990,462,413,46,13,0,6,10,25,3,0,0,2,359,3,6
"La Liga","2024-12-14","La Liga (Matchweek 17)","Sevilla","4-3-3",1,0.6,"Manu Bueno · 65&rsquor;","7","0","Celta Vigo","3-4-3",0,1.2,"","3","0","https://fbref.com/en/matches/6a475fea/Sevilla-Celta-Vigo-December-14-2024-La-Liga","Celta Vigo","Away",NA,990,572,511,57,15,2,3,20,30,4,3,0,0,471,4,8
"La Liga","2024-12-14","La Liga (Matchweek 17)","Rayo Vallecano","4-4-2",3,1.6,"Unai López · 4&rsquor; Abdul Mumin · 36&rsquor; Isaac Palazón Camacho · 64&rsquor;","4","0","Real Madrid","4-2-3-1",3,0.7,"Federico Valverde · 39&rsquor; Jude Bellingham · 45&rsquor; Rodrygo · 56&rsquor;","2","0","https://fbref.com/en/matches/49cf201f/Rayo-Vallecano-Real-Madrid-December-14-2024-La-Liga","Rayo Vallecano","Home",NA,990,345,306,39,7,0,1,14,18,4,3,0,0,259,0,7
"La Liga","2024-12-14","La Liga (Matchweek 17)","Rayo Vallecano","4-4-2",3,1.6,"Unai López · 4&rsquor; Abdul Mumin · 36&rsquor; Isaac Palazón Camacho · 64&rsquor;","4","0","Real Madrid","4-2-3-1",3,0.7,"Federico Valverde · 39&rsquor; Jude Bellingham · 45&rsquor; Rodrygo · 56&rsquor;","2","0","https://fbref.com/en/matches/49cf201f/Rayo-Vallecano-Real-Madrid-December-14-2024-La-Liga","Real Madrid","Away",NA,990,680,618,61,18,1,7,20,29,3,1,2,0,587,1,15
"La Liga","2024-12-15","La Liga (Matchweek 17)","Atlético Madrid","4-4-2",1,1.7,"Alexander Sørloth · 69&rsquor;","3","0","Getafe","4-5-1",0,0.2,"","1","0","https://fbref.com/en/matches/25a5934a/Atletico-Madrid-Getafe-December-15-2024-La-Liga","Atlético Madrid","Home",NA,990,550,487,62,15,4,6,25,31,8,5,2,0,440,1,11
"La Liga","2024-12-15","La Liga (Matchweek 17)","Atlético Madrid","4-4-2",1,1.7,"Alexander Sørloth · 69&rsquor;","3","0","Getafe","4-5-1",0,0.2,"","1","0","https://fbref.com/en/matches/25a5934a/Atletico-Madrid-Getafe-December-15-2024-La-Liga","Getafe","Away",NA,990,413,358,55,12,0,3,11,25,3,0,2,0,305,0,9
"La Liga","2024-12-15","La Liga (Matchweek 17)","Alavés","4-2-3-1",1,0.9,"Joan Jordán · 67&rsquor;","2","0","Athletic Club","4-2-3-1",1,0.7,"Unai Gómez · 10&rsquor;","2","0","https://fbref.com/en/matches/1fe130a9/Alaves-Athletic-Club-December-15-2024-La-Liga","Alavés","Home",NA,990,469,410,57,19,2,2,17,27,2,0,2,0,354,2,5
"La Liga","2024-12-15","La Liga (Matchweek 17)","Alavés","4-2-3-1",1,0.9,"Joan Jordán · 67&rsquor;","2","0","Athletic Club","4-2-3-1",1,0.7,"Unai Gómez · 10&rsquor;","2","0","https://fbref.com/en/matches/1fe130a9/Alaves-Athletic-Club-December-15-2024-La-Liga","Athletic Club","Away",NA,990,426,374,50,16,1,4,19,20,4,1,2,0,320,2,6
"La Liga","2024-12-15","La Liga (Matchweek 17)","Real Sociedad","4-1-4-1",0,1.1,"","2","0","Las Palmas","4-2-3-1",0,1,"","3","0","https://fbref.com/en/matches/11192bf0/Real-Sociedad-Las-Palmas-December-15-2024-La-Liga","Real Sociedad","Home",NA,990,485,424,56,15,0,7,29,29,8,1,6,0,367,5,19
"La Liga","2024-12-15","La Liga (Matchweek 17)","Real Sociedad","4-1-4-1",0,1.1,"","2","0","Las Palmas","4-2-3-1",0,1,"","3","0","https://fbref.com/en/matches/11192bf0/Real-Sociedad-Las-Palmas-December-15-2024-La-Liga","Las Palmas","Away",NA,990,311,248,59,21,0,3,10,21,6,1,4,0,198,4,6
"La Liga","2024-12-15","La Liga (Matchweek 17)","Villarreal","4-4-2",1,1.9,"Alex Baena · 55&rsquor;","5","0","Real Betis","4-2-3-1",2,0.8,"Vitor Roque · 32&rsquor; Ezequiel Ávila · 34&rsquor; Giovani Lo Celso · 47&rsquor;","4","1","https://fbref.com/en/matches/2839ad16/Villarreal-Real-Betis-December-15-2024-La-Liga","Villarreal","Home",NA,990,602,559,40,10,1,1,41,19,5,1,3,0,491,3,9
"La Liga","2024-12-15","La Liga (Matchweek 17)","Villarreal","4-4-2",1,1.9,"Alex Baena · 55&rsquor;","5","0","Real Betis","4-2-3-1",2,0.8,"Vitor Roque · 32&rsquor; Ezequiel Ávila · 34&rsquor; Giovani Lo Celso · 47&rsquor;","4","1","https://fbref.com/en/matches/2839ad16/Villarreal-Real-Betis-December-15-2024-La-Liga","Real Betis","Away",NA,933,375,325,50,19,1,6,17,13,5,3,1,0,286,0,11
"La Liga","2024-12-15","La Liga (Matchweek 17)","Barcelona","4-2-3-1",0,2.6,"","0","0","Leganés","5-4-1",1,0.4,"Sergi · 4&rsquor;","2","0","https://fbref.com/en/matches/e7bdcc56/Barcelona-Leganes-December-15-2024-La-Liga","Barcelona","Home",NA,990,846,789,54,13,5,2,33,27,8,5,1,0,729,3,14
"La Liga","2024-12-15","La Liga (Matchweek 17)","Barcelona","4-2-3-1",0,2.6,"","0","0","Leganés","5-4-1",1,0.4,"Sergi · 4&rsquor;","2","0","https://fbref.com/en/matches/e7bdcc56/Barcelona-Leganes-December-15-2024-La-Liga","Leganés","Away",NA,990,224,179,44,9,1,3,3,16,2,0,2,0,130,1,6
"La Liga","2024-12-18","La Liga (Matchweek 12)","Villarreal","4-4-2",1,1.4,"Willy Kambwala · 32&rsquor; Ayoze Pérez · 45+1&rsquor;","4","1","Rayo Vallecano","4-2-3-1",1,1.5,"Álvaro García · 20&rsquor;","3","0","https://fbref.com/en/matches/a11727e1/Villarreal-Rayo-Vallecano-December-18-2024-La-Liga","Villarreal","Home",NA,931,417,366,51,16,2,1,21,19,7,3,3,0,312,0,16
"La Liga","2024-12-18","La Liga (Matchweek 12)","Villarreal","4-4-2",1,1.4,"Willy Kambwala · 32&rsquor; Ayoze Pérez · 45+1&rsquor;","4","1","Rayo Vallecano","4-2-3-1",1,1.5,"Álvaro García · 20&rsquor;","3","0","https://fbref.com/en/matches/a11727e1/Villarreal-Rayo-Vallecano-December-18-2024-La-Liga","Rayo Vallecano","Away",NA,990,507,450,56,10,1,5,24,26,7,0,5,0,399,1,23
"La Liga","2024-12-18","La Liga (Matchweek 13)","Espanyol","4-4-2",1,2.1,"Javi Puado · 44&rsquor;","1","0","Valencia","4-2-3-1",1,2,"Diego López · 47&rsquor;","0","0","https://fbref.com/en/matches/8cc12868/Espanyol-Valencia-December-18-2024-La-Liga","Espanyol","Home",NA,990,457,396,56,13,1,4,21,22,4,2,1,0,345,5,11
"La Liga","2024-12-18","La Liga (Matchweek 13)","Espanyol","4-4-2",1,2.1,"Javi Puado · 44&rsquor;","1","0","Valencia","4-2-3-1",1,2,"Diego López · 47&rsquor;","0","0","https://fbref.com/en/matches/8cc12868/Espanyol-Valencia-December-18-2024-La-Liga","Valencia","Away",NA,990,526,475,49,18,1,5,23,17,7,3,3,0,422,2,12
"La Liga","2024-12-20","La Liga (Matchweek 18)","Girona","3-4-3",3,2.5,"David López · 31&rsquor; Abel Ruiz · 39&rsquor; Arnaut Danjuma · 81&rsquor;","3","0","Valladolid","5-3-2",0,0,"","1","0","https://fbref.com/en/matches/0c8db441/Girona-Valladolid-December-20-2024-La-Liga","Girona","Home",NA,990,765,730,35,7,3,0,27,17,9,5,3,0,683,0,13
"La Liga","2024-12-20","La Liga (Matchweek 18)","Girona","3-4-3",3,2.5,"David López · 31&rsquor; Abel Ruiz · 39&rsquor; Arnaut Danjuma · 81&rsquor;","3","0","Valladolid","5-3-2",0,0,"","1","0","https://fbref.com/en/matches/0c8db441/Girona-Valladolid-December-20-2024-La-Liga","Valladolid","Away",NA,990,325,283,41,13,0,2,9,14,1,1,0,0,247,1,8
"La Liga","2024-12-21","La Liga (Matchweek 18)","Getafe","4-2-3-1",0,0.8,"","4","0","Mallorca","4-4-2",1,2.3,"Cyle Larin (P) · 53&rsquor;","3","0","https://fbref.com/en/matches/6358b738/Getafe-Mallorca-December-21-2024-La-Liga","Getafe","Home",NA,990,394,333,57,21,3,5,27,24,3,1,1,0,251,4,7
"La Liga","2024-12-21","La Liga (Matchweek 18)","Getafe","4-2-3-1",0,0.8,"","4","0","Mallorca","4-4-2",1,2.3,"Cyle Larin (P) · 53&rsquor;","3","0","https://fbref.com/en/matches/6358b738/Getafe-Mallorca-December-21-2024-La-Liga","Mallorca","Away",NA,990,329,265,56,21,2,1,10,22,0,0,0,0,210,8,7
"La Liga","2024-12-21","La Liga (Matchweek 18)","Celta Vigo","3-4-3",2,1.3,"Pablo Durán · 40&rsquor; Pablo Durán · 45+1&rsquor;","3","0","Real Sociedad","4-1-4-1",0,0.3,"","5","0","https://fbref.com/en/matches/e9fe833a/Celta-Vigo-Real-Sociedad-December-21-2024-La-Liga","Celta Vigo","Home",NA,990,388,333,52,14,2,2,13,27,4,3,0,0,281,3,12
"La Liga","2024-12-21","La Liga (Matchweek 18)","Celta Vigo","3-4-3",2,1.3,"Pablo Durán · 40&rsquor; Pablo Durán · 45+1&rsquor;","3","0","Real Sociedad","4-1-4-1",0,0.3,"","5","0","https://fbref.com/en/matches/e9fe833a/Celta-Vigo-Real-Sociedad-December-21-2024-La-Liga","Real Sociedad","Away",NA,990,531,466,64,22,2,3,24,25,7,3,1,0,409,1,20
"La Liga","2024-12-21","La Liga (Matchweek 18)","Osasuna","4-3-3",1,0.6,"Lucas Torró · 25&rsquor;","0","0","Athletic Club","4-2-3-1",2,1.2,"Gorka Guruzeta · 31&rsquor; Álex Berenguer · 74&rsquor;","1","0","https://fbref.com/en/matches/7c1a412b/Osasuna-Athletic-Club-December-21-2024-La-Liga","Osasuna","Home",NA,990,482,424,55,13,0,3,21,27,4,1,1,0,361,3,13
"La Liga","2024-12-21","La Liga (Matchweek 18)","Osasuna","4-3-3",1,0.6,"Lucas Torró · 25&rsquor;","0","0","Athletic Club","4-2-3-1",2,1.2,"Gorka Guruzeta · 31&rsquor; Álex Berenguer · 74&rsquor;","1","0","https://fbref.com/en/matches/7c1a412b/Osasuna-Athletic-Club-December-21-2024-La-Liga","Athletic Club","Away",NA,990,431,385,46,13,2,6,13,23,3,1,2,0,343,0,5
"La Liga","2024-12-21","La Liga (Matchweek 18)","Barcelona","4-2-3-1",1,2.7,"Pedri · 30&rsquor;","0","0","Atlético Madrid","4-4-2",2,0.7,"Rodrigo De Paul · 60&rsquor; Alexander Sørloth · 90+6&rsquor;","3","0","https://fbref.com/en/matches/ac04a5d2/Barcelona-Atletico-Madrid-December-21-2024-La-Liga","Barcelona","Home",NA,990,704,659,43,12,1,5,32,17,11,4,4,0,610,2,13
"La Liga","2024-12-21","La Liga (Matchweek 18)","Barcelona","4-2-3-1",1,2.7,"Pedri · 30&rsquor;","0","0","Atlético Madrid","4-4-2",2,0.7,"Rodrigo De Paul · 60&rsquor; Alexander Sørloth · 90+6&rsquor;","3","0","https://fbref.com/en/matches/ac04a5d2/Barcelona-Atletico-Madrid-December-21-2024-La-Liga","Atlético Madrid","Away",NA,990,429,379,46,12,1,2,10,17,3,1,1,0,330,4,11
"La Liga","2024-12-22","La Liga (Matchweek 18)","Valencia","4-2-3-1",2,1.5,"Luis Rioja (P) · 70&rsquor; Dani Gómez · 90+8&rsquor;","2","0","Alavés","5-4-1",2,1.6,"Carlos Martín · 7&rsquor; Joan Jordán (P) · 88&rsquor;","1","0","https://fbref.com/en/matches/45dc71b5/Valencia-Alaves-December-22-2024-La-Liga","Valencia","Home",NA,990,537,475,62,16,1,4,30,32,5,2,1,0,401,0,16
"La Liga","2024-12-22","La Liga (Matchweek 18)","Valencia","4-2-3-1",2,1.5,"Luis Rioja (P) · 70&rsquor; Dani Gómez · 90+8&rsquor;","2","0","Alavés","5-4-1",2,1.6,"Carlos Martín · 7&rsquor; Joan Jordán (P) · 88&rsquor;","1","0","https://fbref.com/en/matches/45dc71b5/Valencia-Alaves-December-22-2024-La-Liga","Alavés","Away",NA,990,335,278,55,18,2,1,15,22,4,1,3,0,219,2,10
"La Liga","2024-12-22","La Liga (Matchweek 18)","Real Madrid","4-2-3-1",4,2,"Kylian Mbappé · 10&rsquor; Federico Valverde · 20&rsquor; Rodrygo · 34&rsquor; Brahim Díaz · 53&rsquor;","1","0","Sevilla","4-4-2",2,1.3,"Isaac Romero · 35&rsquor; Dodi Lukebakio · 85&rsquor;","2","0","https://fbref.com/en/matches/b839d4ce/Real-Madrid-Sevilla-December-22-2024-La-Liga","Real Madrid","Home",NA,990,669,617,49,15,4,8,10,17,6,1,4,0,595,3,5
"La Liga","2024-12-22","La Liga (Matchweek 18)","Real Madrid","4-2-3-1",4,2,"Kylian Mbappé · 10&rsquor; Federico Valverde · 20&rsquor; Rodrygo · 34&rsquor; Brahim Díaz · 53&rsquor;","1","0","Sevilla","4-4-2",2,1.3,"Isaac Romero · 35&rsquor; Dodi Lukebakio · 85&rsquor;","2","0","https://fbref.com/en/matches/b839d4ce/Real-Madrid-Sevilla-December-22-2024-La-Liga","Sevilla","Away",NA,990,457,419,37,8,1,12,13,13,6,5,0,0,391,1,4
"La Liga","2024-12-22","La Liga (Matchweek 18)","Las Palmas","4-3-3",1,0.9,"Sandro Ramírez · 67&rsquor;","4","0","Espanyol","4-1-4-1",0,0.7,"","2","0","https://fbref.com/en/matches/ebe2bfbd/Las-Palmas-Espanyol-December-22-2024-La-Liga","Las Palmas","Home",NA,990,531,483,46,16,3,8,12,20,2,1,1,0,455,2,8
"La Liga","2024-12-22","La Liga (Matchweek 18)","Las Palmas","4-3-3",1,0.9,"Sandro Ramírez · 67&rsquor;","4","0","Espanyol","4-1-4-1",0,0.7,"","2","0","https://fbref.com/en/matches/ebe2bfbd/Las-Palmas-Espanyol-December-22-2024-La-Liga","Espanyol","Away",NA,990,404,353,49,10,1,4,18,26,2,1,1,0,322,2,7
"La Liga","2024-12-22","La Liga (Matchweek 18)","Leganés","5-4-1",2,1.2,"Seydouba Cissé · 6&rsquor; Dani Raba (P) · 33&rsquor; Óscar Rodríguez Arnaiz · 58&rsquor; Jorge Sáenz · 77&rsquor;","1","2","Villarreal","4-4-2",5,3.3,"Thierno Barry · 16&rsquor; Thierno Barry (P) · 45+2&rsquor; Thierno Barry · 65&rsquor; Gerard Moreno (P) · 90+2&rsquor; Pau Cabanes · 90+8&rsquor;","2","0","https://fbref.com/en/matches/04b6223f/Leganes-Villarreal-December-22-2024-La-Liga","Leganés","Home",NA,943,313,268,43,15,1,3,5,13,1,0,0,0,234,2,8
"La Liga","2024-12-22","La Liga (Matchweek 18)","Leganés","5-4-1",2,1.2,"Seydouba Cissé · 6&rsquor; Dani Raba (P) · 33&rsquor; Óscar Rodríguez Arnaiz · 58&rsquor; Jorge Sáenz · 77&rsquor;","1","2","Villarreal","4-4-2",5,3.3,"Thierno Barry · 16&rsquor; Thierno Barry (P) · 45+2&rsquor; Thierno Barry · 65&rsquor; Gerard Moreno (P) · 90+2&rsquor; Pau Cabanes · 90+8&rsquor;","2","0","https://fbref.com/en/matches/04b6223f/Leganes-Villarreal-December-22-2024-La-Liga","Villarreal","Away",NA,990,554,508,45,16,2,2,14,16,5,2,1,0,482,1,7
"La Liga","2024-12-22","La Liga (Matchweek 18)","Real Betis","4-2-3-1",1,2.1,"Isco (P) · 37&rsquor;","0","0","Rayo Vallecano","4-2-3-1",1,0.9,"Isaac Palazón Camacho · 51&rsquor;","4","0","https://fbref.com/en/matches/aff51fb4/Real-Betis-Rayo-Vallecano-December-22-2024-La-Liga","Real Betis","Home",NA,990,488,430,56,18,4,4,15,28,5,0,5,0,398,2,13
"La Liga","2024-12-22","La Liga (Matchweek 18)","Real Betis","4-2-3-1",1,2.1,"Isco (P) · 37&rsquor;","0","0","Rayo Vallecano","4-2-3-1",1,0.9,"Isaac Palazón Camacho · 51&rsquor;","4","0","https://fbref.com/en/matches/aff51fb4/Real-Betis-Rayo-Vallecano-December-22-2024-La-Liga","Rayo Vallecano","Away",NA,990,403,344,54,11,1,4,19,31,5,3,2,0,296,5,7
"La Liga","2025-01-03","La Liga (Matchweek 12)","Valencia","4-4-2",1,1.3,"Hugo Duro · 27&rsquor;","2","0","Real Madrid","4-2-3-1",2,2.7,"Vinicius Júnior · 79&rsquor; Luka Modrić · 85&rsquor; Jude Bellingham · 90+5&rsquor;","3","1","https://fbref.com/en/matches/15e84040/Valencia-Real-Madrid-January-3-2025-La-Liga","Valencia","Home",NA,990,402,365,37,13,0,1,8,10,2,1,1,0,324,0,11
"La Liga","2025-01-03","La Liga (Matchweek 12)","Valencia","4-4-2",1,1.3,"Hugo Duro · 27&rsquor;","2","0","Real Madrid","4-2-3-1",2,2.7,"Vinicius Júnior · 79&rsquor; Luka Modrić · 85&rsquor; Jude Bellingham · 90+5&rsquor;","3","1","https://fbref.com/en/matches/15e84040/Valencia-Real-Madrid-January-3-2025-La-Liga","Real Madrid","Away",NA,978,663,614,45,15,3,3,18,20,5,2,1,0,578,4,10
"La Liga","2025-01-10","La Liga (Matchweek 19)","Rayo Vallecano","4-4-2",2,0.7,"Adri Embarba · 5&rsquor; Jorge de Frutos · 63&rsquor;","2","0","Celta Vigo","4-2-3-1",1,2.1,"Borja Iglesias · 26&rsquor; Marcos Alonso · 90+4&rsquor;","4","1","https://fbref.com/en/matches/e55b978c/Rayo-Vallecano-Celta-Vigo-January-10-2025-La-Liga","Rayo Vallecano","Home",NA,990,482,437,44,8,1,2,14,22,3,2,1,0,382,1,9
"La Liga","2025-01-10","La Liga (Matchweek 19)","Rayo Vallecano","4-4-2",2,0.7,"Adri Embarba · 5&rsquor; Jorge de Frutos · 63&rsquor;","2","0","Celta Vigo","4-2-3-1",1,2.1,"Borja Iglesias · 26&rsquor; Marcos Alonso · 90+4&rsquor;","4","1","https://fbref.com/en/matches/e55b978c/Rayo-Vallecano-Celta-Vigo-January-10-2025-La-Liga","Celta Vigo","Away",NA,989,478,424,54,18,3,6,16,25,3,1,2,0,362,0,12
"La Liga","2025-01-11","La Liga (Matchweek 19)","Alavés","4-4-2",0,1.3,"","1","0","Girona","4-4-1-1",1,0.5,"Jhon Solis · 90+1&rsquor;","4","0","https://fbref.com/en/matches/66b19e25/Alaves-Girona-January-11-2025-La-Liga","Alavés","Home",NA,990,394,347,46,11,2,1,33,16,6,2,3,1,293,1,10
"La Liga","2025-01-11","La Liga (Matchweek 19)","Alavés","4-4-2",0,1.3,"","1","0","Girona","4-4-1-1",1,0.5,"Jhon Solis · 90+1&rsquor;","4","0","https://fbref.com/en/matches/66b19e25/Alaves-Girona-January-11-2025-La-Liga","Girona","Away",NA,990,513,461,51,17,1,4,18,20,3,2,1,0,425,1,9
"La Liga","2025-01-11","La Liga (Matchweek 19)","Valladolid","4-3-3",1,1.2,"Kike Pérez · 58&rsquor;","2","0","Real Betis","4-2-3-1",0,0.7,"","4","0","https://fbref.com/en/matches/e9c90680/Valladolid-Real-Betis-January-11-2025-La-Liga","Valladolid","Home",NA,990,380,338,41,10,3,2,6,19,1,0,0,0,302,1,6
"La Liga","2025-01-11","La Liga (Matchweek 19)","Valladolid","4-3-3",1,1.2,"Kike Pérez · 58&rsquor;","2","0","Real Betis","4-2-3-1",0,0.7,"","4","0","https://fbref.com/en/matches/e9c90680/Valladolid-Real-Betis-January-11-2025-La-Liga","Real Betis","Away",NA,990,528,462,66,21,0,6,28,28,8,5,2,0,433,0,15
"La Liga","2025-01-11","La Liga (Matchweek 19)","Espanyol","4-1-4-1",1,0.7,"Leandro Cabrera · 2&rsquor;","2","0","Leganés","5-4-1",1,2,"Seydouba Cissé · 14&rsquor; Juan Soriano · 90+1&rsquor;","2","1","https://fbref.com/en/matches/4fb3dc98/Espanyol-Leganes-January-11-2025-La-Liga","Espanyol","Home",NA,990,508,457,49,20,2,1,29,12,8,1,5,0,414,2,4
"La Liga","2025-01-11","La Liga (Matchweek 19)","Espanyol","4-1-4-1",1,0.7,"Leandro Cabrera · 2&rsquor;","2","0","Leganés","5-4-1",1,2,"Seydouba Cissé · 14&rsquor; Juan Soriano · 90+1&rsquor;","2","1","https://fbref.com/en/matches/4fb3dc98/Espanyol-Leganes-January-11-2025-La-Liga","Leganés","Away",NA,990,456,413,42,17,1,7,13,10,4,2,2,0,374,1,4
"La Liga","2025-01-11","La Liga (Matchweek 19)","Sevilla","4-2-3-1",1,0.5,"Adrià Pedrosa · 90+3&rsquor;","1","0","Valencia","4-2-3-1",1,0.7,"Luis Rioja · 61&rsquor;","2","0","https://fbref.com/en/matches/7652232d/Sevilla-Valencia-January-11-2025-La-Liga","Sevilla","Home",NA,990,505,450,50,8,2,3,22,26,10,8,1,0,402,5,9
"La Liga","2025-01-11","La Liga (Matchweek 19)","Sevilla","4-2-3-1",1,0.5,"Adrià Pedrosa · 90+3&rsquor;","1","0","Valencia","4-2-3-1",1,0.7,"Luis Rioja · 61&rsquor;","2","0","https://fbref.com/en/matches/7652232d/Sevilla-Valencia-January-11-2025-La-Liga","Valencia","Away",NA,990,432,381,50,20,1,2,11,18,1,1,0,0,343,1,6
"La Liga","2025-01-12","La Liga (Matchweek 19)","Las Palmas","4-2-3-1",1,1.3,"Adnan Januzaj · 88&rsquor;","2","0","Getafe","4-4-2",2,1.1,"Coba da Costa · 70&rsquor; Borja Mayoral · 86&rsquor;","3","0","https://fbref.com/en/matches/e1cfa735/Las-Palmas-Getafe-January-12-2025-La-Liga","Las Palmas","Home",NA,990,496,439,55,17,2,4,19,16,4,1,3,0,381,2,11
"La Liga","2025-01-12","La Liga (Matchweek 19)","Las Palmas","4-2-3-1",1,1.3,"Adnan Januzaj · 88&rsquor;","2","0","Getafe","4-4-2",2,1.1,"Coba da Costa · 70&rsquor; Borja Mayoral · 86&rsquor;","3","0","https://fbref.com/en/matches/e1cfa735/Las-Palmas-Getafe-January-12-2025-La-Liga","Getafe","Away",NA,990,291,240,48,14,2,2,16,18,5,5,0,0,190,3,3
"La Liga","2025-01-12","La Liga (Matchweek 19)","Atlético Madrid","4-4-2",1,2.5,"Julián Álvarez · 55&rsquor;","2","0","Osasuna","5-3-2",0,0.3,"","0","0","https://fbref.com/en/matches/2367dade/Atletico-Madrid-Osasuna-January-12-2025-La-Liga","Atlético Madrid","Home",NA,990,596,548,47,16,1,2,12,18,4,1,0,0,502,1,10
"La Liga","2025-01-12","La Liga (Matchweek 19)","Atlético Madrid","4-4-2",1,2.5,"Julián Álvarez · 55&rsquor;","2","0","Osasuna","5-3-2",0,0.3,"","0","0","https://fbref.com/en/matches/2367dade/Atletico-Madrid-Osasuna-January-12-2025-La-Liga","Osasuna","Away",NA,990,587,543,42,9,0,3,19,29,0,0,0,0,492,2,11
"La Liga","2025-01-13","La Liga (Matchweek 19)","Real Sociedad","4-1-4-1",1,0.7,"Takefusa Kubo · 51&rsquor;","4","0","Villarreal","4-4-2",0,1.2,"","2","0","https://fbref.com/en/matches/ecd47b8a/Real-Sociedad-Villarreal-January-13-2025-La-Liga","Real Sociedad","Home",NA,990,505,462,41,8,0,2,13,19,3,0,1,0,416,2,4
"La Liga","2025-01-13","La Liga (Matchweek 19)","Real Sociedad","4-1-4-1",1,0.7,"Takefusa Kubo · 51&rsquor;","4","0","Villarreal","4-4-2",0,1.2,"","2","0","https://fbref.com/en/matches/ecd47b8a/Real-Sociedad-Villarreal-January-13-2025-La-Liga","Villarreal","Away",NA,990,401,341,58,18,1,4,28,26,7,0,0,5,293,2,9
"La Liga","2025-01-17","La Liga (Matchweek 20)","Espanyol","4-4-2",2,1,"Javi Puado · 31&rsquor; Roberto Férnandez · 74&rsquor;","2","0","Valladolid","4-3-3",1,1.2,"Javi Sánchez · 57&rsquor;","2","0","https://fbref.com/en/matches/75d8fa7a/Espanyol-Valladolid-January-17-2025-La-Liga","Espanyol","Home",NA,990,371,338,32,13,1,2,15,11,1,0,1,0,294,1,6
"La Liga","2025-01-17","La Liga (Matchweek 20)","Espanyol","4-4-2",2,1,"Javi Puado · 31&rsquor; Roberto Férnandez · 74&rsquor;","2","0","Valladolid","4-3-3",1,1.2,"Javi Sánchez · 57&rsquor;","2","0","https://fbref.com/en/matches/75d8fa7a/Espanyol-Valladolid-January-17-2025-La-Liga","Valladolid","Away",NA,990,655,607,48,13,2,3,16,14,7,1,5,0,563,0,3
"La Liga","2025-01-18","La Liga (Matchweek 20)","Girona","4-2-3-1",1,1,"Arnau Martinez · 36&rsquor;","0","0","Sevilla","4-2-3-1",2,2.6,"Saúl Ñíguez · 59&rsquor; Dodi Lukebakio · 88&rsquor;","4","0","https://fbref.com/en/matches/5dbf000f/Girona-Sevilla-January-18-2025-La-Liga","Girona","Home",NA,990,583,523,60,18,1,6,23,27,7,2,4,0,480,0,16
"La Liga","2025-01-18","La Liga (Matchweek 20)","Girona","4-2-3-1",1,1,"Arnau Martinez · 36&rsquor;","0","0","Sevilla","4-2-3-1",2,2.6,"Saúl Ñíguez · 59&rsquor; Dodi Lukebakio · 88&rsquor;","4","0","https://fbref.com/en/matches/5dbf000f/Girona-Sevilla-January-18-2025-La-Liga","Sevilla","Away",NA,990,387,351,33,5,0,4,14,17,4,4,0,0,322,3,2
"La Liga","2025-01-18","La Liga (Matchweek 20)","Leganés","5-4-1",1,0.5,"Matija Nastasić · 49&rsquor;","1","0","Atlético Madrid","4-4-2",0,2.4,"","3","0","https://fbref.com/en/matches/7ba8b655/Leganes-Atletico-Madrid-January-18-2025-La-Liga","Leganés","Home",NA,990,336,296,38,7,0,1,9,17,2,0,2,0,260,2,8
"La Liga","2025-01-18","La Liga (Matchweek 20)","Leganés","5-4-1",1,0.5,"Matija Nastasić · 49&rsquor;","1","0","Atlético Madrid","4-4-2",0,2.4,"","3","0","https://fbref.com/en/matches/7ba8b655/Leganes-Atletico-Madrid-January-18-2025-La-Liga","Atlético Madrid","Away",NA,990,684,633,49,16,1,7,34,17,9,4,3,0,581,2,14
"La Liga","2025-01-18","La Liga (Matchweek 20)","Real Betis","4-2-3-1",1,0.5,"Jesus Rodríguez · 28&rsquor; Romain Perraud · 55&rsquor;","4","1","Alavés","4-2-3-1",3,1.5,"Kiké (P) · 11&rsquor; Kiké · 80&rsquor; Kiké · 84&rsquor;","5","0","https://fbref.com/en/matches/fe96c24b/Real-Betis-Alaves-January-18-2025-La-Liga","Real Betis","Home",NA,954,470,408,62,24,2,3,11,28,2,0,0,0,362,0,5
"La Liga","2025-01-18","La Liga (Matchweek 20)","Real Betis","4-2-3-1",1,0.5,"Jesus Rodríguez · 28&rsquor; Romain Perraud · 55&rsquor;","4","1","Alavés","4-2-3-1",3,1.5,"Kiké (P) · 11&rsquor; Kiké · 80&rsquor; Kiké · 84&rsquor;","5","0","https://fbref.com/en/matches/fe96c24b/Real-Betis-Alaves-January-18-2025-La-Liga","Alavés","Away",NA,990,468,419,49,11,0,5,22,29,3,1,2,0,348,0,14
"La Liga","2025-01-18","La Liga (Matchweek 20)","Getafe","4-1-4-1",1,1.3,"Mauro Arambarri · 34&rsquor;","3","0","Barcelona","4-2-3-1",1,2.3,"Jules Koundé · 9&rsquor;","2","0","https://fbref.com/en/matches/ac3f8e9a/Getafe-Barcelona-January-18-2025-La-Liga","Getafe","Home",NA,990,215,173,40,13,2,1,12,11,2,1,1,0,126,2,2
"La Liga","2025-01-18","La Liga (Matchweek 20)","Getafe","4-1-4-1",1,1.3,"Mauro Arambarri · 34&rsquor;","3","0","Barcelona","4-2-3-1",1,2.3,"Jules Koundé · 9&rsquor;","2","0","https://fbref.com/en/matches/ac3f8e9a/Getafe-Barcelona-January-18-2025-La-Liga","Barcelona","Away",NA,990,734,673,57,10,3,0,26,30,10,4,2,0,612,4,10
"La Liga","2025-01-19","La Liga (Matchweek 20)","Celta Vigo","3-4-3",1,0.6,"Hugo Álvarez · 74&rsquor; Óscar Mingueza · 90+6&rsquor;","1","1","Athletic Club","4-4-2",2,1.8,"Álex Berenguer · 62&rsquor; Daniel Vivian · 71&rsquor;","0","0","https://fbref.com/en/matches/a5448163/Celta-Vigo-Athletic-Club-January-19-2025-La-Liga","Celta Vigo","Home",NA,989,669,621,45,6,1,11,15,20,3,1,1,0,555,3,9
"La Liga","2025-01-19","La Liga (Matchweek 20)","Celta Vigo","3-4-3",1,0.6,"Hugo Álvarez · 74&rsquor; Óscar Mingueza · 90+6&rsquor;","1","1","Athletic Club","4-4-2",2,1.8,"Álex Berenguer · 62&rsquor; Daniel Vivian · 71&rsquor;","0","0","https://fbref.com/en/matches/a5448163/Celta-Vigo-Athletic-Club-January-19-2025-La-Liga","Athletic Club","Away",NA,990,465,425,40,17,0,3,15,13,4,1,1,0,365,0,8
"La Liga","2025-01-19","La Liga (Matchweek 20)","Real Madrid","4-2-3-1",4,5.8,"Kylian Mbappé (P) · 18&rsquor; Brahim Díaz · 33&rsquor; Kylian Mbappé · 36&rsquor; Rodrygo · 57&rsquor;","0","0","Las Palmas","4-5-1",1,1.1,"Fábio Silva · 1&rsquor; Benito Ramírez · 64&rsquor;","1","1","https://fbref.com/en/matches/c8f36a4b/Real-Madrid-Las-Palmas-January-19-2025-La-Liga","Real Madrid","Home",NA,990,604,564,34,11,5,6,19,9,8,3,1,0,540,6,5
"La Liga","2025-01-19","La Liga (Matchweek 20)","Real Madrid","4-2-3-1",4,5.8,"Kylian Mbappé (P) · 18&rsquor; Brahim Díaz · 33&rsquor; Kylian Mbappé · 36&rsquor; Rodrygo · 57&rsquor;","0","0","Las Palmas","4-5-1",1,1.1,"Fábio Silva · 1&rsquor; Benito Ramírez · 64&rsquor;","1","1","https://fbref.com/en/matches/c8f36a4b/Real-Madrid-Las-Palmas-January-19-2025-La-Liga","Las Palmas","Away",NA,963,386,335,51,17,1,5,6,15,2,1,1,0,315,0,4
"La Liga","2025-01-19","La Liga (Matchweek 20)","Osasuna","4-2-3-1",1,0.8,"Raúl · 59&rsquor;","3","0","Rayo Vallecano","4-4-2",1,0.8,"Sergio Camello · 19&rsquor;","2","0","https://fbref.com/en/matches/b85ff6cf/Osasuna-Rayo-Vallecano-January-19-2025-La-Liga","Osasuna","Home",NA,990,481,425,54,15,0,2,33,26,6,3,1,0,372,2,12
"La Liga","2025-01-19","La Liga (Matchweek 20)","Osasuna","4-2-3-1",1,0.8,"Raúl · 59&rsquor;","3","0","Rayo Vallecano","4-4-2",1,0.8,"Sergio Camello · 19&rsquor;","2","0","https://fbref.com/en/matches/b85ff6cf/Osasuna-Rayo-Vallecano-January-19-2025-La-Liga","Rayo Vallecano","Away",NA,990,436,393,41,10,4,2,13,17,3,2,1,0,330,2,13
"La Liga","2025-01-19","La Liga (Matchweek 20)","Valencia","4-2-3-1",1,1.6,"Hugo Duro · 26&rsquor;","3","0","Real Sociedad","3-5-2",0,0.8,"","4","0","https://fbref.com/en/matches/b0b640d3/Valencia-Real-Sociedad-January-19-2025-La-Liga","Valencia","Home",NA,990,318,262,54,15,2,1,17,28,4,3,0,0,212,2,8
"La Liga","2025-01-19","La Liga (Matchweek 20)","Valencia","4-2-3-1",1,1.6,"Hugo Duro · 26&rsquor;","3","0","Real Sociedad","3-5-2",0,0.8,"","4","0","https://fbref.com/en/matches/b0b640d3/Valencia-Real-Sociedad-January-19-2025-La-Liga","Real Sociedad","Away",NA,990,576,518,55,12,0,4,27,28,7,2,3,0,444,3,10
"La Liga","2025-01-20","La Liga (Matchweek 20)","Villarreal","4-4-2",4,2.4,"Logan Costa · 20&rsquor; Alex Baena · 24&rsquor; Daniel Parejo · 26&rsquor; Yeremi Pino · 28&rsquor;","1","0","Mallorca","4-4-2",0,0.5,"","3","0","https://fbref.com/en/matches/fd632e2f/Villarreal-Mallorca-January-20-2025-La-Liga","Villarreal","Home",NA,990,424,387,36,12,1,4,17,10,6,1,1,0,354,1,5
"La Liga","2025-01-20","La Liga (Matchweek 20)","Villarreal","4-4-2",4,2.4,"Logan Costa · 20&rsquor; Alex Baena · 24&rsquor; Daniel Parejo · 26&rsquor; Yeremi Pino · 28&rsquor;","1","0","Mallorca","4-4-2",0,0.5,"","3","0","https://fbref.com/en/matches/fd632e2f/Villarreal-Mallorca-January-20-2025-La-Liga","Mallorca","Away",NA,990,555,508,46,9,0,3,23,22,5,1,3,0,477,1,11
"La Liga","2025-01-24","La Liga (Matchweek 21)","Las Palmas","4-2-3-1",1,0.8,"Dario Essugo · 72&rsquor; Adnan Januzaj · 90+8&rsquor;","8","1","Osasuna","4-1-4-1",1,2.6,"Aimar Oroz · 53&rsquor;","8","0","https://fbref.com/en/matches/28b22659/Las-Palmas-Osasuna-January-24-2025-La-Liga","Las Palmas","Home",NA,971,453,395,54,13,0,1,16,27,4,1,2,0,348,4,10
"La Liga","2025-01-24","La Liga (Matchweek 21)","Las Palmas","4-2-3-1",1,0.8,"Dario Essugo · 72&rsquor; Adnan Januzaj · 90+8&rsquor;","8","1","Osasuna","4-1-4-1",1,2.6,"Aimar Oroz · 53&rsquor;","8","0","https://fbref.com/en/matches/28b22659/Las-Palmas-Osasuna-January-24-2025-La-Liga","Osasuna","Away",NA,990,429,374,54,16,4,3,21,28,2,2,0,0,317,1,9
"La Liga","2025-01-25","La Liga (Matchweek 21)","Mallorca","4-2-3-1",0,1,"Omar Mascarell · 73&rsquor;","2","1","Real Betis","4-2-3-1",1,0.4,"Cédric Bakambu · 90+6&rsquor;","2","0","https://fbref.com/en/matches/2395eb39/Mallorca-Real-Betis-January-25-2025-La-Liga","Mallorca","Home",NA,972,394,346,47,18,1,1,18,18,4,1,3,0,310,1,7
"La Liga","2025-01-25","La Liga (Matchweek 21)","Mallorca","4-2-3-1",0,1,"Omar Mascarell · 73&rsquor;","2","1","Real Betis","4-2-3-1",1,0.4,"Cédric Bakambu · 90+6&rsquor;","2","0","https://fbref.com/en/matches/2395eb39/Mallorca-Real-Betis-January-25-2025-La-Liga","Real Betis","Away",NA,990,430,388,41,13,1,1,13,17,4,1,2,0,341,1,6
"La Liga","2025-01-25","La Liga (Matchweek 21)","Atlético Madrid","4-4-2",1,1.7,"Samuel Lino · 58&rsquor;","4","0","Villarreal","4-4-2",1,2.2,"Gerard Moreno (P) · 29&rsquor;","2","0","https://fbref.com/en/matches/6566ae8c/Atletico-Madrid-Villarreal-January-25-2025-La-Liga","Atlético Madrid","Home",NA,990,628,579,49,13,1,3,20,19,5,1,2,0,537,0,14
"La Liga","2025-01-25","La Liga (Matchweek 21)","Atlético Madrid","4-4-2",1,1.7,"Samuel Lino · 58&rsquor;","4","0","Villarreal","4-4-2",1,2.2,"Gerard Moreno (P) · 29&rsquor;","2","0","https://fbref.com/en/matches/6566ae8c/Atletico-Madrid-Villarreal-January-25-2025-La-Liga","Villarreal","Away",NA,990,444,395,49,9,0,2,20,19,6,2,3,0,357,0,10
"La Liga","2025-01-25","La Liga (Matchweek 21)","Sevilla","4-3-3",1,1.2,"Loïc Bade · 61&rsquor;","1","0","Espanyol","4-4-2",1,0.7,"Marash Kumbulla · 15&rsquor;","4","0","https://fbref.com/en/matches/10db0915/Sevilla-Espanyol-January-25-2025-La-Liga","Sevilla","Home",NA,990,707,657,50,13,1,6,25,27,5,5,0,0,607,0,6
"La Liga","2025-01-25","La Liga (Matchweek 21)","Sevilla","4-3-3",1,1.2,"Loïc Bade · 61&rsquor;","1","0","Espanyol","4-4-2",1,0.7,"Marash Kumbulla · 15&rsquor;","4","0","https://fbref.com/en/matches/10db0915/Sevilla-Espanyol-January-25-2025-La-Liga","Espanyol","Away",NA,990,243,195,48,12,1,0,6,14,1,1,0,0,150,0,6
"La Liga","2025-01-25","La Liga (Matchweek 21)","Valladolid","4-3-3",0,0.2,"Mario Martín · 90&rsquor;","4","1","Real Madrid","4-2-3-1",3,2,"Kylian Mbappé · 30&rsquor; Kylian Mbappé · 57&rsquor; Kylian Mbappé (P) · 90+1&rsquor;","3","0","https://fbref.com/en/matches/382d5e03/Valladolid-Real-Madrid-January-25-2025-La-Liga","Valladolid","Home",NA,989,345,301,42,14,0,1,11,13,1,1,0,0,289,2,6
"La Liga","2025-01-25","La Liga (Matchweek 21)","Valladolid","4-3-3",0,0.2,"Mario Martín · 90&rsquor;","4","1","Real Madrid","4-2-3-1",3,2,"Kylian Mbappé · 30&rsquor; Kylian Mbappé · 57&rsquor; Kylian Mbappé (P) · 90+1&rsquor;","3","0","https://fbref.com/en/matches/382d5e03/Valladolid-Real-Madrid-January-25-2025-La-Liga","Real Madrid","Away",NA,990,722,684,35,11,1,4,14,10,7,3,3,0,657,3,4
"La Liga","2025-01-26","La Liga (Matchweek 21)","Rayo Vallecano","4-2-3-1",2,2.4,"Randy Nteka · 80&rsquor; Randy Nteka · 83&rsquor;","3","0","Girona","4-2-3-1",1,1,"Bryan Gil · 58&rsquor;","1","0","https://fbref.com/en/matches/af7b751a/Rayo-Vallecano-Girona-January-26-2025-La-Liga","Rayo Vallecano","Home",NA,990,583,530,53,10,1,1,27,28,4,2,1,0,476,0,10
"La Liga","2025-01-26","La Liga (Matchweek 21)","Rayo Vallecano","4-2-3-1",2,2.4,"Randy Nteka · 80&rsquor; Randy Nteka · 83&rsquor;","3","0","Girona","4-2-3-1",1,1,"Bryan Gil · 58&rsquor;","1","0","https://fbref.com/en/matches/af7b751a/Rayo-Vallecano-Girona-January-26-2025-La-Liga","Girona","Away",NA,990,438,384,53,17,0,3,11,21,1,0,1,0,340,1,14
"La Liga","2025-01-26","La Liga (Matchweek 21)","Real Sociedad","4-1-4-1",0,0.9,"","3","0","Getafe","4-4-2",3,1.4,"Chrisantus Uche · 72&rsquor; Carles Pérez · 74&rsquor; Carles Pérez · 85&rsquor;","6","0","https://fbref.com/en/matches/2450ca46/Real-Sociedad-Getafe-January-26-2025-La-Liga","Real Sociedad","Home",NA,990,418,348,69,17,0,3,18,32,5,1,2,0,271,1,8
"La Liga","2025-01-26","La Liga (Matchweek 21)","Real Sociedad","4-1-4-1",0,0.9,"","3","0","Getafe","4-4-2",3,1.4,"Chrisantus Uche · 72&rsquor; Carles Pérez · 74&rsquor; Carles Pérez · 85&rsquor;","6","0","https://fbref.com/en/matches/2450ca46/Real-Sociedad-Getafe-January-26-2025-La-Liga","Getafe","Away",NA,990,332,276,54,11,0,4,16,33,2,0,1,0,207,2,3
"La Liga","2025-01-26","La Liga (Matchweek 21)","Athletic Club","4-2-3-1",0,2.1,"","1","0","Leganés","5-4-1",0,1,"","1","0","https://fbref.com/en/matches/f17ca419/Athletic-Club-Leganes-January-26-2025-La-Liga","Athletic Club","Home",NA,990,612,552,60,9,2,1,47,32,16,6,7,0,511,0,6
"La Liga","2025-01-26","La Liga (Matchweek 21)","Athletic Club","4-2-3-1",0,2.1,"","1","0","Leganés","5-4-1",0,1,"","1","0","https://fbref.com/en/matches/f17ca419/Athletic-Club-Leganes-January-26-2025-La-Liga","Leganés","Away",NA,990,294,248,45,9,2,2,8,14,1,0,1,0,205,1,6
"La Liga","2025-01-26","La Liga (Matchweek 21)","Barcelona","4-2-3-1",7,4.4,"Frenkie de Jong · 3&rsquor; Ferrán Torres · 8&rsquor; Raphinha · 14&rsquor; Fermin López · 24&rsquor; Fermin López · 45+4&rsquor; Robert Lewandowski · 66&rsquor; César Tárrega (OG) · 75&rsquor;","0","0","Valencia","4-4-2",1,1.5,"Hugo Duro · 59&rsquor;","1","0","https://fbref.com/en/matches/77dda45d/Barcelona-Valencia-January-26-2025-La-Liga","Barcelona","Home",NA,990,741,695,46,16,5,3,18,10,14,4,0,0,656,0,11
"La Liga","2025-01-26","La Liga (Matchweek 21)","Barcelona","4-2-3-1",7,4.4,"Frenkie de Jong · 3&rsquor; Ferrán Torres · 8&rsquor; Raphinha · 14&rsquor; Fermin López · 24&rsquor; Fermin López · 45+4&rsquor; Robert Lewandowski · 66&rsquor; César Tárrega (OG) · 75&rsquor;","0","0","Valencia","4-4-2",1,1.5,"Hugo Duro · 59&rsquor;","1","0","https://fbref.com/en/matches/77dda45d/Barcelona-Valencia-January-26-2025-La-Liga","Valencia","Away",NA,990,304,261,39,8,0,4,19,13,4,2,2,0,216,4,8
"La Liga","2025-01-27","La Liga (Matchweek 21)","Alavés","4-2-3-1",1,0.9,"Kiké (P) · 6&rsquor;","2","0","Celta Vigo","3-4-3",1,0.1,"Pablo Durán · 66&rsquor;","3","0","https://fbref.com/en/matches/b418c449/Alaves-Celta-Vigo-January-27-2025-La-Liga","Alavés","Home",NA,990,503,459,43,13,1,4,12,17,3,3,0,0,387,1,8
"La Liga","2025-01-27","La Liga (Matchweek 21)","Alavés","4-2-3-1",1,0.9,"Kiké (P) · 6&rsquor;","2","0","Celta Vigo","3-4-3",1,0.1,"Pablo Durán · 66&rsquor;","3","0","https://fbref.com/en/matches/b418c449/Alaves-Celta-Vigo-January-27-2025-La-Liga","Celta Vigo","Away",NA,990,516,451,65,15,3,4,15,33,4,1,2,0,400,0,17
"La Liga","2025-01-31","La Liga (Matchweek 22)","Leganés","5-4-1",0,0.9,"Sergi · 45+2&rsquor;","2","1","Rayo Vallecano","4-2-3-1",1,2.2,"Pathé Ciss · 78&rsquor;","4","0","https://fbref.com/en/matches/43d7418a/Leganes-Rayo-Vallecano-January-31-2025-La-Liga","Leganés","Home",NA,944,311,261,48,18,0,3,9,16,2,1,0,0,225,2,4
"La Liga","2025-01-31","La Liga (Matchweek 22)","Leganés","5-4-1",0,0.9,"Sergi · 45+2&rsquor;","2","1","Rayo Vallecano","4-2-3-1",1,2.2,"Pathé Ciss · 78&rsquor;","4","0","https://fbref.com/en/matches/43d7418a/Leganes-Rayo-Vallecano-January-31-2025-La-Liga","Rayo Vallecano","Away",NA,990,603,558,45,8,3,1,24,22,9,4,4,0,521,0,6
"La Liga","2025-02-01","La Liga (Matchweek 22)","Getafe","4-4-2",0,1,"","4","0","Sevilla","4-3-3",0,0.9,"","6","0","https://fbref.com/en/matches/b992fee4/Getafe-Sevilla-February-1-2025-La-Liga","Getafe","Home",NA,990,351,296,55,14,0,3,19,21,6,2,3,0,251,0,10
"La Liga","2025-02-01","La Liga (Matchweek 22)","Getafe","4-4-2",0,1,"","4","0","Sevilla","4-3-3",0,0.9,"","6","0","https://fbref.com/en/matches/b992fee4/Getafe-Sevilla-February-1-2025-La-Liga","Sevilla","Away",NA,990,426,373,51,14,2,3,14,23,5,4,0,0,327,2,14
"La Liga","2025-02-01","La Liga (Matchweek 22)","Villarreal","4-4-2",5,3.5,"Ayoze Pérez · 42&rsquor; Pape Gueye · 64&rsquor; Santi Comesaña · 70&rsquor; Thierno Barry · 86&rsquor; Denis Suárez · 90+1&rsquor;","1","0","Valladolid","4-1-4-1",1,0.5,"Selim Amallah · 90+4&rsquor;","2","0","https://fbref.com/en/matches/0688f714/Villarreal-Valladolid-February-1-2025-La-Liga","Villarreal","Home",NA,990,514,475,37,14,2,1,14,12,3,0,2,0,436,2,14
"La Liga","2025-02-01","La Liga (Matchweek 22)","Villarreal","4-4-2",5,3.5,"Ayoze Pérez · 42&rsquor; Pape Gueye · 64&rsquor; Santi Comesaña · 70&rsquor; Thierno Barry · 86&rsquor; Denis Suárez · 90+1&rsquor;","1","0","Valladolid","4-1-4-1",1,0.5,"Selim Amallah · 90+4&rsquor;","2","0","https://fbref.com/en/matches/0688f714/Villarreal-Valladolid-February-1-2025-La-Liga","Valladolid","Away",NA,990,459,418,40,10,0,3,19,7,6,4,0,0,377,1,8
"La Liga","2025-02-01","La Liga (Matchweek 22)","Atlético Madrid","4-4-2",2,1.3,"Samuel Lino · 26&rsquor; Antoine Griezmann · 90+3&rsquor;","2","0","Mallorca","5-3-2",0,0.5,"","3","0","https://fbref.com/en/matches/15ceb2e9/Atletico-Madrid-Mallorca-February-1-2025-La-Liga","Atlético Madrid","Home",NA,990,509,455,52,13,1,2,25,20,10,3,3,0,417,2,10
"La Liga","2025-02-01","La Liga (Matchweek 22)","Atlético Madrid","4-4-2",2,1.3,"Samuel Lino · 26&rsquor; Antoine Griezmann · 90+3&rsquor;","2","0","Mallorca","5-3-2",0,0.5,"","3","0","https://fbref.com/en/matches/15ceb2e9/Atletico-Madrid-Mallorca-February-1-2025-La-Liga","Mallorca","Away",NA,990,458,409,49,11,1,3,20,18,4,1,2,0,372,0,9
"La Liga","2025-02-01","La Liga (Matchweek 22)","Espanyol","4-2-3-1",1,0.3,"Carlos Romero · 85&rsquor;","2","0","Real Madrid","4-2-3-1",0,1.3,"","0","0","https://fbref.com/en/matches/bb8e8b39/Espanyol-Real-Madrid-February-1-2025-La-Liga","Espanyol","Home",NA,990,263,241,22,4,2,3,12,4,1,1,0,0,196,0,4
"La Liga","2025-02-01","La Liga (Matchweek 22)","Espanyol","4-2-3-1",1,0.3,"Carlos Romero · 85&rsquor;","2","0","Real Madrid","4-2-3-1",0,1.3,"","0","0","https://fbref.com/en/matches/bb8e8b39/Espanyol-Real-Madrid-February-1-2025-La-Liga","Real Madrid","Away",NA,990,845,798,46,12,0,8,25,18,8,5,3,0,754,1,15
"La Liga","2025-02-02","La Liga (Matchweek 22)","Barcelona","4-3-3",1,1,"Robert Lewandowski · 61&rsquor;","5","0","Alavés","4-2-3-1",0,0.1,"","2","0","https://fbref.com/en/matches/5dd33e2b/Barcelona-Alaves-February-2-2025-La-Liga","Barcelona","Home",NA,990,674,606,66,31,2,2,16,26,5,0,3,0,586,2,10
"La Liga","2025-02-02","La Liga (Matchweek 22)","Barcelona","4-3-3",1,1,"Robert Lewandowski · 61&rsquor;","5","0","Alavés","4-2-3-1",0,0.1,"","2","0","https://fbref.com/en/matches/5dd33e2b/Barcelona-Alaves-February-2-2025-La-Liga","Alavés","Away",NA,990,308,248,49,10,0,3,16,27,2,1,1,0,208,11,10
"La Liga","2025-02-02","La Liga (Matchweek 22)","Valencia","4-2-3-1",2,1.6,"Luis Rioja · 44&rsquor; Javier Guerra · 68&rsquor;","1","0","Celta Vigo","3-4-3",1,0.4,"Pablo Durán · 65&rsquor;","2","0","https://fbref.com/en/matches/85f339a3/Valencia-Celta-Vigo-February-2-2025-La-Liga","Valencia","Home",NA,990,486,426,58,19,0,4,11,24,5,1,0,0,391,2,11
"La Liga","2025-02-02","La Liga (Matchweek 22)","Valencia","4-2-3-1",2,1.6,"Luis Rioja · 44&rsquor; Javier Guerra · 68&rsquor;","1","0","Celta Vigo","3-4-3",1,0.4,"Pablo Durán · 65&rsquor;","2","0","https://fbref.com/en/matches/85f339a3/Valencia-Celta-Vigo-February-2-2025-La-Liga","Celta Vigo","Away",NA,990,565,516,47,11,1,2,13,25,2,0,2,0,461,2,11
"La Liga","2025-02-02","La Liga (Matchweek 22)","Osasuna","4-3-3",2,0.7,"Ante Budimir · 34&rsquor; Ante Budimir · 74&rsquor;","3","0","Real Sociedad","4-1-4-1",1,2,"Orri Steinn Óskarsson · 90+4&rsquor;","3","0","https://fbref.com/en/matches/2b4789d5/Osasuna-Real-Sociedad-February-2-2025-La-Liga","Osasuna","Home",NA,990,353,310,42,9,1,3,16,16,3,2,0,0,265,1,10
"La Liga","2025-02-02","La Liga (Matchweek 22)","Osasuna","4-3-3",2,0.7,"Ante Budimir · 34&rsquor; Ante Budimir · 74&rsquor;","3","0","Real Sociedad","4-1-4-1",1,2,"Orri Steinn Óskarsson · 90+4&rsquor;","3","0","https://fbref.com/en/matches/2b4789d5/Osasuna-Real-Sociedad-February-2-2025-La-Liga","Real Sociedad","Away",NA,990,586,536,49,11,4,5,26,22,5,3,1,0,485,1,14
"La Liga","2025-02-02","La Liga (Matchweek 22)","Real Betis","4-2-3-1",2,1.1,"Isco · 15&rsquor; Romain Perraud · 45+2&rsquor;","3","0","Athletic Club","4-4-2",2,1.4,"Aitor Paredes · 33&rsquor; Oihan Sancet · 69&rsquor;","1","0","https://fbref.com/en/matches/dc8dc26b/Real-Betis-Athletic-Club-February-2-2025-La-Liga","Real Betis","Home",NA,990,498,430,65,22,1,6,18,29,3,1,2,0,382,3,18
"La Liga","2025-02-02","La Liga (Matchweek 22)","Real Betis","4-2-3-1",2,1.1,"Isco · 15&rsquor; Romain Perraud · 45+2&rsquor;","3","0","Athletic Club","4-4-2",2,1.4,"Aitor Paredes · 33&rsquor; Oihan Sancet · 69&rsquor;","1","0","https://fbref.com/en/matches/dc8dc26b/Real-Betis-Athletic-Club-February-2-2025-La-Liga","Athletic Club","Away",NA,990,449,391,56,13,1,1,23,24,7,4,3,0,336,2,9
"La Liga","2025-02-03","La Liga (Matchweek 22)","Girona","4-2-3-1",2,2,"Abel Ruiz · 8&rsquor; Yaser Asprilla · 79&rsquor;","2","0","Las Palmas","4-2-3-1",1,1.5,"Fábio Silva · 82&rsquor;","2","0","https://fbref.com/en/matches/0a6de3d3/Girona-Las-Palmas-February-3-2025-La-Liga","Girona","Home",NA,990,467,418,43,14,1,5,24,10,11,8,2,0,385,6,8
"La Liga","2025-02-03","La Liga (Matchweek 22)","Girona","4-2-3-1",2,2,"Abel Ruiz · 8&rsquor; Yaser Asprilla · 79&rsquor;","2","0","Las Palmas","4-2-3-1",1,1.5,"Fábio Silva · 82&rsquor;","2","0","https://fbref.com/en/matches/0a6de3d3/Girona-Las-Palmas-February-3-2025-La-Liga","Las Palmas","Away",NA,990,532,484,45,18,1,1,14,16,3,0,2,0,438,3,8
"La Liga","2025-02-07","La Liga (Matchweek 23)","Rayo Vallecano","4-2-3-1",1,2.3,"Álvaro García · 71&rsquor;","2","0","Valladolid","4-1-4-1",0,0.4,"","2","0","https://fbref.com/en/matches/7bfbe87f/Rayo-Vallecano-Valladolid-February-7-2025-La-Liga","Rayo Vallecano","Home",NA,990,633,576,57,16,2,3,26,31,4,2,1,0,530,0,10
"La Liga","2025-02-07","La Liga (Matchweek 23)","Rayo Vallecano","4-2-3-1",1,2.3,"Álvaro García · 71&rsquor;","2","0","Valladolid","4-1-4-1",0,0.4,"","2","0","https://fbref.com/en/matches/7bfbe87f/Rayo-Vallecano-Valladolid-February-7-2025-La-Liga","Valladolid","Away",NA,990,290,245,44,10,1,2,11,16,2,0,2,0,188,1,8
"La Liga","2025-02-08","La Liga (Matchweek 23)","Celta Vigo","3-4-3",3,2.2,"Fran Beltrán · 63&rsquor; Javi Rodríguez · 65&rsquor; Williot Swedberg · 87&rsquor;","3","0","Real Betis","4-2-3-1",2,1.3,"Antony · 10&rsquor; Diego Llorente · 22&rsquor;","5","0","https://fbref.com/en/matches/7d25dd93/Celta-Vigo-Real-Betis-February-8-2025-La-Liga","Celta Vigo","Home",NA,990,599,553,44,13,2,7,15,17,4,1,2,0,501,2,12
"La Liga","2025-02-08","La Liga (Matchweek 23)","Celta Vigo","3-4-3",3,2.2,"Fran Beltrán · 63&rsquor; Javi Rodríguez · 65&rsquor; Williot Swedberg · 87&rsquor;","3","0","Real Betis","4-2-3-1",2,1.3,"Antony · 10&rsquor; Diego Llorente · 22&rsquor;","5","0","https://fbref.com/en/matches/7d25dd93/Celta-Vigo-Real-Betis-February-8-2025-La-Liga","Real Betis","Away",NA,990,491,441,47,13,0,1,21,17,7,4,1,0,397,3,9
"La Liga","2025-02-08","La Liga (Matchweek 23)","Athletic Club","4-2-3-1",3,3.6,"Oihan Sancet (P) · 42&rsquor; Oihan Sancet · 45+1&rsquor; Oihan Sancet · 79&rsquor;","0","0","Girona","4-2-3-1",0,0.1,"","4","0","https://fbref.com/en/matches/87b1fc3e/Athletic-Club-Girona-February-8-2025-La-Liga","Athletic Club","Home",NA,990,448,400,48,12,2,1,33,21,11,4,5,0,352,0,10
"La Liga","2025-02-08","La Liga (Matchweek 23)","Athletic Club","4-2-3-1",3,3.6,"Oihan Sancet (P) · 42&rsquor; Oihan Sancet · 45+1&rsquor; Oihan Sancet · 79&rsquor;","0","0","Girona","4-2-3-1",0,0.1,"","4","0","https://fbref.com/en/matches/87b1fc3e/Athletic-Club-Girona-February-8-2025-La-Liga","Girona","Away",NA,990,553,510,41,7,1,5,8,19,2,0,1,0,476,2,7
"La Liga","2025-02-08","La Liga (Matchweek 23)","Las Palmas","4-2-3-1",1,1.4,"Manuel Fuster · 84&rsquor;","6","0","Villarreal","4-4-2",2,0.9,"Alex Baena · 53&rsquor; Ayoze Pérez · 66&rsquor;","3","0","https://fbref.com/en/matches/117692e2/Las-Palmas-Villarreal-February-8-2025-La-Liga","Las Palmas","Home",NA,990,526,481,45,17,0,5,32,14,6,3,2,0,421,0,7
"La Liga","2025-02-08","La Liga (Matchweek 23)","Las Palmas","4-2-3-1",1,1.4,"Manuel Fuster · 84&rsquor;","6","0","Villarreal","4-4-2",2,0.9,"Alex Baena · 53&rsquor; Ayoze Pérez · 66&rsquor;","3","0","https://fbref.com/en/matches/117692e2/Las-Palmas-Villarreal-February-8-2025-La-Liga","Villarreal","Away",NA,990,408,350,53,12,1,3,10,18,5,0,1,0,313,5,7
"La Liga","2025-02-08","La Liga (Matchweek 23)","Real Madrid","4-2-3-1",1,1.6,"Kylian Mbappé · 50&rsquor;","1","0","Atlético Madrid","4-4-2",1,1.5,"Julián Álvarez (P) · 35&rsquor;","3","0","https://fbref.com/en/matches/442c5b57/El-Derbi-Madrileno-Real-Madrid-Atletico-Madrid-February-8-2025-La-Liga","Real Madrid","Home",NA,990,707,660,45,14,1,3,19,16,6,0,4,0,640,2,6
"La Liga","2025-02-08","La Liga (Matchweek 23)","Real Madrid","4-2-3-1",1,1.6,"Kylian Mbappé · 50&rsquor;","1","0","Atlético Madrid","4-4-2",1,1.5,"Julián Álvarez (P) · 35&rsquor;","3","0","https://fbref.com/en/matches/442c5b57/El-Derbi-Madrileno-Real-Madrid-Atletico-Madrid-February-8-2025-La-Liga","Atlético Madrid","Away",NA,990,476,431,44,15,2,6,9,18,1,0,1,0,408,1,11
"La Liga","2025-02-09","La Liga (Matchweek 23)","Alavés","4-2-2-2",0,1.4,"","2","0","Getafe","4-4-2",1,0.9,"Mauro Arambarri (P) · 44&rsquor;","6","0","https://fbref.com/en/matches/39db2a13/Alaves-Getafe-February-9-2025-La-Liga","Alavés","Home",NA,990,508,441,64,17,1,4,37,29,8,1,5,1,356,3,16
"La Liga","2025-02-09","La Liga (Matchweek 23)","Alavés","4-2-2-2",0,1.4,"","2","0","Getafe","4-4-2",1,0.9,"Mauro Arambarri (P) · 44&rsquor;","6","0","https://fbref.com/en/matches/39db2a13/Alaves-Getafe-February-9-2025-La-Liga","Getafe","Away",NA,990,268,209,57,18,0,4,18,22,3,2,1,0,134,2,11
"La Liga","2025-02-09","La Liga (Matchweek 23)","Valencia","4-2-3-1",2,1.9,"Cristhian Mosquera · 30&rsquor; Mouctar Diakhaby · 41&rsquor;","1","0","Leganés","5-3-2",0,0.5,"","1","0","https://fbref.com/en/matches/89c7a794/Valencia-Leganes-February-9-2025-La-Liga","Valencia","Home",NA,990,405,354,50,11,1,1,23,16,9,5,4,0,302,1,7
"La Liga","2025-02-09","La Liga (Matchweek 23)","Valencia","4-2-3-1",2,1.9,"Cristhian Mosquera · 30&rsquor; Mouctar Diakhaby · 41&rsquor;","1","0","Leganés","5-3-2",0,0.5,"","1","0","https://fbref.com/en/matches/89c7a794/Valencia-Leganes-February-9-2025-La-Liga","Leganés","Away",NA,990,507,460,45,13,2,5,12,15,3,0,3,0,428,2,6
"La Liga","2025-02-09","La Liga (Matchweek 23)","Real Sociedad","4-3-3",2,1.7,"Sheraldo Becker · 1&rsquor; Brais Méndez · 84&rsquor;","1","0","Espanyol","4-4-2",1,0.9,"Javi Puado (P) · 53&rsquor;","2","0","https://fbref.com/en/matches/39cd05e4/Real-Sociedad-Espanyol-February-9-2025-La-Liga","Real Sociedad","Home",NA,990,606,557,49,18,0,5,31,21,6,1,3,0,486,0,9
"La Liga","2025-02-09","La Liga (Matchweek 23)","Real Sociedad","4-3-3",2,1.7,"Sheraldo Becker · 1&rsquor; Brais Méndez · 84&rsquor;","1","0","Espanyol","4-4-2",1,0.9,"Javi Puado (P) · 53&rsquor;","2","0","https://fbref.com/en/matches/39cd05e4/Real-Sociedad-Espanyol-February-9-2025-La-Liga","Espanyol","Away",NA,990,281,226,52,10,0,2,3,26,0,0,0,0,190,3,3
"La Liga","2025-02-09","La Liga (Matchweek 23)","Sevilla","4-2-3-1",1,0.7,"Ruben Vargas · 8&rsquor;","5","0","Barcelona","4-2-3-1",4,1.9,"Robert Lewandowski · 7&rsquor; Fermin López · 46&rsquor; Raphinha · 55&rsquor; Fermin López · 62&rsquor; Eric García · 89&rsquor;","2","1","https://fbref.com/en/matches/57bc3e19/Sevilla-Barcelona-February-9-2025-La-Liga","Sevilla","Home",NA,990,376,336,37,7,2,3,16,11,5,4,0,0,297,3,10
"La Liga","2025-02-09","La Liga (Matchweek 23)","Sevilla","4-2-3-1",1,0.7,"Ruben Vargas · 8&rsquor;","5","0","Barcelona","4-2-3-1",4,1.9,"Robert Lewandowski · 7&rsquor; Fermin López · 46&rsquor; Raphinha · 55&rsquor; Fermin López · 62&rsquor; Eric García · 89&rsquor;","2","1","https://fbref.com/en/matches/57bc3e19/Sevilla-Barcelona-February-9-2025-La-Liga","Barcelona","Away",NA,961,553,504,48,17,1,3,15,21,6,3,0,0,462,1,9
"La Liga","2025-02-10","La Liga (Matchweek 23)","Mallorca","4-2-3-1",1,1.3,"Vedat Muriqi (P) · 81&rsquor;","1","0","Osasuna","4-1-4-1",1,1.4,"Enzo Boyomo · 90+4&rsquor;","4","0","https://fbref.com/en/matches/64cac73e/Mallorca-Osasuna-February-10-2025-La-Liga","Mallorca","Home",NA,990,389,346,40,9,3,5,22,14,7,4,2,0,301,3,9
"La Liga","2025-02-10","La Liga (Matchweek 23)","Mallorca","4-2-3-1",1,1.3,"Vedat Muriqi (P) · 81&rsquor;","1","0","Osasuna","4-1-4-1",1,1.4,"Enzo Boyomo · 90+4&rsquor;","4","0","https://fbref.com/en/matches/64cac73e/Mallorca-Osasuna-February-10-2025-La-Liga","Osasuna","Away",NA,990,459,410,49,10,0,4,38,18,11,7,4,0,353,0,9
"La Liga","2025-02-14","La Liga (Matchweek 24)","Girona","3-4-3",1,0.9,"Yangel Herrera · 54&rsquor; Yangel Herrera · 73&rsquor;","2","1","Getafe","4-4-2",2,0.6,"Chrisantus Uche · 3&rsquor; Borja Mayoral · 62&rsquor;","3","0","https://fbref.com/en/matches/2702096e/Girona-Getafe-February-14-2025-La-Liga","Girona","Home",NA,972,620,558,60,25,0,5,30,25,3,0,2,0,517,2,12
"La Liga","2025-02-14","La Liga (Matchweek 24)","Girona","3-4-3",1,0.9,"Yangel Herrera · 54&rsquor; Yangel Herrera · 73&rsquor;","2","1","Getafe","4-4-2",2,0.6,"Chrisantus Uche · 3&rsquor; Borja Mayoral · 62&rsquor;","3","0","https://fbref.com/en/matches/2702096e/Girona-Getafe-February-14-2025-La-Liga","Getafe","Away",NA,990,258,209,45,12,1,1,10,16,3,1,2,0,166,4,8
"La Liga","2025-02-15","La Liga (Matchweek 24)","Leganés","4-2-3-1",3,1.8,"Dani Raba (P) · 10&rsquor; Dani Raba (P) · 37&rsquor; Munir El Haddadi · 88&rsquor; Munir El Haddadi · 90+6&rsquor;","4","1","Alavés","4-2-3-1",3,1.7,"Kiké · 25&rsquor; Joan Jordán (P) · 50&rsquor; Joan Jordán · 68&rsquor;","5","0","https://fbref.com/en/matches/5bf2e4ce/Leganes-Alaves-February-15-2025-La-Liga","Leganés","Home",NA,989,333,275,55,12,0,0,13,26,3,0,2,0,231,3,8
"La Liga","2025-02-15","La Liga (Matchweek 24)","Leganés","4-2-3-1",3,1.8,"Dani Raba (P) · 10&rsquor; Dani Raba (P) · 37&rsquor; Munir El Haddadi · 88&rsquor; Munir El Haddadi · 90+6&rsquor;","4","1","Alavés","4-2-3-1",3,1.7,"Kiké · 25&rsquor; Joan Jordán (P) · 50&rsquor; Joan Jordán · 68&rsquor;","5","0","https://fbref.com/en/matches/5bf2e4ce/Leganes-Alaves-February-15-2025-La-Liga","Alavés","Away",NA,990,441,388,53,20,0,7,22,19,2,1,0,0,335,0,7
"La Liga","2025-02-15","La Liga (Matchweek 24)","Osasuna","4-1-4-1",1,1.4,"Ante Budimir (P) · 58&rsquor;","3","0","Real Madrid","4-4-2",1,1.4,"Kylian Mbappé · 15&rsquor; Jude Bellingham · 39&rsquor;","1","1","https://fbref.com/en/matches/c667c7ca/Osasuna-Real-Madrid-February-15-2025-La-Liga","Osasuna","Home",NA,990,423,387,35,8,0,2,28,8,6,3,1,0,340,1,3
"La Liga","2025-02-15","La Liga (Matchweek 24)","Osasuna","4-1-4-1",1,1.4,"Ante Budimir (P) · 58&rsquor;","3","0","Real Madrid","4-4-2",1,1.4,"Kylian Mbappé · 15&rsquor; Jude Bellingham · 39&rsquor;","1","1","https://fbref.com/en/matches/c667c7ca/Osasuna-Real-Madrid-February-15-2025-La-Liga","Real Madrid","Away",NA,938,510,462,46,16,4,3,10,16,2,1,1,0,442,2,7
"La Liga","2025-02-15","La Liga (Matchweek 24)","Atlético Madrid","4-4-2",1,0.6,"Pablo Barrios · 7&rsquor; Alexander Sørloth · 81&rsquor;","3","1","Celta Vigo","3-4-3",1,1.7,"Iago Aspas (P) · 68&rsquor;","5","0","https://fbref.com/en/matches/ec6e214e/Atletico-Madrid-Celta-Vigo-February-15-2025-La-Liga","Atlético Madrid","Home",NA,906,348,291,56,18,1,1,10,21,2,1,0,0,267,1,7
"La Liga","2025-02-15","La Liga (Matchweek 24)","Atlético Madrid","4-4-2",1,0.6,"Pablo Barrios · 7&rsquor; Alexander Sørloth · 81&rsquor;","3","1","Celta Vigo","3-4-3",1,1.7,"Iago Aspas (P) · 68&rsquor;","5","0","https://fbref.com/en/matches/ec6e214e/Atletico-Madrid-Celta-Vigo-February-15-2025-La-Liga","Celta Vigo","Away",NA,990,685,649,35,8,2,5,20,15,7,2,4,0,605,1,3
"La Liga","2025-02-15","La Liga (Matchweek 24)","Villarreal","4-4-2",1,1.3,"Pape Gueye · 32&rsquor;","0","0","Valencia","5-4-1",1,1.1,"Umar Sadiq · 84&rsquor;","5","0","https://fbref.com/en/matches/71df1d23/Villarreal-Valencia-February-15-2025-La-Liga","Villarreal","Home",NA,990,562,521,38,16,1,2,16,11,4,3,0,0,478,3,3
"La Liga","2025-02-15","La Liga (Matchweek 24)","Villarreal","4-4-2",1,1.3,"Pape Gueye · 32&rsquor;","0","0","Valencia","5-4-1",1,1.1,"Umar Sadiq · 84&rsquor;","5","0","https://fbref.com/en/matches/71df1d23/Villarreal-Valencia-February-15-2025-La-Liga","Valencia","Away",NA,990,551,513,38,9,1,9,15,11,5,4,0,0,481,0,11
"La Liga","2025-02-16","La Liga (Matchweek 24)","Espanyol","4-2-3-1",1,0.8,"Roberto Férnandez · 62&rsquor;","1","0","Athletic Club","4-2-3-1",1,1,"Oihan Sancet · 77&rsquor;","1","0","https://fbref.com/en/matches/d0f5d736/Espanyol-Athletic-Club-February-16-2025-La-Liga","Espanyol","Home",NA,990,341,292,46,9,0,5,15,27,2,0,2,0,226,3,9
"La Liga","2025-02-16","La Liga (Matchweek 24)","Espanyol","4-2-3-1",1,0.8,"Roberto Férnandez · 62&rsquor;","1","0","Athletic Club","4-2-3-1",1,1,"Oihan Sancet · 77&rsquor;","1","0","https://fbref.com/en/matches/d0f5d736/Espanyol-Athletic-Club-February-16-2025-La-Liga","Athletic Club","Away",NA,990,527,468,58,15,0,1,31,28,7,3,3,1,419,1,6
"La Liga","2025-02-16","La Liga (Matchweek 24)","Valladolid","4-1-4-1",0,0.5,"","4","0","Sevilla","4-3-3",4,1.1,"Juanlu Sánchez · 5&rsquor; Isaac Romero · 45+1&rsquor; Juanlu Sánchez · 67&rsquor; Dodi Lukebakio · 84&rsquor;","2","0","https://fbref.com/en/matches/fbad97f4/Valladolid-Sevilla-February-16-2025-La-Liga","Valladolid","Home",NA,990,584,531,50,10,1,1,17,21,3,2,0,0,498,3,5
"La Liga","2025-02-16","La Liga (Matchweek 24)","Valladolid","4-1-4-1",0,0.5,"","4","0","Sevilla","4-3-3",4,1.1,"Juanlu Sánchez · 5&rsquor; Isaac Romero · 45+1&rsquor; Juanlu Sánchez · 67&rsquor; Dodi Lukebakio · 84&rsquor;","2","0","https://fbref.com/en/matches/fbad97f4/Valladolid-Sevilla-February-16-2025-La-Liga","Sevilla","Away",NA,990,543,497,46,14,0,3,13,23,2,2,0,0,457,0,7
"La Liga","2025-02-16","La Liga (Matchweek 24)","Mallorca","4-2-3-1",3,1.7,"Vedat Muriqi · 7&rsquor; Vedat Muriqi · 28&rsquor; Dani Rodríguez · 35&rsquor;","1","0","Las Palmas","4-2-3-1",1,0.8,"Stefan Bajcetic · 62&rsquor;","4","0","https://fbref.com/en/matches/041d6702/Mallorca-Las-Palmas-February-16-2025-La-Liga","Mallorca","Home",NA,990,467,417,46,15,1,1,26,23,3,3,0,0,362,4,10
"La Liga","2025-02-16","La Liga (Matchweek 24)","Mallorca","4-2-3-1",3,1.7,"Vedat Muriqi · 7&rsquor; Vedat Muriqi · 28&rsquor; Dani Rodríguez · 35&rsquor;","1","0","Las Palmas","4-2-3-1",1,0.8,"Stefan Bajcetic · 62&rsquor;","4","0","https://fbref.com/en/matches/041d6702/Mallorca-Las-Palmas-February-16-2025-La-Liga","Las Palmas","Away",NA,990,488,436,49,11,0,1,29,20,5,1,2,1,381,3,10
"La Liga","2025-02-16","La Liga (Matchweek 24)","Real Betis","4-2-3-1",3,2.3,"Antony · 51&rsquor; Marc Roca · 64&rsquor; Marc Roca · 69&rsquor;","0","0","Real Sociedad","4-4-2",0,0.3,"Igor Zubeldia · 20&rsquor; Sheraldo Becker · 75&rsquor;","2","2","https://fbref.com/en/matches/f7ee4708/Real-Betis-Real-Sociedad-February-16-2025-La-Liga","Real Betis","Home",NA,990,628,595,33,14,2,5,17,11,5,1,1,0,548,0,11
"La Liga","2025-02-16","La Liga (Matchweek 24)","Real Betis","4-2-3-1",3,2.3,"Antony · 51&rsquor; Marc Roca · 64&rsquor; Marc Roca · 69&rsquor;","0","0","Real Sociedad","4-4-2",0,0.3,"Igor Zubeldia · 20&rsquor; Sheraldo Becker · 75&rsquor;","2","2","https://fbref.com/en/matches/f7ee4708/Real-Betis-Real-Sociedad-February-16-2025-La-Liga","Real Sociedad","Away",NA,903,298,252,44,9,0,1,13,18,5,2,2,0,192,2,14
"La Liga","2025-02-17","La Liga (Matchweek 24)","Barcelona","4-2-3-1",1,2.3,"Robert Lewandowski (P) · 28&rsquor;","2","0","Rayo Vallecano","4-2-3-1",0,1,"","3","0","https://fbref.com/en/matches/b299fca9/Barcelona-Rayo-Vallecano-February-17-2025-La-Liga","Barcelona","Home",NA,990,579,535,42,13,4,5,12,17,4,3,0,0,493,2,16
"La Liga","2025-02-17","La Liga (Matchweek 24)","Barcelona","4-2-3-1",1,2.3,"Robert Lewandowski (P) · 28&rsquor;","2","0","Rayo Vallecano","4-2-3-1",0,1,"","3","0","https://fbref.com/en/matches/b299fca9/Barcelona-Rayo-Vallecano-February-17-2025-La-Liga","Rayo Vallecano","Away",NA,990,403,351,47,13,1,5,17,19,5,3,1,0,308,5,16
"La Liga","2025-02-21","La Liga (Matchweek 25)","Celta Vigo","3-4-3",1,1.8,"Iago Aspas (P) · 69&rsquor;","1","0","Osasuna","5-3-2",0,1.2,"","0","0","https://fbref.com/en/matches/138c629e/Celta-Vigo-Osasuna-February-21-2025-La-Liga","Celta Vigo","Home",NA,990,490,445,43,13,6,3,10,15,5,4,1,0,420,2,6
"La Liga","2025-02-21","La Liga (Matchweek 25)","Celta Vigo","3-4-3",1,1.8,"Iago Aspas (P) · 69&rsquor;","1","0","Osasuna","5-3-2",0,1.2,"","0","0","https://fbref.com/en/matches/138c629e/Celta-Vigo-Osasuna-February-21-2025-La-Liga","Osasuna","Away",NA,990,584,540,43,12,2,1,29,17,4,2,2,0,481,1,12
"La Liga","2025-02-22","La Liga (Matchweek 25)","Alavés","4-4-2",0,1.8,"","2","0","Espanyol","4-2-3-1",1,0.4,"Fernando Calero · 86&rsquor;","2","0","https://fbref.com/en/matches/776298df/Alaves-Espanyol-February-22-2025-La-Liga","Alavés","Home",NA,990,532,479,50,15,2,2,32,21,7,3,3,0,390,3,13
"La Liga","2025-02-22","La Liga (Matchweek 25)","Alavés","4-4-2",0,1.8,"","2","0","Espanyol","4-2-3-1",1,0.4,"Fernando Calero · 86&rsquor;","2","0","https://fbref.com/en/matches/776298df/Alaves-Espanyol-February-22-2025-La-Liga","Espanyol","Away",NA,990,330,288,42,16,0,1,12,17,0,0,0,0,228,0,6
"La Liga","2025-02-22","La Liga (Matchweek 25)","Rayo Vallecano","4-2-3-1",0,0.6,"Jorge de Frutos · 42&rsquor;","1","1","Villarreal","4-4-2",1,0.6,"Ayoze Pérez · 66&rsquor;","4","0","https://fbref.com/en/matches/4d0c9845/Rayo-Vallecano-Villarreal-February-22-2025-La-Liga","Rayo Vallecano","Home",NA,941,464,414,50,12,0,3,23,23,3,3,0,0,370,0,8
"La Liga","2025-02-22","La Liga (Matchweek 25)","Rayo Vallecano","4-2-3-1",0,0.6,"Jorge de Frutos · 42&rsquor;","1","1","Villarreal","4-4-2",1,0.6,"Ayoze Pérez · 66&rsquor;","4","0","https://fbref.com/en/matches/4d0c9845/Rayo-Vallecano-Villarreal-February-22-2025-La-Liga","Villarreal","Away",NA,990,455,392,63,15,3,4,20,29,5,3,2,0,348,0,12
"La Liga","2025-02-22","La Liga (Matchweek 25)","Valencia","3-4-3",0,0.8,"","1","0","Atlético Madrid","4-4-2",3,1.3,"Julián Álvarez · 12&rsquor; Julián Álvarez · 30&rsquor; Ángel Correa · 86&rsquor;","3","0","https://fbref.com/en/matches/cc85a3d4/Valencia-Atletico-Madrid-February-22-2025-La-Liga","Valencia","Home",NA,990,582,533,49,17,0,2,39,16,7,2,1,0,508,0,10
"La Liga","2025-02-22","La Liga (Matchweek 25)","Valencia","3-4-3",0,0.8,"","1","0","Atlético Madrid","4-4-2",3,1.3,"Julián Álvarez · 12&rsquor; Julián Álvarez · 30&rsquor; Ángel Correa · 86&rsquor;","3","0","https://fbref.com/en/matches/cc85a3d4/Valencia-Atletico-Madrid-February-22-2025-La-Liga","Atlético Madrid","Away",NA,990,602,551,49,17,1,3,5,15,0,0,0,0,524,2,7
"La Liga","2025-02-22","La Liga (Matchweek 25)","Las Palmas","4-2-3-1",0,0.4,"","1","0","Barcelona","4-2-3-1",2,1.4,"Dani Olmo · 62&rsquor; Ferrán Torres · 90+5&rsquor;","1","0","https://fbref.com/en/matches/6b455e82/Las-Palmas-Barcelona-February-22-2025-La-Liga","Las Palmas","Home",NA,990,312,261,45,5,1,4,13,18,5,0,4,0,204,6,10
"La Liga","2025-02-22","La Liga (Matchweek 25)","Las Palmas","4-2-3-1",0,0.4,"","1","0","Barcelona","4-2-3-1",2,1.4,"Dani Olmo · 62&rsquor; Ferrán Torres · 90+5&rsquor;","1","0","https://fbref.com/en/matches/6b455e82/Las-Palmas-Barcelona-February-22-2025-La-Liga","Barcelona","Away",NA,990,705,663,41,16,1,4,20,15,3,1,0,0,610,1,12
"La Liga","2025-02-23","La Liga (Matchweek 25)","Athletic Club","4-2-3-1",7,3.8,"Mikel Jauregizar · 10&rsquor; Nico Williams · 35&rsquor; Maroan Sannadi · 43&rsquor; Oihan Sancet · 45+2&rsquor; Nico Williams · 66&rsquor; Gorka Guruzeta · 69&rsquor; Iñaki Williams · 87&rsquor;","2","0","Valladolid","5-4-1",1,0.5,"Mamadou Sylla · 47&rsquor; Stanko Jurić · 56&rsquor;","4","1","https://fbref.com/en/matches/e42061f0/Athletic-Club-Valladolid-February-23-2025-La-Liga","Athletic Club","Home",NA,990,464,428,34,6,1,0,22,19,4,1,3,0,397,2,7
"La Liga","2025-02-23","La Liga (Matchweek 25)","Athletic Club","4-2-3-1",7,3.8,"Mikel Jauregizar · 10&rsquor; Nico Williams · 35&rsquor; Maroan Sannadi · 43&rsquor; Oihan Sancet · 45+2&rsquor; Nico Williams · 66&rsquor; Gorka Guruzeta · 69&rsquor; Iñaki Williams · 87&rsquor;","2","0","Valladolid","5-4-1",1,0.5,"Mamadou Sylla · 47&rsquor; Stanko Jurić · 56&rsquor;","4","1","https://fbref.com/en/matches/e42061f0/Athletic-Club-Valladolid-February-23-2025-La-Liga","Valladolid","Away",NA,955,353,300,51,11,4,1,6,11,4,1,2,0,272,2,8
"La Liga","2025-02-23","La Liga (Matchweek 25)","Real Madrid","4-2-2-2",2,2.2,"Luka Modrić · 41&rsquor; Vinicius Júnior · 83&rsquor;","0","0","Girona","3-4-1-2",0,0.4,"","2","0","https://fbref.com/en/matches/9289e6ed/Real-Madrid-Girona-February-23-2025-La-Liga","Real Madrid","Home",NA,990,706,668,38,9,5,6,14,12,11,2,2,0,652,0,6
"La Liga","2025-02-23","La Liga (Matchweek 25)","Real Madrid","4-2-2-2",2,2.2,"Luka Modrić · 41&rsquor; Vinicius Júnior · 83&rsquor;","0","0","Girona","3-4-1-2",0,0.4,"","2","0","https://fbref.com/en/matches/9289e6ed/Real-Madrid-Girona-February-23-2025-La-Liga","Girona","Away",NA,990,414,379,33,1,0,1,17,7,5,3,2,0,361,2,3
"La Liga","2025-02-23","La Liga (Matchweek 25)","Getafe","4-4-2",1,1.2,"Borja Mayoral · 82&rsquor; Domingos Duarte · 90+6&rsquor;","4","1","Real Betis","4-2-3-1",2,2,"Isco · 18&rsquor; Isco (P) · 77&rsquor; Antony · 90+4&rsquor;","0","1","https://fbref.com/en/matches/738f8f85/Getafe-Real-Betis-February-23-2025-La-Liga","Getafe","Home",NA,989,413,352,59,23,0,6,15,25,2,0,2,0,281,2,6
"La Liga","2025-02-23","La Liga (Matchweek 25)","Getafe","4-4-2",1,1.2,"Borja Mayoral · 82&rsquor; Domingos Duarte · 90+6&rsquor;","4","1","Real Betis","4-2-3-1",2,2,"Isco · 18&rsquor; Isco (P) · 77&rsquor; Antony · 90+4&rsquor;","0","1","https://fbref.com/en/matches/738f8f85/Getafe-Real-Betis-February-23-2025-La-Liga","Real Betis","Away",NA,989,436,367,66,18,0,4,9,31,5,1,3,0,311,3,12
"La Liga","2025-02-23","La Liga (Matchweek 25)","Real Sociedad","4-1-4-1",3,0.7,"Arsen Zakharyan · 12&rsquor; Takefusa Kubo · 48&rsquor; Olasagasti · 80&rsquor;","3","0","Leganés","5-3-2",0,0.3,"","3","0","https://fbref.com/en/matches/1182bc6e/Real-Sociedad-Leganes-February-23-2025-La-Liga","Real Sociedad","Home",NA,990,513,462,50,20,3,2,18,21,3,1,2,0,419,1,15
"La Liga","2025-02-23","La Liga (Matchweek 25)","Real Sociedad","4-1-4-1",3,0.7,"Arsen Zakharyan · 12&rsquor; Takefusa Kubo · 48&rsquor; Olasagasti · 80&rsquor;","3","0","Leganés","5-3-2",0,0.3,"","3","0","https://fbref.com/en/matches/1182bc6e/Real-Sociedad-Leganes-February-23-2025-La-Liga","Leganés","Away",NA,990,414,359,48,13,3,1,9,16,3,1,1,0,324,7,5
"La Liga","2025-02-24","La Liga (Matchweek 25)","Sevilla","4-2-3-1",1,1.3,"Kike Salas · 45+2&rsquor;","1","0","Mallorca","5-4-1",1,2.3,"Martin Valjent · 90+1&rsquor;","3","0","https://fbref.com/en/matches/409ec366/Sevilla-Mallorca-February-24-2025-La-Liga","Sevilla","Home",NA,990,495,452,43,12,0,4,23,18,4,3,0,0,388,0,7
"La Liga","2025-02-24","La Liga (Matchweek 25)","Sevilla","4-2-3-1",1,1.3,"Kike Salas · 45+2&rsquor;","1","0","Mallorca","5-4-1",1,2.3,"Martin Valjent · 90+1&rsquor;","3","0","https://fbref.com/en/matches/409ec366/Sevilla-Mallorca-February-24-2025-La-Liga","Mallorca","Away",NA,990,437,380,57,11,3,3,21,22,4,1,3,0,330,0,9
"La Liga","2025-02-28","La Liga (Matchweek 26)","Valladolid","4-2-3-1",1,1.8,"Juanmi Latasa · 63&rsquor;","2","0","Las Palmas","4-2-3-1",1,0.2,"Sandro Ramírez · 22&rsquor; Scott McKenna · 29&rsquor;","1","1","https://fbref.com/en/matches/d3f13884/Valladolid-Las-Palmas-February-28-2025-La-Liga","Valladolid","Home",NA,990,608,555,50,7,4,4,47,25,13,7,0,0,493,3,9
"La Liga","2025-02-28","La Liga (Matchweek 26)","Valladolid","4-2-3-1",1,1.8,"Juanmi Latasa · 63&rsquor;","2","0","Las Palmas","4-2-3-1",1,0.2,"Sandro Ramírez · 22&rsquor; Scott McKenna · 29&rsquor;","1","1","https://fbref.com/en/matches/d3f13884/Valladolid-Las-Palmas-February-28-2025-La-Liga","Las Palmas","Away",NA,928,339,284,55,14,2,4,11,20,4,1,2,0,241,0,6
"La Liga","2025-03-01","La Liga (Matchweek 26)","Girona","3-4-3",2,0.7,"Viktor Tsyhankov · 21&rsquor; Yangel Herrera · 68&rsquor;","0","0","Celta Vigo","3-4-3",2,1.8,"Iker Losada · 36&rsquor; Marcos Alonso (P) · 51&rsquor;","0","0","https://fbref.com/en/matches/3865f1d2/Girona-Celta-Vigo-March-1-2025-La-Liga","Girona","Home",NA,990,525,474,45,16,3,0,21,18,4,1,3,0,446,6,7
"La Liga","2025-03-01","La Liga (Matchweek 26)","Girona","3-4-3",2,0.7,"Viktor Tsyhankov · 21&rsquor; Yangel Herrera · 68&rsquor;","0","0","Celta Vigo","3-4-3",2,1.8,"Iker Losada · 36&rsquor; Marcos Alonso (P) · 51&rsquor;","0","0","https://fbref.com/en/matches/3865f1d2/Girona-Celta-Vigo-March-1-2025-La-Liga","Celta Vigo","Away",NA,990,510,464,44,12,2,0,9,21,2,0,1,0,439,2,7
"La Liga","2025-03-01","La Liga (Matchweek 26)","Rayo Vallecano","4-2-3-1",1,2.8,"Andrei Ratiu · 55&rsquor;","1","0","Sevilla","4-2-3-1",1,0.6,"Dodi Lukebakio · 81&rsquor;","0","0","https://fbref.com/en/matches/3736c3d4/Rayo-Vallecano-Sevilla-March-1-2025-La-Liga","Rayo Vallecano","Home",NA,990,584,527,57,9,1,11,23,32,6,2,4,0,475,0,14
"La Liga","2025-03-01","La Liga (Matchweek 26)","Rayo Vallecano","4-2-3-1",1,2.8,"Andrei Ratiu · 55&rsquor;","1","0","Sevilla","4-2-3-1",1,0.6,"Dodi Lukebakio · 81&rsquor;","0","0","https://fbref.com/en/matches/3736c3d4/Rayo-Vallecano-Sevilla-March-1-2025-La-Liga","Sevilla","Away",NA,990,332,278,54,13,0,2,17,26,6,3,3,0,234,0,11
"La Liga","2025-03-01","La Liga (Matchweek 26)","Real Betis","4-2-3-1",2,2.4,"Johnny Cardoso · 34&rsquor; Isco (P) · 54&rsquor;","3","0","Real Madrid","4-3-3",1,0.9,"Brahim Díaz · 10&rsquor;","4","0","https://fbref.com/en/matches/f1e4f58c/Real-Betis-Real-Madrid-March-1-2025-La-Liga","Real Betis","Home",NA,990,426,382,44,8,0,3,15,20,9,6,2,0,362,0,5
"La Liga","2025-03-01","La Liga (Matchweek 26)","Real Betis","4-2-3-1",2,2.4,"Johnny Cardoso · 34&rsquor; Isco (P) · 54&rsquor;","3","0","Real Madrid","4-3-3",1,0.9,"Brahim Díaz · 10&rsquor;","4","0","https://fbref.com/en/matches/f1e4f58c/Real-Betis-Real-Madrid-March-1-2025-La-Liga","Real Madrid","Away",NA,990,590,541,49,17,1,2,16,18,2,1,1,0,498,0,8
"La Liga","2025-03-01","La Liga (Matchweek 26)","Atlético Madrid","4-4-2",1,2.2,"Julián Álvarez · 66&rsquor;","2","0","Athletic Club","4-2-3-1",0,1.1,"","3","0","https://fbref.com/en/matches/1971e698/Atletico-Madrid-Athletic-Club-March-1-2025-La-Liga","Atlético Madrid","Home",NA,990,537,493,40,6,3,2,21,17,6,1,3,0,438,4,6
"La Liga","2025-03-01","La Liga (Matchweek 26)","Atlético Madrid","4-4-2",1,2.2,"Julián Álvarez · 66&rsquor;","2","0","Athletic Club","4-2-3-1",0,1.1,"","3","0","https://fbref.com/en/matches/1971e698/Atletico-Madrid-Athletic-Club-March-1-2025-La-Liga","Athletic Club","Away",NA,990,530,483,47,11,1,1,23,24,2,1,0,0,434,0,5
"La Liga","2025-03-02","La Liga (Matchweek 26)","Leganés","5-4-1",1,1,"Diego · 90+2&rsquor;","1","0","Getafe","4-4-2",0,0.3,"","1","0","https://fbref.com/en/matches/f079fabc/Leganes-Getafe-March-2-2025-La-Liga","Leganés","Home",NA,990,462,418,43,15,2,1,13,20,2,2,0,0,346,1,10
"La Liga","2025-03-02","La Liga (Matchweek 26)","Leganés","5-4-1",1,1,"Diego · 90+2&rsquor;","1","0","Getafe","4-4-2",0,0.3,"","1","0","https://fbref.com/en/matches/f079fabc/Leganes-Getafe-March-2-2025-La-Liga","Getafe","Away",NA,990,350,269,80,16,1,3,28,47,6,2,4,0,212,1,8
"La Liga","2025-03-02","La Liga (Matchweek 26)","Barcelona","4-1-4-1",4,2.8,"Gerard Martín · 25&rsquor; Marc Casado · 29&rsquor; Ronald Araújo · 56&rsquor; Robert Lewandowski · 60&rsquor;","0","0","Real Sociedad","4-1-4-1",0,0,"Aritz Elustondo · 17&rsquor;","0","1","https://fbref.com/en/matches/0b2c987f/Barcelona-Real-Sociedad-March-2-2025-La-Liga","Barcelona","Home",NA,990,786,744,42,7,8,2,19,21,12,6,0,0,706,0,11
"La Liga","2025-03-02","La Liga (Matchweek 26)","Barcelona","4-1-4-1",4,2.8,"Gerard Martín · 25&rsquor; Marc Casado · 29&rsquor; Ronald Araújo · 56&rsquor; Robert Lewandowski · 60&rsquor;","0","0","Real Sociedad","4-1-4-1",0,0,"Aritz Elustondo · 17&rsquor;","0","1","https://fbref.com/en/matches/0b2c987f/Barcelona-Real-Sociedad-March-2-2025-La-Liga","Real Sociedad","Away",NA,916,254,204,47,15,0,2,4,15,0,0,0,0,182,3,6
"La Liga","2025-03-02","La Liga (Matchweek 26)","Mallorca","4-4-2",1,1.1,"Takuma Asano · 9&rsquor;","0","0","Alavés","4-4-2",1,1.6,"Kiké · 68&rsquor;","2","0","https://fbref.com/en/matches/6c84aa28/Mallorca-Alaves-March-2-2025-La-Liga","Mallorca","Home",NA,990,364,316,48,15,1,2,16,20,3,1,1,1,274,0,7
"La Liga","2025-03-02","La Liga (Matchweek 26)","Mallorca","4-4-2",1,1.1,"Takuma Asano · 9&rsquor;","0","0","Alavés","4-4-2",1,1.6,"Kiké · 68&rsquor;","2","0","https://fbref.com/en/matches/6c84aa28/Mallorca-Alaves-March-2-2025-La-Liga","Alavés","Away",NA,990,471,401,69,19,1,1,30,33,9,5,3,0,353,1,13
"La Liga","2025-03-02","La Liga (Matchweek 26)","Osasuna","4-2-3-1",3,1.5,"Aimar Oroz · 26&rsquor; Aimar Oroz · 39&rsquor; Ante Budimir (P) · 45&rsquor;","2","0","Valencia","4-2-3-1",3,1.7,"Diego López · 14&rsquor; Umar Sadiq · 32&rsquor; Umar Sadiq · 87&rsquor;","1","0","https://fbref.com/en/matches/0580ab96/Osasuna-Valencia-March-2-2025-La-Liga","Osasuna","Home",NA,990,498,451,43,10,1,3,19,17,3,2,0,0,405,4,8
"La Liga","2025-03-02","La Liga (Matchweek 26)","Osasuna","4-2-3-1",3,1.5,"Aimar Oroz · 26&rsquor; Aimar Oroz · 39&rsquor; Ante Budimir (P) · 45&rsquor;","2","0","Valencia","4-2-3-1",3,1.7,"Diego López · 14&rsquor; Umar Sadiq · 32&rsquor; Umar Sadiq · 87&rsquor;","1","0","https://fbref.com/en/matches/0580ab96/Osasuna-Valencia-March-2-2025-La-Liga","Valencia","Away",NA,990,480,431,45,14,0,2,15,13,3,1,1,0,396,4,9
"La Liga","2025-03-08","La Liga (Matchweek 27)","Celta Vigo","3-4-3",2,0.9,"Óscar Mingueza · 26&rsquor; Alfon · 45+1&rsquor;","3","0","Leganés","5-4-1",1,1,"Valentin Rosier · 19&rsquor;","2","0","https://fbref.com/en/matches/cb080ed5/Celta-Vigo-Leganes-March-8-2025-La-Liga","Celta Vigo","Home",NA,990,621,580,40,12,5,1,7,13,2,1,1,0,527,1,10
"La Liga","2025-03-08","La Liga (Matchweek 27)","Celta Vigo","3-4-3",2,0.9,"Óscar Mingueza · 26&rsquor; Alfon · 45+1&rsquor;","3","0","Leganés","5-4-1",1,1,"Valentin Rosier · 19&rsquor;","2","0","https://fbref.com/en/matches/cb080ed5/Celta-Vigo-Leganes-March-8-2025-La-Liga","Leganés","Away",NA,990,485,442,40,11,4,3,19,17,5,2,3,0,392,3,7
"La Liga","2025-03-08","La Liga (Matchweek 27)","Alavés","4-4-2",1,1,"Manu Sánchez · 11&rsquor; Antonio Sivera · 58&rsquor; Antonio Blanco · 90+4&rsquor;","5","2","Villarreal","4-4-2",0,2.8,"","1","0","https://fbref.com/en/matches/fae6d2fd/Alaves-Villarreal-March-8-2025-La-Liga","Alavés","Home",NA,956,276,219,57,13,0,1,16,24,1,0,0,0,186,0,8
"La Liga","2025-03-08","La Liga (Matchweek 27)","Alavés","4-4-2",1,1,"Manu Sánchez · 11&rsquor; Antonio Sivera · 58&rsquor; Antonio Blanco · 90+4&rsquor;","5","2","Villarreal","4-4-2",0,2.8,"","1","0","https://fbref.com/en/matches/fae6d2fd/Alaves-Villarreal-March-8-2025-La-Liga","Villarreal","Away",NA,990,597,544,53,10,6,6,25,29,6,1,0,0,504,0,15
"La Liga","2025-03-08","La Liga (Matchweek 27)","Valencia","4-2-3-1",2,1.9,"Diego López · 7&rsquor; Umar Sadiq · 58&rsquor;","1","0","Valladolid","4-4-2",1,0.9,"Juanmi Latasa · 40&rsquor;","3","0","https://fbref.com/en/matches/585ef159/Valencia-Valladolid-March-8-2025-La-Liga","Valencia","Home",NA,990,557,508,47,9,2,5,18,24,5,0,4,0,471,2,11
"La Liga","2025-03-08","La Liga (Matchweek 27)","Valencia","4-2-3-1",2,1.9,"Diego López · 7&rsquor; Umar Sadiq · 58&rsquor;","1","0","Valladolid","4-4-2",1,0.9,"Juanmi Latasa · 40&rsquor;","3","0","https://fbref.com/en/matches/585ef159/Valencia-Valladolid-March-8-2025-La-Liga","Valladolid","Away",NA,990,348,295,53,13,0,0,21,20,4,3,0,0,263,0,4
"La Liga","2025-03-09","La Liga (Matchweek 27)","Getafe","4-1-4-1",2,1.2,"Mauro Arambarri · 88&rsquor; Mauro Arambarri · 90+2&rsquor;","6","0","Atlético Madrid","4-4-2",1,0.9,"Alexander Sørloth (P) · 75&rsquor; Ángel Correa · 88&rsquor;","2","1","https://fbref.com/en/matches/1e429e52/Getafe-Atletico-Madrid-March-9-2025-La-Liga","Getafe","Home",NA,990,355,303,50,18,0,2,15,20,4,1,1,0,259,2,4
"La Liga","2025-03-09","La Liga (Matchweek 27)","Getafe","4-1-4-1",2,1.2,"Mauro Arambarri · 88&rsquor; Mauro Arambarri · 90+2&rsquor;","6","0","Atlético Madrid","4-4-2",1,0.9,"Alexander Sørloth (P) · 75&rsquor; Ángel Correa · 88&rsquor;","2","1","https://fbref.com/en/matches/1e429e52/Getafe-Atletico-Madrid-March-9-2025-La-Liga","Atlético Madrid","Away",NA,987,558,503,51,11,0,2,14,25,4,2,0,0,460,4,13
"La Liga","2025-03-09","La Liga (Matchweek 27)","Real Madrid","4-4-2",2,1.5,"Kylian Mbappé · 30&rsquor; Vinicius Júnior · 34&rsquor;","3","0","Rayo Vallecano","4-2-3-1",1,1,"Pedro Díaz · 45+2&rsquor;","1","0","https://fbref.com/en/matches/d8d672fa/Real-Madrid-Rayo-Vallecano-March-9-2025-La-Liga","Real Madrid","Home",NA,990,490,443,44,18,1,10,7,8,4,2,0,0,427,3,7
"La Liga","2025-03-09","La Liga (Matchweek 27)","Real Madrid","4-4-2",2,1.5,"Kylian Mbappé · 30&rsquor; Vinicius Júnior · 34&rsquor;","3","0","Rayo Vallecano","4-2-3-1",1,1,"Pedro Díaz · 45+2&rsquor;","1","0","https://fbref.com/en/matches/d8d672fa/Real-Madrid-Rayo-Vallecano-March-9-2025-La-Liga","Rayo Vallecano","Away",NA,990,583,536,46,15,0,3,18,16,6,3,2,0,512,1,8
"La Liga","2025-03-09","La Liga (Matchweek 27)","Real Betis","4-2-3-1",1,2.3,"Diego Llorente · 65&rsquor;","2","0","Las Palmas","5-4-1",0,0.6,"Dario Essugo · 61&rsquor;","9","1","https://fbref.com/en/matches/887132d0/Real-Betis-Las-Palmas-March-9-2025-La-Liga","Real Betis","Home",NA,990,622,570,50,12,1,2,16,19,11,4,3,0,533,2,8
"La Liga","2025-03-09","La Liga (Matchweek 27)","Real Betis","4-2-3-1",1,2.3,"Diego Llorente · 65&rsquor;","2","0","Las Palmas","5-4-1",0,0.6,"Dario Essugo · 61&rsquor;","9","1","https://fbref.com/en/matches/887132d0/Real-Betis-Las-Palmas-March-9-2025-La-Liga","Las Palmas","Away",NA,960,311,273,37,14,0,3,11,11,1,1,0,0,230,1,5
"La Liga","2025-03-09","La Liga (Matchweek 27)","Athletic Club","4-2-3-1",1,0.7,"Nico Williams · 58&rsquor;","1","0","Mallorca","5-4-1",1,0.5,"Antonio Raillo · 56&rsquor;","3","0","https://fbref.com/en/matches/54fa5083/Athletic-Club-Mallorca-March-9-2025-La-Liga","Athletic Club","Home",NA,990,491,439,51,14,0,4,28,27,3,2,0,0,384,1,7
"La Liga","2025-03-09","La Liga (Matchweek 27)","Athletic Club","4-2-3-1",1,0.7,"Nico Williams · 58&rsquor;","1","0","Mallorca","5-4-1",1,0.5,"Antonio Raillo · 56&rsquor;","3","0","https://fbref.com/en/matches/54fa5083/Athletic-Club-Mallorca-March-9-2025-La-Liga","Mallorca","Away",NA,990,394,342,50,7,0,0,14,25,3,2,1,0,291,2,8
"La Liga","2025-03-09","La Liga (Matchweek 27)","Real Sociedad","4-1-4-1",0,0.7,"","2","0","Sevilla","4-2-3-1",1,0.6,"Chidera Ejuke · 46&rsquor;","1","0","https://fbref.com/en/matches/f1dd2f9a/Real-Sociedad-Sevilla-March-9-2025-La-Liga","Real Sociedad","Home",NA,990,595,530,64,15,2,9,31,32,6,0,4,0,478,1,18
"La Liga","2025-03-09","La Liga (Matchweek 27)","Real Sociedad","4-1-4-1",0,0.7,"","2","0","Sevilla","4-2-3-1",1,0.6,"Chidera Ejuke · 46&rsquor;","1","0","https://fbref.com/en/matches/f1dd2f9a/Real-Sociedad-Sevilla-March-9-2025-La-Liga","Sevilla","Away",NA,990,376,324,49,15,0,5,10,17,3,1,1,0,293,3,3
"La Liga","2025-03-10","La Liga (Matchweek 27)","Espanyol","4-3-2-1",1,0.2,"Jofre · 49&rsquor;","3","0","Girona","4-3-3",1,1.6,"Cristhian Stuani (P) · 88&rsquor;","3","0","https://fbref.com/en/matches/4c7eab6f/Espanyol-Girona-March-10-2025-La-Liga","Espanyol","Home",NA,990,316,278,38,14,0,1,10,12,4,1,2,0,253,0,5
"La Liga","2025-03-10","La Liga (Matchweek 27)","Espanyol","4-3-2-1",1,0.2,"Jofre · 49&rsquor;","3","0","Girona","4-3-3",1,1.6,"Cristhian Stuani (P) · 88&rsquor;","3","0","https://fbref.com/en/matches/4c7eab6f/Espanyol-Girona-March-10-2025-La-Liga","Girona","Away",NA,990,633,592,40,8,0,1,33,18,9,3,4,1,552,1,6
"La Liga","2025-03-14","La Liga (Matchweek 28)","Las Palmas","4-2-3-1",2,1.8,"Fábio Silva (P) · 90&rsquor; Alberto Moleiro · 90+5&rsquor;","5","0","Alavés","4-4-2",2,1.7,"Toni Martínez · 7&rsquor; Jon Guridi · 63&rsquor;","4","0","https://fbref.com/en/matches/90b5ee8e/Las-Palmas-Alaves-March-14-2025-La-Liga","Las Palmas","Home",NA,990,511,438,72,23,0,6,31,34,4,2,1,0,388,1,6
"La Liga","2025-03-14","La Liga (Matchweek 28)","Las Palmas","4-2-3-1",2,1.8,"Fábio Silva (P) · 90&rsquor; Alberto Moleiro · 90+5&rsquor;","5","0","Alavés","4-4-2",2,1.7,"Toni Martínez · 7&rsquor; Jon Guridi · 63&rsquor;","4","0","https://fbref.com/en/matches/90b5ee8e/Las-Palmas-Alaves-March-14-2025-La-Liga","Alavés","Away",NA,990,321,268,50,11,2,2,8,18,5,3,0,0,214,3,8
"La Liga","2025-03-15","La Liga (Matchweek 28)","Valladolid","4-1-4-1",0,0.7,"","2","0","Celta Vigo","3-4-3",1,1.5,"Marcos Alonso (P) · 83&rsquor;","3","0","https://fbref.com/en/matches/19ca64ed/Valladolid-Celta-Vigo-March-15-2025-La-Liga","Valladolid","Home",NA,990,396,348,46,17,0,2,11,15,3,2,0,0,303,2,10
"La Liga","2025-03-15","La Liga (Matchweek 28)","Valladolid","4-1-4-1",0,0.7,"","2","0","Celta Vigo","3-4-3",1,1.5,"Marcos Alonso (P) · 83&rsquor;","3","0","https://fbref.com/en/matches/19ca64ed/Valladolid-Celta-Vigo-March-15-2025-La-Liga","Celta Vigo","Away",NA,990,612,565,45,10,1,7,13,25,4,0,2,0,526,2,10
"La Liga","2025-03-15","La Liga (Matchweek 28)","Mallorca","4-2-3-1",2,2.7,"Takuma Asano · 65&rsquor; Vedat Muriqi (P) · 90+7&rsquor;","0","0","Espanyol","4-4-2",1,0.2,"Vedat Muriqi (OG) · 53&rsquor;","2","0","https://fbref.com/en/matches/a008668e/Mallorca-Espanyol-March-15-2025-La-Liga","Mallorca","Home",NA,990,492,446,43,10,1,0,26,21,6,4,2,0,405,3,8
"La Liga","2025-03-15","La Liga (Matchweek 28)","Mallorca","4-2-3-1",2,2.7,"Takuma Asano · 65&rsquor; Vedat Muriqi (P) · 90+7&rsquor;","0","0","Espanyol","4-4-2",1,0.2,"Vedat Muriqi (OG) · 53&rsquor;","2","0","https://fbref.com/en/matches/a008668e/Mallorca-Espanyol-March-15-2025-La-Liga","Espanyol","Away",NA,990,299,257,42,12,0,1,7,13,2,0,1,0,218,0,9
"La Liga","2025-03-15","La Liga (Matchweek 28)","Villarreal","4-4-2",1,1.6,"Juan Foyth · 7&rsquor;","2","0","Real Madrid","4-2-3-1",2,1.1,"Kylian Mbappé · 17&rsquor; Kylian Mbappé · 23&rsquor;","1","0","https://fbref.com/en/matches/4106e75f/Villarreal-Real-Madrid-March-15-2025-La-Liga","Villarreal","Home",NA,990,535,493,41,6,6,2,44,19,11,6,3,0,439,1,12
"La Liga","2025-03-15","La Liga (Matchweek 28)","Villarreal","4-4-2",1,1.6,"Juan Foyth · 7&rsquor;","2","0","Real Madrid","4-2-3-1",2,1.1,"Kylian Mbappé · 17&rsquor; Kylian Mbappé · 23&rsquor;","1","0","https://fbref.com/en/matches/4106e75f/Villarreal-Real-Madrid-March-15-2025-La-Liga","Real Madrid","Away",NA,990,627,576,48,18,4,8,5,14,4,2,0,0,549,3,13
"La Liga","2025-03-15","La Liga (Matchweek 28)","Girona","4-2-3-1",1,0.9,"Cristhian Stuani · 64&rsquor;","2","0","Valencia","5-4-1",1,1,"Diego López · 58&rsquor;","1","0","https://fbref.com/en/matches/c9bdc26a/Girona-Valencia-March-15-2025-La-Liga","Girona","Home",NA,990,572,519,51,7,2,1,30,24,9,5,0,0,472,2,9
"La Liga","2025-03-15","La Liga (Matchweek 28)","Girona","4-2-3-1",1,0.9,"Cristhian Stuani · 64&rsquor;","2","0","Valencia","5-4-1",1,1,"Diego López · 58&rsquor;","1","0","https://fbref.com/en/matches/c9bdc26a/Girona-Valencia-March-15-2025-La-Liga","Valencia","Away",NA,990,440,396,42,13,0,2,17,14,4,1,3,0,354,2,7
"La Liga","2025-03-16","La Liga (Matchweek 28)","Leganés","4-5-1",2,1.3,"Dani Raba · 29&rsquor; Dani Raba · 44&rsquor;","2","0","Real Betis","4-2-3-1",3,2.7,"Isco (P) · 64&rsquor; Cédric Bakambu · 78&rsquor; Cucho · 82&rsquor;","1","0","https://fbref.com/en/matches/37e0a484/Leganes-Real-Betis-March-16-2025-La-Liga","Leganés","Home",NA,990,337,287,46,5,2,2,12,20,3,2,1,0,255,4,3
"La Liga","2025-03-16","La Liga (Matchweek 28)","Leganés","4-5-1",2,1.3,"Dani Raba · 29&rsquor; Dani Raba · 44&rsquor;","2","0","Real Betis","4-2-3-1",3,2.7,"Isco (P) · 64&rsquor; Cédric Bakambu · 78&rsquor; Cucho · 82&rsquor;","1","0","https://fbref.com/en/matches/37e0a484/Leganes-Real-Betis-March-16-2025-La-Liga","Real Betis","Away",NA,990,602,542,59,19,1,3,21,27,7,2,2,0,498,1,13
"La Liga","2025-03-16","La Liga (Matchweek 28)","Sevilla","4-2-3-1",0,0.5,"","4","0","Athletic Club","4-2-3-1",1,1.3,"Yeray Álvarez · 84&rsquor;","2","0","https://fbref.com/en/matches/b21dd238/Sevilla-Athletic-Club-March-16-2025-La-Liga","Sevilla","Home",NA,990,560,501,58,15,0,3,12,30,4,3,0,0,453,1,9
"La Liga","2025-03-16","La Liga (Matchweek 28)","Sevilla","4-2-3-1",0,0.5,"","4","0","Athletic Club","4-2-3-1",1,1.3,"Yeray Álvarez · 84&rsquor;","2","0","https://fbref.com/en/matches/b21dd238/Sevilla-Athletic-Club-March-16-2025-La-Liga","Athletic Club","Away",NA,990,362,301,58,12,0,4,19,29,6,4,1,0,255,3,7
"La Liga","2025-03-16","La Liga (Matchweek 28)","Osasuna","4-3-3",1,1.9,"Ante Budimir (P) · 45&rsquor;","2","0","Getafe","4-2-3-1",2,0.5,"Ramón Terrats · 55&rsquor; Ramón Terrats · 71&rsquor; Chrisantus Uche · 77&rsquor;","5","1","https://fbref.com/en/matches/bd9c5fd6/Osasuna-Getafe-March-16-2025-La-Liga","Osasuna","Home",NA,990,514,456,56,16,1,2,28,30,3,1,0,0,410,2,7
"La Liga","2025-03-16","La Liga (Matchweek 28)","Osasuna","4-3-3",1,1.9,"Ante Budimir (P) · 45&rsquor;","2","0","Getafe","4-2-3-1",2,0.5,"Ramón Terrats · 55&rsquor; Ramón Terrats · 71&rsquor; Chrisantus Uche · 77&rsquor;","5","1","https://fbref.com/en/matches/bd9c5fd6/Osasuna-Getafe-March-16-2025-La-Liga","Getafe","Away",NA,976,327,265,60,18,2,0,10,32,2,0,1,0,236,2,5
"La Liga","2025-03-16","La Liga (Matchweek 28)","Rayo Vallecano","4-2-3-1",2,0.6,"Óscar Trejo · 58&rsquor; Pedro Díaz · 72&rsquor;","3","0","Real Sociedad","4-1-4-1",2,0.6,"Martín Zubimendi · 20&rsquor; Arkaitz Mariezkurrena · 80&rsquor;","2","0","https://fbref.com/en/matches/6996fe18/Rayo-Vallecano-Real-Sociedad-March-16-2025-La-Liga","Rayo Vallecano","Home",NA,990,498,453,43,12,2,7,22,20,4,2,2,0,383,2,8
"La Liga","2025-03-16","La Liga (Matchweek 28)","Rayo Vallecano","4-2-3-1",2,0.6,"Óscar Trejo · 58&rsquor; Pedro Díaz · 72&rsquor;","3","0","Real Sociedad","4-1-4-1",2,0.6,"Martín Zubimendi · 20&rsquor; Arkaitz Mariezkurrena · 80&rsquor;","2","0","https://fbref.com/en/matches/6996fe18/Rayo-Vallecano-Real-Sociedad-March-16-2025-La-Liga","Real Sociedad","Away",NA,990,411,350,56,17,0,4,16,24,4,0,4,0,287,5,8
"La Liga","2025-03-16","La Liga (Matchweek 28)","Atlético Madrid","4-4-2",2,1.4,"Julián Álvarez · 45&rsquor; Alexander Sørloth · 70&rsquor;","1","0","Barcelona","4-2-3-1",4,1.3,"Robert Lewandowski · 72&rsquor; Ferrán Torres · 78&rsquor; Lamine Yamal · 90+2&rsquor; Ferrán Torres · 90+8&rsquor;","3","0","https://fbref.com/en/matches/8ddf3820/Atletico-Madrid-Barcelona-March-16-2025-La-Liga","Atlético Madrid","Home",NA,990,362,305,55,11,0,1,17,18,6,2,3,0,266,2,19
"La Liga","2025-03-16","La Liga (Matchweek 28)","Atlético Madrid","4-4-2",2,1.4,"Julián Álvarez · 45&rsquor; Alexander Sørloth · 70&rsquor;","1","0","Barcelona","4-2-3-1",4,1.3,"Robert Lewandowski · 72&rsquor; Ferrán Torres · 78&rsquor; Lamine Yamal · 90+2&rsquor; Ferrán Torres · 90+8&rsquor;","3","0","https://fbref.com/en/matches/8ddf3820/Atletico-Madrid-Barcelona-March-16-2025-La-Liga","Barcelona","Away",NA,990,679,638,41,12,2,4,20,13,6,2,0,0,598,0,6
"La Liga","2025-03-27","La Liga (Matchweek 27)","Barcelona","4-3-3",3,3.7,"Ferrán Torres · 11&rsquor; Dani Olmo (P) · 21&rsquor; Robert Lewandowski · 77&rsquor;","1","0","Osasuna","4-4-2",0,0.4,"","3","0","https://fbref.com/en/matches/af815599/Barcelona-Osasuna-March-27-2025-La-Liga","Barcelona","Home",NA,990,786,737,47,16,14,1,12,19,8,3,2,0,701,2,14
"La Liga","2025-03-27","La Liga (Matchweek 27)","Barcelona","4-3-3",3,3.7,"Ferrán Torres · 11&rsquor; Dani Olmo (P) · 21&rsquor; Robert Lewandowski · 77&rsquor;","1","0","Osasuna","4-4-2",0,0.4,"","3","0","https://fbref.com/en/matches/af815599/Barcelona-Osasuna-March-27-2025-La-Liga","Osasuna","Away",NA,990,281,238,39,9,1,3,9,10,4,1,1,0,193,4,9
"La Liga","2025-03-29","La Liga (Matchweek 29)","Real Sociedad","4-1-4-1",2,0.7,"Mikel Oyarzabal · 23&rsquor; Sergio Gómez · 68&rsquor;","2","0","Valladolid","4-2-3-1",1,0.7,"Juanmi Latasa · 90+3&rsquor;","3","0","https://fbref.com/en/matches/8a068dcb/Real-Sociedad-Valladolid-March-29-2025-La-Liga","Real Sociedad","Home",NA,990,514,468,44,10,0,6,15,23,3,1,2,0,435,2,8
"La Liga","2025-03-29","La Liga (Matchweek 29)","Real Sociedad","4-1-4-1",2,0.7,"Mikel Oyarzabal · 23&rsquor; Sergio Gómez · 68&rsquor;","2","0","Valladolid","4-2-3-1",1,0.7,"Juanmi Latasa · 90+3&rsquor;","3","0","https://fbref.com/en/matches/8a068dcb/Real-Sociedad-Valladolid-March-29-2025-La-Liga","Valladolid","Away",NA,990,417,361,55,22,0,3,24,18,6,3,1,0,320,1,13
"La Liga","2025-03-29","La Liga (Matchweek 29)","Espanyol","4-2-3-1",1,1,"Javi Puado (P) · 71&rsquor;","2","0","Atlético Madrid","4-4-2",1,0.8,"César Azpilicueta · 38&rsquor;","1","0","https://fbref.com/en/matches/539f05d4/Espanyol-Atletico-Madrid-March-29-2025-La-Liga","Espanyol","Home",NA,990,433,386,47,17,0,2,19,14,4,0,2,0,346,0,12
"La Liga","2025-03-29","La Liga (Matchweek 29)","Espanyol","4-2-3-1",1,1,"Javi Puado (P) · 71&rsquor;","2","0","Atlético Madrid","4-4-2",1,0.8,"César Azpilicueta · 38&rsquor;","1","0","https://fbref.com/en/matches/539f05d4/Espanyol-Atletico-Madrid-March-29-2025-La-Liga","Atlético Madrid","Away",NA,990,669,619,45,11,2,2,14,21,3,2,0,0,569,5,11
"La Liga","2025-03-29","La Liga (Matchweek 29)","Alavés","4-2-3-1",0,1.5,"","3","0","Rayo Vallecano","4-2-3-1",2,0.6,"Pathé Ciss · 2&rsquor; Pedro Díaz · 58&rsquor;","5","0","https://fbref.com/en/matches/de9887c1/Alaves-Rayo-Vallecano-March-29-2025-La-Liga","Alavés","Home",NA,990,483,434,48,14,0,4,39,19,8,1,6,0,348,1,14
"La Liga","2025-03-29","La Liga (Matchweek 29)","Alavés","4-2-3-1",0,1.5,"","3","0","Rayo Vallecano","4-2-3-1",2,0.6,"Pathé Ciss · 2&rsquor; Pedro Díaz · 58&rsquor;","5","0","https://fbref.com/en/matches/de9887c1/Alaves-Rayo-Vallecano-March-29-2025-La-Liga","Rayo Vallecano","Away",NA,990,391,336,52,13,1,0,9,23,5,2,1,0,264,3,3
"La Liga","2025-03-29","La Liga (Matchweek 29)","Real Madrid","4-2-3-1",3,2.9,"Kylian Mbappé (P) · 32&rsquor; Jude Bellingham · 47&rsquor; Kylian Mbappé · 76&rsquor;","1","0","Leganés","4-2-3-1",2,2.4,"Diego · 33&rsquor; Dani Raba · 41&rsquor;","4","0","https://fbref.com/en/matches/02169120/Real-Madrid-Leganes-March-29-2025-La-Liga","Real Madrid","Home",NA,990,651,604,45,11,2,8,18,19,8,6,1,0,583,2,3
"La Liga","2025-03-29","La Liga (Matchweek 29)","Real Madrid","4-2-3-1",3,2.9,"Kylian Mbappé (P) · 32&rsquor; Jude Bellingham · 47&rsquor; Kylian Mbappé · 76&rsquor;","1","0","Leganés","4-2-3-1",2,2.4,"Diego · 33&rsquor; Dani Raba · 41&rsquor;","4","0","https://fbref.com/en/matches/02169120/Real-Madrid-Leganes-March-29-2025-La-Liga","Leganés","Away",NA,990,276,230,46,11,1,0,10,15,3,3,0,0,203,0,7
"La Liga","2025-03-30","La Liga (Matchweek 29)","Getafe","4-1-4-1",1,1,"Carles Pérez · 29&rsquor;","1","0","Villarreal","4-4-2",2,1.2,"Ayoze Pérez · 15&rsquor; Thierno Barry · 33&rsquor;","4","0","https://fbref.com/en/matches/9efb7811/Getafe-Villarreal-March-30-2025-La-Liga","Getafe","Home",NA,990,491,422,67,24,0,8,24,29,3,1,1,0,360,2,9
"La Liga","2025-03-30","La Liga (Matchweek 29)","Getafe","4-1-4-1",1,1,"Carles Pérez · 29&rsquor;","1","0","Villarreal","4-4-2",2,1.2,"Ayoze Pérez · 15&rsquor; Thierno Barry · 33&rsquor;","4","0","https://fbref.com/en/matches/9efb7811/Getafe-Villarreal-March-30-2025-La-Liga","Villarreal","Away",NA,990,402,345,54,18,2,2,8,27,1,1,0,0,281,3,7
"La Liga","2025-03-30","La Liga (Matchweek 29)","Barcelona","4-2-3-1",4,2.3,"Ladislav Krejčí (OG) · 43&rsquor; Robert Lewandowski · 61&rsquor; Robert Lewandowski · 77&rsquor; Ferrán Torres · 86&rsquor;","0","0","Girona","4-4-2",1,0.5,"Arnaut Danjuma · 53&rsquor;","1","0","https://fbref.com/en/matches/6e84530a/Barcelona-Girona-March-30-2025-La-Liga","Barcelona","Home",NA,990,694,640,53,12,0,2,22,24,10,7,0,0,596,1,8
"La Liga","2025-03-30","La Liga (Matchweek 29)","Barcelona","4-2-3-1",4,2.3,"Ladislav Krejčí (OG) · 43&rsquor; Robert Lewandowski · 61&rsquor; Robert Lewandowski · 77&rsquor; Ferrán Torres · 86&rsquor;","0","0","Girona","4-4-2",1,0.5,"Arnaut Danjuma · 53&rsquor;","1","0","https://fbref.com/en/matches/6e84530a/Barcelona-Girona-March-30-2025-La-Liga","Girona","Away",NA,990,315,269,44,9,3,3,11,18,2,2,0,0,232,2,8
"La Liga","2025-03-30","La Liga (Matchweek 29)","Valencia","4-2-3-1",1,0.7,"Diego López · 50&rsquor;","4","0","Mallorca","5-3-2",0,0.6,"","4","0","https://fbref.com/en/matches/4223fbb4/Valencia-Mallorca-March-30-2025-La-Liga","Valencia","Home",NA,990,381,333,46,15,1,4,17,18,4,0,1,1,306,2,2
"La Liga","2025-03-30","La Liga (Matchweek 29)","Valencia","4-2-3-1",1,0.7,"Diego López · 50&rsquor;","4","0","Mallorca","5-3-2",0,0.6,"","4","0","https://fbref.com/en/matches/4223fbb4/Valencia-Mallorca-March-30-2025-La-Liga","Mallorca","Away",NA,990,486,431,54,17,1,3,23,26,5,3,1,1,380,1,4
"La Liga","2025-03-30","La Liga (Matchweek 29)","Athletic Club","4-2-3-1",0,0.7,"","1","0","Osasuna","5-4-1",0,0.4,"","1","0","https://fbref.com/en/matches/7e4ab762/Athletic-Club-Osasuna-March-30-2025-La-Liga","Athletic Club","Home",NA,990,588,543,43,13,2,4,21,22,3,2,1,0,494,2,6
"La Liga","2025-03-30","La Liga (Matchweek 29)","Athletic Club","4-2-3-1",0,0.7,"","1","0","Osasuna","5-4-1",0,0.4,"","1","0","https://fbref.com/en/matches/7e4ab762/Athletic-Club-Osasuna-March-30-2025-La-Liga","Osasuna","Away",NA,990,374,322,51,14,1,1,16,20,4,1,0,1,270,1,10
"La Liga","2025-03-30","La Liga (Matchweek 29)","Real Betis","4-2-3-1",2,1.1,"Johnny Cardoso · 25&rsquor; Cucho · 45+3&rsquor;","3","0","Sevilla","4-1-4-1",1,0.7,"Ruben Vargas · 17&rsquor;","3","0","https://fbref.com/en/matches/521b1f26/Real-Betis-Sevilla-March-30-2025-La-Liga","Real Betis","Home",NA,990,537,483,53,22,1,6,4,25,2,2,0,0,459,1,5
"La Liga","2025-03-30","La Liga (Matchweek 29)","Real Betis","4-2-3-1",2,1.1,"Johnny Cardoso · 25&rsquor; Cucho · 45+3&rsquor;","3","0","Sevilla","4-1-4-1",1,0.7,"Ruben Vargas · 17&rsquor;","3","0","https://fbref.com/en/matches/521b1f26/Real-Betis-Sevilla-March-30-2025-La-Liga","Sevilla","Away",NA,990,431,386,44,10,1,3,11,22,2,0,0,0,336,1,10
"La Liga","2025-03-31","La Liga (Matchweek 29)","Celta Vigo","3-4-3",1,1,"Alfon · 45+2&rsquor;","3","0","Las Palmas","5-3-2",1,0.3,"Alberto Moleiro · 48&rsquor;","0","0","https://fbref.com/en/matches/30fa33ba/Celta-Vigo-Las-Palmas-March-31-2025-La-Liga","Celta Vigo","Home",NA,990,682,635,43,8,8,0,13,26,4,2,2,0,589,4,16
"La Liga","2025-03-31","La Liga (Matchweek 29)","Celta Vigo","3-4-3",1,1,"Alfon · 45+2&rsquor;","3","0","Las Palmas","5-3-2",1,0.3,"Alberto Moleiro · 48&rsquor;","0","0","https://fbref.com/en/matches/30fa33ba/Celta-Vigo-Las-Palmas-March-31-2025-La-Liga","Las Palmas","Away",NA,990,440,392,45,21,0,0,6,14,2,1,1,0,343,3,5
"La Liga","2025-04-04","La Liga (Matchweek 30)","Rayo Vallecano","4-2-3-1",0,0.7,"","2","0","Espanyol","4-2-3-1",4,3.4,"Leandro Cabrera · 12&rsquor; Roberto Férnandez · 16&rsquor; Javi Puado (P) · 72&rsquor; Pere Milla · 90&rsquor;","2","0","https://fbref.com/en/matches/ff92ae47/Rayo-Vallecano-Espanyol-April-4-2025-La-Liga","Rayo Vallecano","Home",NA,990,614,560,53,10,1,2,37,20,8,5,2,0,516,1,9
"La Liga","2025-04-04","La Liga (Matchweek 30)","Rayo Vallecano","4-2-3-1",0,0.7,"","2","0","Espanyol","4-2-3-1",4,3.4,"Leandro Cabrera · 12&rsquor; Roberto Férnandez · 16&rsquor; Javi Puado (P) · 72&rsquor; Pere Milla · 90&rsquor;","2","0","https://fbref.com/en/matches/ff92ae47/Rayo-Vallecano-Espanyol-April-4-2025-La-Liga","Espanyol","Away",NA,990,277,235,42,8,5,0,13,17,4,2,2,0,193,0,7
"La Liga","2025-04-05","La Liga (Matchweek 30)","Girona","4-2-3-1",0,1.4,"","1","0","Alavés","4-2-3-1",1,0.8,"Carlos Vicente · 61&rsquor;","5","0","https://fbref.com/en/matches/e6b730a8/Girona-Alaves-April-5-2025-La-Liga","Girona","Home",NA,990,540,475,65,26,1,4,29,26,5,4,0,0,461,0,13
"La Liga","2025-04-05","La Liga (Matchweek 30)","Girona","4-2-3-1",0,1.4,"","1","0","Alavés","4-2-3-1",1,0.8,"Carlos Vicente · 61&rsquor;","5","0","https://fbref.com/en/matches/e6b730a8/Girona-Alaves-April-5-2025-La-Liga","Alavés","Away",NA,990,309,268,40,8,0,1,15,13,3,1,2,0,234,1,6
"La Liga","2025-04-05","La Liga (Matchweek 30)","Real Madrid","4-4-2",1,3.4,"Vinicius Júnior · 50&rsquor;","0","0","Valencia","5-4-1",2,0.8,"Mouctar Diakhaby · 15&rsquor; Hugo Duro · 90+5&rsquor;","4","0","https://fbref.com/en/matches/59db0a32/Real-Madrid-Valencia-April-5-2025-La-Liga","Real Madrid","Home",NA,990,680,621,53,13,3,10,26,24,9,2,5,0,597,6,7
"La Liga","2025-04-05","La Liga (Matchweek 30)","Real Madrid","4-4-2",1,3.4,"Vinicius Júnior · 50&rsquor;","0","0","Valencia","5-4-1",2,0.8,"Mouctar Diakhaby · 15&rsquor; Hugo Duro · 90+5&rsquor;","4","0","https://fbref.com/en/matches/59db0a32/Real-Madrid-Valencia-April-5-2025-La-Liga","Valencia","Away",NA,990,365,317,47,16,0,4,7,11,4,2,2,0,278,1,10
"La Liga","2025-04-05","La Liga (Matchweek 30)","Mallorca","4-2-3-1",1,0.5,"Martin Valjent · 17&rsquor;","3","0","Celta Vigo","4-5-1",2,0.8,"Alfon · 53&rsquor; Fer López · 72&rsquor;","0","0","https://fbref.com/en/matches/bc459f49/Mallorca-Celta-Vigo-April-5-2025-La-Liga","Mallorca","Home",NA,990,426,375,48,11,0,2,14,23,4,2,2,0,341,3,6
"La Liga","2025-04-05","La Liga (Matchweek 30)","Mallorca","4-2-3-1",1,0.5,"Martin Valjent · 17&rsquor;","3","0","Celta Vigo","4-5-1",2,0.8,"Alfon · 53&rsquor; Fer López · 72&rsquor;","0","0","https://fbref.com/en/matches/bc459f49/Mallorca-Celta-Vigo-April-5-2025-La-Liga","Celta Vigo","Away",NA,990,521,479,42,11,2,6,12,18,2,1,1,0,440,0,5
"La Liga","2025-04-05","La Liga (Matchweek 30)","Barcelona","4-3-3",1,1.4,"Gavi · 7&rsquor;","2","0","Real Betis","4-2-3-1",1,0.3,"Natan · 17&rsquor;","1","0","https://fbref.com/en/matches/86447b37/Barcelona-Real-Betis-April-5-2025-La-Liga","Barcelona","Home",NA,990,778,728,48,14,2,3,27,19,9,6,0,0,682,2,7
"La Liga","2025-04-05","La Liga (Matchweek 30)","Barcelona","4-3-3",1,1.4,"Gavi · 7&rsquor;","2","0","Real Betis","4-2-3-1",1,0.3,"Natan · 17&rsquor;","1","0","https://fbref.com/en/matches/86447b37/Barcelona-Real-Betis-April-5-2025-La-Liga","Real Betis","Away",NA,990,285,235,47,18,0,4,4,16,3,2,1,0,198,3,9
"La Liga","2025-04-06","La Liga (Matchweek 30)","Las Palmas","4-4-2",1,2,"Oliver McBurnie · 60&rsquor;","0","0","Real Sociedad","4-1-4-1",3,2.4,"Mikel Oyarzabal · 5&rsquor; Sergio Gómez · 56&rsquor; Jon Aramburu · 68&rsquor;","2","0","https://fbref.com/en/matches/864a0fb8/Las-Palmas-Real-Sociedad-April-6-2025-La-Liga","Las Palmas","Home",NA,990,446,392,49,10,2,2,31,20,5,1,4,0,325,5,6
"La Liga","2025-04-06","La Liga (Matchweek 30)","Las Palmas","4-4-2",1,2,"Oliver McBurnie · 60&rsquor;","0","0","Real Sociedad","4-1-4-1",3,2.4,"Mikel Oyarzabal · 5&rsquor; Sergio Gómez · 56&rsquor; Jon Aramburu · 68&rsquor;","2","0","https://fbref.com/en/matches/864a0fb8/Las-Palmas-Real-Sociedad-April-6-2025-La-Liga","Real Sociedad","Away",NA,990,422,368,53,12,2,1,11,28,4,0,3,0,330,1,9
"La Liga","2025-04-06","La Liga (Matchweek 30)","Sevilla","4-3-3",1,0.9,"Lucien Agoume · 7&rsquor;","1","0","Atlético Madrid","4-4-2",2,1.3,"Julián Álvarez (P) · 25&rsquor; Pablo Barrios · 90+3&rsquor;","4","0","https://fbref.com/en/matches/4b093821/Sevilla-Atletico-Madrid-April-6-2025-La-Liga","Sevilla","Home",NA,990,461,422,39,11,1,3,15,12,7,2,3,0,378,0,2
"La Liga","2025-04-06","La Liga (Matchweek 30)","Sevilla","4-3-3",1,0.9,"Lucien Agoume · 7&rsquor;","1","0","Atlético Madrid","4-4-2",2,1.3,"Julián Álvarez (P) · 25&rsquor; Pablo Barrios · 90+3&rsquor;","4","0","https://fbref.com/en/matches/4b093821/Sevilla-Atletico-Madrid-April-6-2025-La-Liga","Atlético Madrid","Away",NA,990,588,535,53,12,1,1,22,22,7,3,2,0,501,0,8
"La Liga","2025-04-06","La Liga (Matchweek 30)","Valladolid","4-4-2",0,0.6,"Mario Martín · 45+2&rsquor;","3","1","Getafe","4-2-3-1",4,1.9,"Mauro Arambarri · 1&rsquor; Ramón Terrats · 19&rsquor; Ramón Terrats · 38&rsquor; Domingos Duarte · 80&rsquor;","1","0","https://fbref.com/en/matches/e33c8281/Valladolid-Getafe-April-6-2025-La-Liga","Valladolid","Home",NA,944,474,411,62,19,0,3,22,25,3,2,0,0,384,1,8
"La Liga","2025-04-06","La Liga (Matchweek 30)","Valladolid","4-4-2",0,0.6,"Mario Martín · 45+2&rsquor;","3","1","Getafe","4-2-3-1",4,1.9,"Mauro Arambarri · 1&rsquor; Ramón Terrats · 19&rsquor; Ramón Terrats · 38&rsquor; Domingos Duarte · 80&rsquor;","1","0","https://fbref.com/en/matches/e33c8281/Valladolid-Getafe-April-6-2025-La-Liga","Getafe","Away",NA,990,456,419,35,11,1,0,13,12,4,0,1,0,370,2,11
"La Liga","2025-04-06","La Liga (Matchweek 30)","Villarreal","4-4-2",0,2.1,"Pape Gueye · 83&rsquor;","0","1","Athletic Club","4-2-3-1",0,0.8,"","1","0","https://fbref.com/en/matches/65afea5b/Villarreal-Athletic-Club-April-6-2025-La-Liga","Villarreal","Home",NA,982,543,500,42,14,2,1,25,13,6,2,2,0,443,1,9
"La Liga","2025-04-06","La Liga (Matchweek 30)","Villarreal","4-4-2",0,2.1,"Pape Gueye · 83&rsquor;","0","1","Athletic Club","4-2-3-1",0,0.8,"","1","0","https://fbref.com/en/matches/65afea5b/Villarreal-Athletic-Club-April-6-2025-La-Liga","Athletic Club","Away",NA,990,426,381,44,10,0,2,19,21,5,2,3,0,345,1,5
"La Liga","2025-04-07","La Liga (Matchweek 30)","Leganés","3-4-1-2",1,1.7,"Dani Raba (P) · 87&rsquor;","3","0","Osasuna","5-3-2",1,2.2,"Jorge Herrando · 49&rsquor;","3","0","https://fbref.com/en/matches/62c1d5cc/Leganes-Osasuna-April-7-2025-La-Liga","Leganés","Home",NA,990,450,401,46,13,0,1,18,17,4,3,0,0,358,3,6
"La Liga","2025-04-07","La Liga (Matchweek 30)","Leganés","3-4-1-2",1,1.7,"Dani Raba (P) · 87&rsquor;","3","0","Osasuna","5-3-2",1,2.2,"Jorge Herrando · 49&rsquor;","3","0","https://fbref.com/en/matches/62c1d5cc/Leganes-Osasuna-April-7-2025-La-Liga","Osasuna","Away",NA,990,360,299,60,21,0,4,17,17,8,4,3,0,263,1,8
"La Liga","2025-04-11","La Liga (Matchweek 31)","Valencia","4-2-3-1",1,1.3,"Javier Guerra · 45+4&rsquor;","3","0","Sevilla","4-2-3-1",0,0.8,"","2","0","https://fbref.com/en/matches/160a9af7/Valencia-Sevilla-April-11-2025-La-Liga","Valencia","Home",NA,990,494,433,59,21,6,1,17,23,3,1,1,0,390,2,13
"La Liga","2025-04-11","La Liga (Matchweek 31)","Valencia","4-2-3-1",1,1.3,"Javier Guerra · 45+4&rsquor;","3","0","Sevilla","4-2-3-1",0,0.8,"","2","0","https://fbref.com/en/matches/160a9af7/Valencia-Sevilla-April-11-2025-La-Liga","Sevilla","Away",NA,990,468,422,43,11,1,1,16,25,3,0,2,0,386,3,9
"La Liga","2025-04-12","La Liga (Matchweek 31)","Real Sociedad","4-2-3-1",0,0.7,"","3","0","Mallorca","5-3-2",2,0.5,"Cyle Larin · 20&rsquor; Sergi Darder · 47&rsquor;","1","0","https://fbref.com/en/matches/a449c18e/Real-Sociedad-Mallorca-April-12-2025-La-Liga","Real Sociedad","Home",NA,990,580,522,57,14,1,3,30,26,8,4,3,0,469,1,9
"La Liga","2025-04-12","La Liga (Matchweek 31)","Real Sociedad","4-2-3-1",0,0.7,"","3","0","Mallorca","5-3-2",2,0.5,"Cyle Larin · 20&rsquor; Sergi Darder · 47&rsquor;","1","0","https://fbref.com/en/matches/a449c18e/Real-Sociedad-Mallorca-April-12-2025-La-Liga","Mallorca","Away",NA,990,321,273,46,12,0,2,12,20,2,1,1,0,230,2,9
"La Liga","2025-04-12","La Liga (Matchweek 31)","Getafe","4-4-2",1,1.5,"Omar Alderete · 19&rsquor; Diego Rico · 33&rsquor;","0","1","Las Palmas","4-4-2",3,1.4,"Fábio Silva · 53&rsquor; Oliver McBurnie · 61&rsquor; Fábio Silva · 74&rsquor;","2","0","https://fbref.com/en/matches/606774d3/Getafe-Las-Palmas-April-12-2025-La-Liga","Getafe","Home",NA,932,345,288,56,16,0,2,12,24,3,1,2,0,244,1,7
"La Liga","2025-04-12","La Liga (Matchweek 31)","Getafe","4-4-2",1,1.5,"Omar Alderete · 19&rsquor; Diego Rico · 33&rsquor;","0","1","Las Palmas","4-4-2",3,1.4,"Fábio Silva · 53&rsquor; Oliver McBurnie · 61&rsquor; Fábio Silva · 74&rsquor;","2","0","https://fbref.com/en/matches/606774d3/Getafe-Las-Palmas-April-12-2025-La-Liga","Las Palmas","Away",NA,990,478,430,46,15,2,6,19,21,2,0,1,0,376,2,6
"La Liga","2025-04-12","La Liga (Matchweek 31)","Celta Vigo","3-4-3",0,0.9,"","2","0","Espanyol","4-2-3-1",2,1.2,"Roberto Férnandez · 28&rsquor; Roberto Férnandez · 63&rsquor;","2","0","https://fbref.com/en/matches/3aa5024f/Celta-Vigo-Espanyol-April-12-2025-La-Liga","Celta Vigo","Home",NA,990,646,592,54,10,1,2,27,26,13,8,5,0,545,0,14
"La Liga","2025-04-12","La Liga (Matchweek 31)","Celta Vigo","3-4-3",0,0.9,"","2","0","Espanyol","4-2-3-1",2,1.2,"Roberto Férnandez · 28&rsquor; Roberto Férnandez · 63&rsquor;","2","0","https://fbref.com/en/matches/3aa5024f/Celta-Vigo-Espanyol-April-12-2025-La-Liga","Espanyol","Away",NA,990,354,314,39,14,2,0,9,10,5,1,4,0,281,1,4
"La Liga","2025-04-12","La Liga (Matchweek 31)","Leganés","4-5-1",0,0.7,"","2","0","Barcelona","4-2-3-1",1,1.2,"Jorge Sáenz (OG) · 48&rsquor;","1","0","https://fbref.com/en/matches/5160bd9d/Leganes-Barcelona-April-12-2025-La-Liga","Leganés","Home",NA,990,354,300,50,7,1,3,14,26,4,1,2,0,255,4,5
"La Liga","2025-04-12","La Liga (Matchweek 31)","Leganés","4-5-1",0,0.7,"","2","0","Barcelona","4-2-3-1",1,1.2,"Jorge Sáenz (OG) · 48&rsquor;","1","0","https://fbref.com/en/matches/5160bd9d/Leganes-Barcelona-April-12-2025-La-Liga","Barcelona","Away",NA,990,652,605,44,13,1,3,25,18,8,4,2,0,556,3,6
"La Liga","2025-04-13","La Liga (Matchweek 31)","Osasuna","5-3-2",2,1.7,"Ante Budimir · 38&rsquor; Pablo Ibáñez · 79&rsquor;","2","0","Girona","4-2-3-1",1,0.9,"Yaser Asprilla · 90+6&rsquor;","1","0","https://fbref.com/en/matches/57baf278/Osasuna-Girona-April-13-2025-La-Liga","Osasuna","Home",NA,990,295,248,46,17,0,2,22,15,4,2,1,0,227,1,6
"La Liga","2025-04-13","La Liga (Matchweek 31)","Osasuna","5-3-2",2,1.7,"Ante Budimir · 38&rsquor; Pablo Ibáñez · 79&rsquor;","2","0","Girona","4-2-3-1",1,0.9,"Yaser Asprilla · 90+6&rsquor;","1","0","https://fbref.com/en/matches/57baf278/Osasuna-Girona-April-13-2025-La-Liga","Girona","Away",NA,990,622,572,48,17,0,1,25,18,4,4,0,0,540,2,4
"La Liga","2025-04-13","La Liga (Matchweek 31)","Alavés","4-2-3-1",0,0.6,"Manu Sánchez · 70&rsquor;","4","1","Real Madrid","4-1-4-1",1,0.9,"Eduardo Camavinga · 34&rsquor; Kylian Mbappé · 38&rsquor;","4","1","https://fbref.com/en/matches/988deece/Alaves-Real-Madrid-April-13-2025-La-Liga","Alavés","Home",NA,969,554,514,39,12,0,5,30,19,4,0,3,0,474,1,13
"La Liga","2025-04-13","La Liga (Matchweek 31)","Alavés","4-2-3-1",0,0.6,"Manu Sánchez · 70&rsquor;","4","1","Real Madrid","4-1-4-1",1,0.9,"Eduardo Camavinga · 34&rsquor; Kylian Mbappé · 38&rsquor;","4","1","https://fbref.com/en/matches/988deece/Alaves-Real-Madrid-April-13-2025-La-Liga","Real Madrid","Away",NA,937,431,380,51,21,1,5,7,12,4,4,0,0,365,0,11
"La Liga","2025-04-13","La Liga (Matchweek 31)","Real Betis","4-2-3-1",1,1.4,"Aitor Ruibal · 3&rsquor;","0","0","Villarreal","4-4-2",2,1.3,"Thierno Barry · 26&rsquor; Ayoze Pérez · 48&rsquor;","4","0","https://fbref.com/en/matches/028b10dc/Real-Betis-Villarreal-April-13-2025-La-Liga","Real Betis","Home",NA,990,683,632,50,14,2,7,34,24,5,3,1,0,585,1,12
"La Liga","2025-04-13","La Liga (Matchweek 31)","Real Betis","4-2-3-1",1,1.4,"Aitor Ruibal · 3&rsquor;","0","0","Villarreal","4-4-2",2,1.3,"Thierno Barry · 26&rsquor; Ayoze Pérez · 48&rsquor;","4","0","https://fbref.com/en/matches/028b10dc/Real-Betis-Villarreal-April-13-2025-La-Liga","Villarreal","Away",NA,990,328,288,39,3,2,2,13,15,5,2,3,0,240,1,8
"La Liga","2025-04-13","La Liga (Matchweek 31)","Athletic Club","4-2-3-1",3,1.6,"Oihan Sancet (P) · 58&rsquor; Nico Williams · 80&rsquor; Oihan Sancet · 90+4&rsquor;","4","0","Rayo Vallecano","4-2-3-1",1,1.6,"Pathé Ciss · 37&rsquor;","3","0","https://fbref.com/en/matches/82c58306/Athletic-Club-Rayo-Vallecano-April-13-2025-La-Liga","Athletic Club","Home",NA,990,485,428,54,8,2,5,23,27,7,5,1,0,376,3,8
"La Liga","2025-04-13","La Liga (Matchweek 31)","Athletic Club","4-2-3-1",3,1.6,"Oihan Sancet (P) · 58&rsquor; Nico Williams · 80&rsquor; Oihan Sancet · 90+4&rsquor;","4","0","Rayo Vallecano","4-2-3-1",1,1.6,"Pathé Ciss · 37&rsquor;","3","0","https://fbref.com/en/matches/82c58306/Athletic-Club-Rayo-Vallecano-April-13-2025-La-Liga","Rayo Vallecano","Away",NA,990,410,357,51,13,1,4,10,22,1,0,1,0,312,2,7
"La Liga","2025-04-14","La Liga (Matchweek 31)","Atlético Madrid","4-4-2",4,3.4,"Julián Álvarez (P) · 25&rsquor; Giuliano Simeone · 27&rsquor; Julián Álvarez (P) · 71&rsquor; Alexander Sørloth · 79&rsquor;","1","0","Valladolid","4-1-4-1",2,1.2,"Mamadou Sylla (P) · 21&rsquor; Javi Sánchez · 56&rsquor;","1","0","https://fbref.com/en/matches/b955d331/Atletico-Madrid-Valladolid-April-14-2025-La-Liga","Atlético Madrid","Home",NA,990,642,607,33,6,2,1,22,15,5,2,2,0,570,2,10
"La Liga","2025-04-14","La Liga (Matchweek 31)","Atlético Madrid","4-4-2",4,3.4,"Julián Álvarez (P) · 25&rsquor; Giuliano Simeone · 27&rsquor; Julián Álvarez (P) · 71&rsquor; Alexander Sørloth · 79&rsquor;","1","0","Valladolid","4-1-4-1",2,1.2,"Mamadou Sylla (P) · 21&rsquor; Javi Sánchez · 56&rsquor;","1","0","https://fbref.com/en/matches/b955d331/Atletico-Madrid-Valladolid-April-14-2025-La-Liga","Valladolid","Away",NA,990,536,491,45,11,2,3,10,12,1,1,0,0,467,0,4
"La Liga","2025-04-18","La Liga (Matchweek 32)","Espanyol","4-2-3-1",1,0.4,"Marash Kumbulla · 39&rsquor;","0","0","Getafe","4-1-4-1",0,0.4,"Chrisantus Uche · 60&rsquor;","2","1","https://fbref.com/en/matches/442a63df/Espanyol-Getafe-April-18-2025-La-Liga","Espanyol","Home",NA,990,455,401,50,17,2,1,17,22,6,2,3,0,346,4,12
"La Liga","2025-04-18","La Liga (Matchweek 32)","Espanyol","4-2-3-1",1,0.4,"Marash Kumbulla · 39&rsquor;","0","0","Getafe","4-1-4-1",0,0.4,"Chrisantus Uche · 60&rsquor;","2","1","https://fbref.com/en/matches/442a63df/Espanyol-Getafe-April-18-2025-La-Liga","Getafe","Away",NA,959,279,223,53,16,0,2,26,22,8,4,3,0,173,3,11
"La Liga","2025-04-19","La Liga (Matchweek 32)","Rayo Vallecano","4-2-3-1",1,0.5,"César Tárrega (OG) · 45&rsquor;","3","0","Valencia","4-4-2",1,2,"Umar Sadiq · 75&rsquor;","1","0","https://fbref.com/en/matches/81da0725/Rayo-Vallecano-Valencia-April-19-2025-La-Liga","Rayo Vallecano","Home",NA,990,514,456,56,13,0,2,32,30,5,3,1,0,406,2,13
"La Liga","2025-04-19","La Liga (Matchweek 32)","Rayo Vallecano","4-2-3-1",1,0.5,"César Tárrega (OG) · 45&rsquor;","3","0","Valencia","4-4-2",1,2,"Umar Sadiq · 75&rsquor;","1","0","https://fbref.com/en/matches/81da0725/Rayo-Vallecano-Valencia-April-19-2025-La-Liga","Valencia","Away",NA,990,382,336,45,19,1,10,11,11,2,0,1,0,298,1,4
"La Liga","2025-04-19","La Liga (Matchweek 32)","Barcelona","4-3-3",4,2.9,"Ferrán Torres · 12&rsquor; Dani Olmo · 64&rsquor; Raphinha · 68&rsquor; Raphinha (P) · 90+8&rsquor;","2","0","Celta Vigo","4-1-4-1",3,2.1,"Borja Iglesias · 15&rsquor; Borja Iglesias · 52&rsquor; Borja Iglesias · 62&rsquor;","2","0","https://fbref.com/en/matches/ac6535dc/Barcelona-Celta-Vigo-April-19-2025-La-Liga","Barcelona","Home",NA,990,799,753,46,11,4,2,21,24,4,3,0,0,707,0,7
"La Liga","2025-04-19","La Liga (Matchweek 32)","Barcelona","4-3-3",4,2.9,"Ferrán Torres · 12&rsquor; Dani Olmo · 64&rsquor; Raphinha · 68&rsquor; Raphinha (P) · 90+8&rsquor;","2","0","Celta Vigo","4-1-4-1",3,2.1,"Borja Iglesias · 15&rsquor; Borja Iglesias · 52&rsquor; Borja Iglesias · 62&rsquor;","2","0","https://fbref.com/en/matches/ac6535dc/Barcelona-Celta-Vigo-April-19-2025-La-Liga","Celta Vigo","Away",NA,990,321,273,48,10,0,4,6,18,1,0,1,0,236,0,10
"La Liga","2025-04-19","La Liga (Matchweek 32)","Mallorca","5-3-2",0,0.9,"","2","0","Leganés","4-2-3-1",0,0.9,"","1","0","https://fbref.com/en/matches/36e23ef5/Mallorca-Leganes-April-19-2025-La-Liga","Mallorca","Home",NA,990,451,394,56,15,1,2,21,25,4,2,1,0,345,1,11
"La Liga","2025-04-19","La Liga (Matchweek 32)","Mallorca","5-3-2",0,0.9,"","2","0","Leganés","4-2-3-1",0,0.9,"","1","0","https://fbref.com/en/matches/36e23ef5/Mallorca-Leganes-April-19-2025-La-Liga","Leganés","Away",NA,990,363,313,50,17,1,4,20,14,4,1,0,0,262,0,2
"La Liga","2025-04-19","La Liga (Matchweek 32)","Las Palmas","4-4-2",1,0.6,"Javier Muñoz · 90+3&rsquor;","3","0","Atlético Madrid","4-4-2",0,0.8,"","1","0","https://fbref.com/en/matches/84f347ad/Las-Palmas-Atletico-Madrid-April-19-2025-La-Liga","Las Palmas","Home",NA,990,423,373,50,14,0,4,17,25,4,1,2,0,324,0,11
"La Liga","2025-04-19","La Liga (Matchweek 32)","Las Palmas","4-4-2",1,0.6,"Javier Muñoz · 90+3&rsquor;","3","0","Atlético Madrid","4-4-2",0,0.8,"","1","0","https://fbref.com/en/matches/84f347ad/Las-Palmas-Atletico-Madrid-April-19-2025-La-Liga","Atlético Madrid","Away",NA,990,598,543,54,13,3,2,20,27,4,2,1,0,493,1,13
"La Liga","2025-04-20","La Liga (Matchweek 32)","Valladolid","4-1-4-1",2,1.9,"Raúl Moro · 49&rsquor; Mamadou Sylla (P) · 66&rsquor;","1","0","Osasuna","5-3-2",3,2.3,"Ante Budimir · 9&rsquor; Rubén García · 34&rsquor; Ante Budimir (P) · 60&rsquor;","1","0","https://fbref.com/en/matches/6b0f1761/Valladolid-Osasuna-April-20-2025-La-Liga","Valladolid","Home",NA,990,543,496,46,16,0,5,24,18,5,3,2,0,457,1,2
"La Liga","2025-04-20","La Liga (Matchweek 32)","Valladolid","4-1-4-1",2,1.9,"Raúl Moro · 49&rsquor; Mamadou Sylla (P) · 66&rsquor;","1","0","Osasuna","5-3-2",3,2.3,"Ante Budimir · 9&rsquor; Rubén García · 34&rsquor; Ante Budimir (P) · 60&rsquor;","1","0","https://fbref.com/en/matches/6b0f1761/Valladolid-Osasuna-April-20-2025-La-Liga","Osasuna","Away",NA,990,539,500,39,11,3,1,9,17,2,0,1,0,457,0,6
"La Liga","2025-04-20","La Liga (Matchweek 32)","Villarreal","4-4-2",2,1.9,"Yeremi Pino · 7&rsquor; Ayoze Pérez · 60&rsquor;","4","0","Real Sociedad","4-1-4-1",2,1.7,"Mikel Oyarzabal (P) · 19&rsquor; Mikel Oyarzabal · 49&rsquor;","1","0","https://fbref.com/en/matches/46e117e0/Villarreal-Real-Sociedad-April-20-2025-La-Liga","Villarreal","Home",NA,990,563,511,50,13,2,3,29,24,10,4,4,0,466,2,14
"La Liga","2025-04-20","La Liga (Matchweek 32)","Villarreal","4-4-2",2,1.9,"Yeremi Pino · 7&rsquor; Ayoze Pérez · 60&rsquor;","4","0","Real Sociedad","4-1-4-1",2,1.7,"Mikel Oyarzabal (P) · 19&rsquor; Mikel Oyarzabal · 49&rsquor;","1","0","https://fbref.com/en/matches/46e117e0/Villarreal-Real-Sociedad-April-20-2025-La-Liga","Real Sociedad","Away",NA,990,408,364,43,13,0,0,11,12,4,0,3,0,332,1,10
"La Liga","2025-04-20","La Liga (Matchweek 32)","Sevilla","4-2-3-1",1,1.6,"Peque · 12&rsquor;","2","0","Alavés","4-2-3-1",1,1,"Kiké · 45+2&rsquor;","2","0","https://fbref.com/en/matches/be12049b/Sevilla-Alaves-April-20-2025-La-Liga","Sevilla","Home",NA,990,400,348,51,13,2,4,20,24,3,3,0,0,302,1,11
"La Liga","2025-04-20","La Liga (Matchweek 32)","Sevilla","4-2-3-1",1,1.6,"Peque · 12&rsquor;","2","0","Alavés","4-2-3-1",1,1,"Kiké · 45+2&rsquor;","2","0","https://fbref.com/en/matches/be12049b/Sevilla-Alaves-April-20-2025-La-Liga","Alavés","Away",NA,990,511,454,55,11,0,0,25,28,6,2,4,0,402,2,8
"La Liga","2025-04-20","La Liga (Matchweek 32)","Real Madrid","4-3-1-2",1,1.5,"Federico Valverde · 90+3&rsquor;","1","0","Athletic Club","4-2-3-1",0,0.2,"","2","0","https://fbref.com/en/matches/b9c25e18/Real-Madrid-Athletic-Club-April-20-2025-La-Liga","Real Madrid","Home",NA,990,715,658,56,15,2,9,29,20,14,6,3,0,632,1,6
"La Liga","2025-04-20","La Liga (Matchweek 32)","Real Madrid","4-3-1-2",1,1.5,"Federico Valverde · 90+3&rsquor;","1","0","Athletic Club","4-2-3-1",0,0.2,"","2","0","https://fbref.com/en/matches/b9c25e18/Real-Madrid-Athletic-Club-April-20-2025-La-Liga","Athletic Club","Away",NA,990,267,227,40,8,1,0,8,16,1,1,0,0,184,0,7
"La Liga","2025-04-21","La Liga (Matchweek 32)","Girona","4-2-3-1",1,1.1,"Cristhian Stuani · 85&rsquor;","3","0","Real Betis","4-2-3-1",3,1.7,"Johnny Cardoso · 6&rsquor; Antony · 39&rsquor; Isco · 42&rsquor;","2","0","https://fbref.com/en/matches/0edcec5d/Girona-Real-Betis-April-21-2025-La-Liga","Girona","Home",NA,990,564,509,50,11,1,3,35,22,8,7,1,0,473,5,11
"La Liga","2025-04-21","La Liga (Matchweek 32)","Girona","4-2-3-1",1,1.1,"Cristhian Stuani · 85&rsquor;","3","0","Real Betis","4-2-3-1",3,1.7,"Johnny Cardoso · 6&rsquor; Antony · 39&rsquor; Isco · 42&rsquor;","2","0","https://fbref.com/en/matches/0edcec5d/Girona-Real-Betis-April-21-2025-La-Liga","Real Betis","Away",NA,990,362,316,46,17,1,3,12,10,9,0,7,0,298,0,1
"La Liga","2025-04-22","La Liga (Matchweek 33)","Valencia","4-2-3-1",1,0.9,"Javier Guerra · 57&rsquor;","2","0","Espanyol","4-2-3-1",1,0.3,"Javi Puado · 40&rsquor;","1","0","https://fbref.com/en/matches/17125161/Valencia-Espanyol-April-22-2025-La-Liga","Valencia","Home",NA,990,697,651,45,8,1,2,34,26,6,3,2,0,606,1,10
"La Liga","2025-04-22","La Liga (Matchweek 33)","Valencia","4-2-3-1",1,0.9,"Javier Guerra · 57&rsquor;","2","0","Espanyol","4-2-3-1",1,0.3,"Javi Puado · 40&rsquor;","1","0","https://fbref.com/en/matches/17125161/Valencia-Espanyol-April-22-2025-La-Liga","Espanyol","Away",NA,990,351,315,35,8,2,3,11,14,4,3,0,0,271,1,6
"La Liga","2025-04-22","La Liga (Matchweek 33)","Barcelona","4-2-3-1",1,3.3,"Dani Olmo · 46&rsquor;","0","0","Mallorca","5-4-1",0,0.3,"","1","0","https://fbref.com/en/matches/a71ce7d1/Barcelona-Mallorca-April-22-2025-La-Liga","Barcelona","Home",NA,990,778,734,43,10,4,1,14,15,13,8,0,0,692,1,9
"La Liga","2025-04-22","La Liga (Matchweek 33)","Barcelona","4-2-3-1",1,3.3,"Dani Olmo · 46&rsquor;","0","0","Mallorca","5-4-1",0,0.3,"","1","0","https://fbref.com/en/matches/a71ce7d1/Barcelona-Mallorca-April-22-2025-La-Liga","Mallorca","Away",NA,990,237,187,47,11,2,1,11,17,2,1,1,0,142,3,7
"La Liga","2025-04-23","La Liga (Matchweek 33)","Celta Vigo","3-4-3",3,2.7,"Fer López · 45&rsquor; Borja Iglesias · 53&rsquor; Iago Aspas (P) · 87&rsquor;","2","0","Villarreal","4-4-2",0,0.4,"Eric Bailly · 37&rsquor;","1","1","https://fbref.com/en/matches/291cfd49/Celta-Vigo-Villarreal-April-23-2025-La-Liga","Celta Vigo","Home",NA,990,658,616,40,11,1,9,22,16,6,2,2,0,572,2,11
"La Liga","2025-04-23","La Liga (Matchweek 33)","Celta Vigo","3-4-3",3,2.7,"Fer López · 45&rsquor; Borja Iglesias · 53&rsquor; Iago Aspas (P) · 87&rsquor;","2","0","Villarreal","4-4-2",0,0.4,"Eric Bailly · 37&rsquor;","1","1","https://fbref.com/en/matches/291cfd49/Celta-Vigo-Villarreal-April-23-2025-La-Liga","Villarreal","Away",NA,936,429,383,43,17,0,8,16,13,3,1,2,0,344,3,9
"La Liga","2025-04-23","La Liga (Matchweek 33)","Athletic Club","4-2-3-1",1,2.1,"Iñaki Williams · 5&rsquor;","1","0","Las Palmas","4-2-3-1",0,1,"","3","0","https://fbref.com/en/matches/60c208f0/Athletic-Club-Las-Palmas-April-23-2025-La-Liga","Athletic Club","Home",NA,990,481,433,44,9,3,1,14,26,3,0,3,0,380,4,6
"La Liga","2025-04-23","La Liga (Matchweek 33)","Athletic Club","4-2-3-1",1,2.1,"Iñaki Williams · 5&rsquor;","1","0","Las Palmas","4-2-3-1",0,1,"","3","0","https://fbref.com/en/matches/60c208f0/Athletic-Club-Las-Palmas-April-23-2025-La-Liga","Las Palmas","Away",NA,990,490,444,44,17,1,4,14,14,3,3,0,0,380,2,4
"La Liga","2025-04-23","La Liga (Matchweek 33)","Alavés","4-2-3-1",1,0.6,"Nahuel Tenaglia · 65&rsquor;","4","0","Real Sociedad","4-1-4-1",0,0.8,"","5","0","https://fbref.com/en/matches/14a28e57/Alaves-Real-Sociedad-April-23-2025-La-Liga","Alavés","Home",NA,990,327,262,64,20,2,2,14,32,6,3,3,0,198,1,10
"La Liga","2025-04-23","La Liga (Matchweek 33)","Alavés","4-2-3-1",1,0.6,"Nahuel Tenaglia · 65&rsquor;","4","0","Real Sociedad","4-1-4-1",0,0.8,"","5","0","https://fbref.com/en/matches/14a28e57/Alaves-Real-Sociedad-April-23-2025-La-Liga","Real Sociedad","Away",NA,990,525,461,61,18,0,7,18,28,6,0,5,0,413,3,5
"La Liga","2025-04-23","La Liga (Matchweek 33)","Getafe","5-4-1",0,2.3,"","3","0","Real Madrid","4-4-2",1,1.5,"Arda Güler · 21&rsquor;","1","0","https://fbref.com/en/matches/5ae33594/Getafe-Real-Madrid-April-23-2025-La-Liga","Getafe","Home",NA,990,346,306,39,9,0,4,17,22,4,0,3,0,256,1,6
"La Liga","2025-04-23","La Liga (Matchweek 33)","Getafe","5-4-1",0,2.3,"","3","0","Real Madrid","4-4-2",1,1.5,"Arda Güler · 21&rsquor;","1","0","https://fbref.com/en/matches/5ae33594/Getafe-Real-Madrid-April-23-2025-La-Liga","Real Madrid","Away",NA,990,587,530,54,16,3,5,7,23,4,2,1,0,496,3,8
"La Liga","2025-04-24","La Liga (Matchweek 33)","Osasuna","5-3-2",1,0.3,"Rubén García · 25&rsquor;","4","0","Sevilla","4-2-3-1",0,1.1,"Dodi Lukebakio · 32&rsquor;","2","1","https://fbref.com/en/matches/3438a56b/Osasuna-Sevilla-April-24-2025-La-Liga","Osasuna","Home",NA,990,534,493,39,13,1,6,21,16,4,1,1,0,457,2,6
"La Liga","2025-04-24","La Liga (Matchweek 33)","Osasuna","5-3-2",1,0.3,"Rubén García · 25&rsquor;","4","0","Sevilla","4-2-3-1",0,1.1,"Dodi Lukebakio · 32&rsquor;","2","1","https://fbref.com/en/matches/3438a56b/Osasuna-Sevilla-April-24-2025-La-Liga","Sevilla","Away",NA,931,383,332,50,15,2,3,18,20,4,3,1,0,302,1,7
"La Liga","2025-04-24","La Liga (Matchweek 33)","Leganés","5-4-1",1,0.3,"Seydouba Cissé · 19&rsquor; Munir El Haddadi · 90+2&rsquor;","4","1","Girona","3-4-3",1,0.5,"Cristhian Stuani · 54&rsquor;","2","0","https://fbref.com/en/matches/124ad510/Leganes-Girona-April-24-2025-La-Liga","Leganés","Home",NA,918,281,235,45,20,1,2,13,11,4,0,4,0,202,1,1
"La Liga","2025-04-24","La Liga (Matchweek 33)","Leganés","5-4-1",1,0.3,"Seydouba Cissé · 19&rsquor; Munir El Haddadi · 90+2&rsquor;","4","1","Girona","3-4-3",1,0.5,"Cristhian Stuani · 54&rsquor;","2","0","https://fbref.com/en/matches/124ad510/Leganes-Girona-April-24-2025-La-Liga","Girona","Away",NA,990,586,529,53,18,1,1,19,16,5,2,2,0,508,4,10
"La Liga","2025-04-24","La Liga (Matchweek 33)","Atlético Madrid","4-4-2",3,2.2,"Alexander Sørloth · 3&rsquor; Conor Gallagher · 45&rsquor; Julián Álvarez · 77&rsquor;","0","0","Rayo Vallecano","4-2-3-1",0,0.7,"","2","0","https://fbref.com/en/matches/a5ffdc50/Atletico-Madrid-Rayo-Vallecano-April-24-2025-La-Liga","Atlético Madrid","Home",NA,990,450,397,51,18,5,3,17,17,6,3,2,0,369,2,11
"La Liga","2025-04-24","La Liga (Matchweek 33)","Atlético Madrid","4-4-2",3,2.2,"Alexander Sørloth · 3&rsquor; Conor Gallagher · 45&rsquor; Julián Álvarez · 77&rsquor;","0","0","Rayo Vallecano","4-2-3-1",0,0.7,"","2","0","https://fbref.com/en/matches/a5ffdc50/Atletico-Madrid-Rayo-Vallecano-April-24-2025-La-Liga","Rayo Vallecano","Away",NA,990,620,580,37,9,1,5,21,17,3,3,0,0,550,3,7
"La Liga","2025-04-24","La Liga (Matchweek 33)","Real Betis","4-2-3-1",5,1.9,"Jesus Rodríguez · 17&rsquor; Cucho · 64&rsquor; Isco · 66&rsquor; Romain Perraud · 84&rsquor; Abde Ezzalzouli · 90&rsquor;","1","0","Valladolid","4-1-4-1",1,0.9,"Chuky san jose · 41&rsquor;","0","0","https://fbref.com/en/matches/f880625e/Real-Betis-Valladolid-April-24-2025-La-Liga","Real Betis","Home",NA,990,679,638,40,10,2,4,11,22,4,2,2,0,588,1,11
"La Liga","2025-04-24","La Liga (Matchweek 33)","Real Betis","4-2-3-1",5,1.9,"Jesus Rodríguez · 17&rsquor; Cucho · 64&rsquor; Isco · 66&rsquor; Romain Perraud · 84&rsquor; Abde Ezzalzouli · 90&rsquor;","1","0","Valladolid","4-1-4-1",1,0.9,"Chuky san jose · 41&rsquor;","0","0","https://fbref.com/en/matches/f880625e/Real-Betis-Valladolid-April-24-2025-La-Liga","Valladolid","Away",NA,990,309,263,42,8,0,1,17,16,4,4,0,0,225,4,7
"La Liga","2025-04-27","La Liga (Matchweek 26)","Villarreal","4-4-2",1,1.4,"Yeremi Pino · 52&rsquor;","4","0","Espanyol","4-2-3-1",0,1,"","0","0","https://fbref.com/en/matches/50b976fc/Villarreal-Espanyol-April-27-2025-La-Liga","Villarreal","Home",NA,990,385,337,47,11,4,0,23,13,8,7,0,1,307,1,8
"La Liga","2025-04-27","La Liga (Matchweek 26)","Villarreal","4-4-2",1,1.4,"Yeremi Pino · 52&rsquor;","4","0","Espanyol","4-2-3-1",0,1,"","0","0","https://fbref.com/en/matches/50b976fc/Villarreal-Espanyol-April-27-2025-La-Liga","Espanyol","Away",NA,990,473,425,48,18,0,4,25,13,6,1,3,0,398,0,11
"La Liga","2025-05-02","La Liga (Matchweek 34)","Rayo Vallecano","4-2-3-1",1,1.2,"Florian Lejeune · 7&rsquor;","3","0","Getafe","4-4-2",0,0.9,"Djené · 80&rsquor;","2","1","https://fbref.com/en/matches/1ca7012a/Rayo-Vallecano-Getafe-May-2-2025-La-Liga","Rayo Vallecano","Home",NA,990,429,364,63,17,0,1,12,29,7,4,1,0,301,2,10
"La Liga","2025-05-02","La Liga (Matchweek 34)","Rayo Vallecano","4-2-3-1",1,1.2,"Florian Lejeune · 7&rsquor;","3","0","Getafe","4-4-2",0,0.9,"Djené · 80&rsquor;","2","1","https://fbref.com/en/matches/1ca7012a/Rayo-Vallecano-Getafe-May-2-2025-La-Liga","Getafe","Away",NA,979,298,237,57,13,0,4,14,30,3,2,1,0,160,4,9
"La Liga","2025-05-03","La Liga (Matchweek 34)","Alavés","4-2-3-1",0,0.5,"","3","0","Atlético Madrid","4-4-2",0,0.5,"","2","0","https://fbref.com/en/matches/7c70cc19/Alaves-Atletico-Madrid-May-3-2025-La-Liga","Alavés","Home",NA,990,316,262,53,13,0,2,16,28,3,1,1,0,206,1,13
"La Liga","2025-05-03","La Liga (Matchweek 34)","Alavés","4-2-3-1",0,0.5,"","3","0","Atlético Madrid","4-4-2",0,0.5,"","2","0","https://fbref.com/en/matches/7c70cc19/Alaves-Atletico-Madrid-May-3-2025-La-Liga","Atlético Madrid","Away",NA,990,559,499,60,19,0,5,30,26,5,2,1,0,449,0,14
"La Liga","2025-05-03","La Liga (Matchweek 34)","Villarreal","4-4-2",4,2.2,"Ayoze Pérez · 2&rsquor; Thierno Barry · 33&rsquor; Ayoze Pérez · 39&rsquor; Nicolas Pépé · 71&rsquor;","4","0","Osasuna","5-3-2",2,1.2,"Rubén García · 66&rsquor; Aimar Oroz (P) · 81&rsquor;","1","0","https://fbref.com/en/matches/6b5549c2/Villarreal-Osasuna-May-3-2025-La-Liga","Villarreal","Home",NA,990,413,371,39,20,4,3,7,8,2,2,0,0,347,3,5
"La Liga","2025-05-03","La Liga (Matchweek 34)","Villarreal","4-4-2",4,2.2,"Ayoze Pérez · 2&rsquor; Thierno Barry · 33&rsquor; Ayoze Pérez · 39&rsquor; Nicolas Pépé · 71&rsquor;","4","0","Osasuna","5-3-2",2,1.2,"Rubén García · 66&rsquor; Aimar Oroz (P) · 81&rsquor;","1","0","https://fbref.com/en/matches/6b5549c2/Villarreal-Osasuna-May-3-2025-La-Liga","Osasuna","Away",NA,990,533,475,56,12,1,10,36,20,8,2,3,0,428,2,12
"La Liga","2025-05-03","La Liga (Matchweek 34)","Las Palmas","4-2-3-1",2,1.7,"Sandro Ramírez (P) · 45+2&rsquor; Oliver McBurnie · 83&rsquor;","1","0","Valencia","4-4-2",3,1.4,"Hugo Duro · 22&rsquor; Hugo Duro · 58&rsquor; Álex Suárez (OG) · 75&rsquor;","1","0","https://fbref.com/en/matches/bc2261f6/Las-Palmas-Valencia-May-3-2025-La-Liga","Las Palmas","Home",NA,990,461,411,49,7,2,3,37,22,9,4,3,0,351,1,9
"La Liga","2025-05-03","La Liga (Matchweek 34)","Las Palmas","4-2-3-1",2,1.7,"Sandro Ramírez (P) · 45+2&rsquor; Oliver McBurnie · 83&rsquor;","1","0","Valencia","4-4-2",3,1.4,"Hugo Duro · 22&rsquor; Hugo Duro · 58&rsquor; Álex Suárez (OG) · 75&rsquor;","1","0","https://fbref.com/en/matches/bc2261f6/Las-Palmas-Valencia-May-3-2025-La-Liga","Valencia","Away",NA,990,414,362,49,13,1,2,15,16,5,3,1,0,315,3,9
"La Liga","2025-05-03","La Liga (Matchweek 34)","Valladolid","5-4-1",1,0.6,"Iván Sánchez · 6&rsquor;","3","0","Barcelona","4-2-3-1",2,1.9,"Raphinha · 54&rsquor; Fermin López · 60&rsquor;","2","0","https://fbref.com/en/matches/af94853a/Valladolid-Barcelona-May-3-2025-La-Liga","Valladolid","Home",NA,990,182,133,46,16,2,1,13,11,4,3,0,0,107,3,7
"La Liga","2025-05-03","La Liga (Matchweek 34)","Valladolid","5-4-1",1,0.6,"Iván Sánchez · 6&rsquor;","3","0","Barcelona","4-2-3-1",2,1.9,"Raphinha · 54&rsquor; Fermin López · 60&rsquor;","2","0","https://fbref.com/en/matches/af94853a/Valladolid-Barcelona-May-3-2025-La-Liga","Barcelona","Away",NA,990,761,715,45,12,0,2,32,20,8,4,3,0,667,1,12
"La Liga","2025-05-04","La Liga (Matchweek 34)","Real Madrid","4-2-3-1",3,2.2,"Arda Güler · 33&rsquor; Kylian Mbappé · 39&rsquor; Kylian Mbappé · 48&rsquor;","2","0","Celta Vigo","3-4-3",2,1.8,"Javi Rodríguez · 69&rsquor; Williot Swedberg · 76&rsquor;","1","0","https://fbref.com/en/matches/08e02efc/Real-Madrid-Celta-Vigo-May-4-2025-La-Liga","Real Madrid","Home",NA,990,636,602,34,11,5,4,13,9,4,3,0,0,578,0,7
"La Liga","2025-05-04","La Liga (Matchweek 34)","Real Madrid","4-2-3-1",3,2.2,"Arda Güler · 33&rsquor; Kylian Mbappé · 39&rsquor; Kylian Mbappé · 48&rsquor;","2","0","Celta Vigo","3-4-3",2,1.8,"Javi Rodríguez · 69&rsquor; Williot Swedberg · 76&rsquor;","1","0","https://fbref.com/en/matches/08e02efc/Real-Madrid-Celta-Vigo-May-4-2025-La-Liga","Celta Vigo","Away",NA,990,544,505,38,5,3,7,11,9,6,5,0,0,473,1,9
"La Liga","2025-05-04","La Liga (Matchweek 34)","Sevilla","4-2-3-1",2,2.7,"Kike Salas · 21&rsquor; Isaac Romero · 70&rsquor;","4","0","Leganés","4-4-2",2,0.6,"Munir El Haddadi · 7&rsquor; Javi Hernández · 73&rsquor;","5","0","https://fbref.com/en/matches/2c94bff7/Sevilla-Leganes-May-4-2025-La-Liga","Sevilla","Home",NA,990,448,402,45,12,0,6,31,18,8,5,2,0,335,1,7
"La Liga","2025-05-04","La Liga (Matchweek 34)","Sevilla","4-2-3-1",2,2.7,"Kike Salas · 21&rsquor; Isaac Romero · 70&rsquor;","4","0","Leganés","4-4-2",2,0.6,"Munir El Haddadi · 7&rsquor; Javi Hernández · 73&rsquor;","5","0","https://fbref.com/en/matches/2c94bff7/Sevilla-Leganes-May-4-2025-La-Liga","Leganés","Away",NA,990,354,301,52,18,1,1,20,13,2,1,1,0,241,1,14
"La Liga","2025-05-04","La Liga (Matchweek 34)","Espanyol","4-2-3-1",1,1.2,"Roberto Férnandez · 28&rsquor;","2","0","Real Betis","4-2-3-1",2,1.1,"Giovani Lo Celso · 85&rsquor; Antony · 90+1&rsquor;","0","0","https://fbref.com/en/matches/be0ab7a4/Espanyol-Real-Betis-May-4-2025-La-Liga","Espanyol","Home",NA,990,363,326,32,10,3,2,13,10,3,1,1,1,292,5,6
"La Liga","2025-05-04","La Liga (Matchweek 34)","Espanyol","4-2-3-1",1,1.2,"Roberto Férnandez · 28&rsquor;","2","0","Real Betis","4-2-3-1",2,1.1,"Giovani Lo Celso · 85&rsquor; Antony · 90+1&rsquor;","0","0","https://fbref.com/en/matches/be0ab7a4/Espanyol-Real-Betis-May-4-2025-La-Liga","Real Betis","Away",NA,990,592,546,45,20,3,2,20,8,7,5,2,0,513,1,10
"La Liga","2025-05-04","La Liga (Matchweek 34)","Real Sociedad","4-1-4-1",0,0.9,"","1","0","Athletic Club","4-2-3-1",0,0.2,"","2","0","https://fbref.com/en/matches/e0d46d97/Real-Sociedad-Athletic-Club-May-4-2025-La-Liga","Real Sociedad","Home",NA,990,559,507,49,14,0,4,21,23,7,3,4,0,435,3,11
"La Liga","2025-05-04","La Liga (Matchweek 34)","Real Sociedad","4-1-4-1",0,0.9,"","1","0","Athletic Club","4-2-3-1",0,0.2,"","2","0","https://fbref.com/en/matches/e0d46d97/Real-Sociedad-Athletic-Club-May-4-2025-La-Liga","Athletic Club","Away",NA,990,390,340,49,20,1,2,13,20,3,2,1,0,281,1,7
"La Liga","2025-05-05","La Liga (Matchweek 34)","Girona","4-3-3",1,1.5,"Cristhian Stuani · 10&rsquor;","0","0","Mallorca","5-4-1",0,0.5,"","2","0","https://fbref.com/en/matches/45dbbb22/Girona-Mallorca-May-5-2025-La-Liga","Girona","Home",NA,990,485,439,45,15,1,0,12,15,5,2,0,0,401,1,5
"La Liga","2025-05-05","La Liga (Matchweek 34)","Girona","4-3-3",1,1.5,"Cristhian Stuani · 10&rsquor;","0","0","Mallorca","5-4-1",0,0.5,"","2","0","https://fbref.com/en/matches/45dbbb22/Girona-Mallorca-May-5-2025-La-Liga","Mallorca","Away",NA,990,545,504,40,10,1,3,18,19,2,1,1,0,464,1,1
"La Liga","2025-05-09","La Liga (Matchweek 35)","Las Palmas","4-4-2",0,0.6,"","2","0","Rayo Vallecano","4-2-3-1",1,1.2,"Álvaro García · 66&rsquor;","3","0","https://fbref.com/en/matches/ce67853a/Las-Palmas-Rayo-Vallecano-May-9-2025-La-Liga","Las Palmas","Home",NA,990,383,323,60,11,1,0,29,35,8,3,4,0,255,0,7
"La Liga","2025-05-09","La Liga (Matchweek 35)","Las Palmas","4-4-2",0,0.6,"","2","0","Rayo Vallecano","4-2-3-1",1,1.2,"Álvaro García · 66&rsquor;","3","0","https://fbref.com/en/matches/ce67853a/Las-Palmas-Rayo-Vallecano-May-9-2025-La-Liga","Rayo Vallecano","Away",NA,990,535,475,58,8,1,3,18,28,8,4,3,0,426,2,11
"La Liga","2025-05-10","La Liga (Matchweek 35)","Valencia","4-2-3-1",3,2.7,"José Luis García Vayá (P) · 8&rsquor; Diego López · 18&rsquor; Hugo Duro (P) · 37&rsquor;","3","0","Getafe","4-4-2",0,0.5,"","5","0","https://fbref.com/en/matches/ed775615/Valencia-Getafe-May-10-2025-La-Liga","Valencia","Home",NA,990,432,381,51,23,4,2,12,16,2,1,0,0,355,0,7
"La Liga","2025-05-10","La Liga (Matchweek 35)","Valencia","4-2-3-1",3,2.7,"José Luis García Vayá (P) · 8&rsquor; Diego López · 18&rsquor; Hugo Duro (P) · 37&rsquor;","3","0","Getafe","4-4-2",0,0.5,"","5","0","https://fbref.com/en/matches/ed775615/Valencia-Getafe-May-10-2025-La-Liga","Getafe","Away",NA,990,314,260,49,14,2,2,28,18,6,1,4,0,215,5,8
"La Liga","2025-05-10","La Liga (Matchweek 35)","Celta Vigo","4-1-4-1",3,0.9,"Ilaix Moriba · 19&rsquor; Marcos Alonso · 45+6&rsquor; Óscar Mingueza · 65&rsquor; Borja Iglesias · 90+1&rsquor;","0","1","Sevilla","4-4-2",2,2.3,"Nemanja Gudelj (P) · 45+8&rsquor; Kike Salas · 90+8&rsquor;","2","0","https://fbref.com/en/matches/3537bd55/Celta-Vigo-Sevilla-May-10-2025-La-Liga","Celta Vigo","Home",NA,944,494,447,46,19,4,4,8,13,3,0,3,0,420,1,5
"La Liga","2025-05-10","La Liga (Matchweek 35)","Celta Vigo","4-1-4-1",3,0.9,"Ilaix Moriba · 19&rsquor; Marcos Alonso · 45+6&rsquor; Óscar Mingueza · 65&rsquor; Borja Iglesias · 90+1&rsquor;","0","1","Sevilla","4-4-2",2,2.3,"Nemanja Gudelj (P) · 45+8&rsquor; Kike Salas · 90+8&rsquor;","2","0","https://fbref.com/en/matches/3537bd55/Celta-Vigo-Sevilla-May-10-2025-La-Liga","Sevilla","Away",NA,990,510,464,43,10,2,5,24,20,6,3,1,1,410,3,5
"La Liga","2025-05-10","La Liga (Matchweek 35)","Mallorca","4-2-3-1",2,1,"Omar Mascarell · 28&rsquor; Sergi Darder · 49&rsquor;","2","0","Valladolid","4-1-4-1",1,1.8,"Chuky san jose · 11&rsquor;","1","0","https://fbref.com/en/matches/e7540b3e/Mallorca-Valladolid-May-10-2025-La-Liga","Mallorca","Home",NA,990,501,452,48,14,1,1,27,18,5,2,3,0,412,1,7
"La Liga","2025-05-10","La Liga (Matchweek 35)","Mallorca","4-2-3-1",2,1,"Omar Mascarell · 28&rsquor; Sergi Darder · 49&rsquor;","2","0","Valladolid","4-1-4-1",1,1.8,"Chuky san jose · 11&rsquor;","1","0","https://fbref.com/en/matches/e7540b3e/Mallorca-Valladolid-May-10-2025-La-Liga","Valladolid","Away",NA,990,325,272,51,16,1,8,23,9,10,7,0,1,249,2,4
"La Liga","2025-05-10","La Liga (Matchweek 35)","Girona","4-3-3",0,0.2,"","2","0","Villarreal","4-2-3-1",1,2,"Karl Etta · 89&rsquor;","3","0","https://fbref.com/en/matches/bf02d20b/Girona-Villarreal-May-10-2025-La-Liga","Girona","Home",NA,990,591,551,40,11,0,2,31,14,5,5,0,0,516,0,6
"La Liga","2025-05-10","La Liga (Matchweek 35)","Girona","4-3-3",0,0.2,"","2","0","Villarreal","4-2-3-1",1,2,"Karl Etta · 89&rsquor;","3","0","https://fbref.com/en/matches/bf02d20b/Girona-Villarreal-May-10-2025-La-Liga","Villarreal","Away",NA,990,491,454,36,13,0,5,16,9,3,2,0,0,422,1,6
"La Liga","2025-05-10","La Liga (Matchweek 35)","Atlético Madrid","4-3-3",4,1.4,"Alexander Sørloth · 7&rsquor; Alexander Sørloth · 10&rsquor; Alexander Sørloth · 11&rsquor; Alexander Sørloth · 30&rsquor;","0","0","Real Sociedad","4-1-4-1",0,0.6,"","1","0","https://fbref.com/en/matches/dfd588e7/Atletico-Madrid-Real-Sociedad-May-10-2025-La-Liga","Atlético Madrid","Home",NA,990,700,658,39,12,1,0,14,17,3,0,1,0,628,3,7
"La Liga","2025-05-10","La Liga (Matchweek 35)","Atlético Madrid","4-3-3",4,1.4,"Alexander Sørloth · 7&rsquor; Alexander Sørloth · 10&rsquor; Alexander Sørloth · 11&rsquor; Alexander Sørloth · 30&rsquor;","0","0","Real Sociedad","4-1-4-1",0,0.6,"","1","0","https://fbref.com/en/matches/dfd588e7/Atletico-Madrid-Real-Sociedad-May-10-2025-La-Liga","Real Sociedad","Away",NA,990,459,415,43,10,1,5,18,18,3,1,2,0,390,1,10
"La Liga","2025-05-11","La Liga (Matchweek 35)","Leganés","3-4-3",3,1.5,"Seydouba Cissé · 33&rsquor; Yan Diomandé · 41&rsquor; Marash Kumbulla (OG) · 63&rsquor;","2","0","Espanyol","5-4-1",2,1.2,"Leandro Cabrera · 79&rsquor; Pere Milla · 90+8&rsquor;","2","0","https://fbref.com/en/matches/f2459bac/Leganes-Espanyol-May-11-2025-La-Liga","Leganés","Home",NA,990,379,330,48,17,0,1,12,19,3,0,3,0,294,1,5
"La Liga","2025-05-11","La Liga (Matchweek 35)","Leganés","3-4-3",3,1.5,"Seydouba Cissé · 33&rsquor; Yan Diomandé · 41&rsquor; Marash Kumbulla (OG) · 63&rsquor;","2","0","Espanyol","5-4-1",2,1.2,"Leandro Cabrera · 79&rsquor; Pere Milla · 90+8&rsquor;","2","0","https://fbref.com/en/matches/f2459bac/Leganes-Espanyol-May-11-2025-La-Liga","Espanyol","Away",NA,990,394,330,63,15,0,2,22,27,8,3,3,0,279,1,7
"La Liga","2025-05-11","La Liga (Matchweek 35)","Barcelona","4-2-3-1",4,4.2,"Eric García · 19&rsquor; Lamine Yamal · 32&rsquor; Raphinha · 34&rsquor; Raphinha · 45&rsquor;","4","0","Real Madrid","4-2-3-1",3,2.7,"Kylian Mbappé (P) · 5&rsquor; Kylian Mbappé · 14&rsquor; Kylian Mbappé · 70&rsquor;","3","0","https://fbref.com/en/matches/f1804d9c/El-Clasico-Barcelona-Real-Madrid-May-11-2025-La-Liga","Barcelona","Home",NA,990,518,467,50,19,4,1,21,14,10,6,0,0,438,1,6
"La Liga","2025-05-11","La Liga (Matchweek 35)","Barcelona","4-2-3-1",4,4.2,"Eric García · 19&rsquor; Lamine Yamal · 32&rsquor; Raphinha · 34&rsquor; Raphinha · 45&rsquor;","4","0","Real Madrid","4-2-3-1",3,2.7,"Kylian Mbappé (P) · 5&rsquor; Kylian Mbappé · 14&rsquor; Kylian Mbappé · 70&rsquor;","3","0","https://fbref.com/en/matches/f1804d9c/El-Clasico-Barcelona-Real-Madrid-May-11-2025-La-Liga","Real Madrid","Away",NA,990,322,267,50,17,3,4,3,13,2,0,1,0,256,5,4
"La Liga","2025-05-11","La Liga (Matchweek 35)","Athletic Club","4-2-3-1",1,1.2,"Manu Sánchez (OG) · 71&rsquor;","1","0","Alavés","4-1-4-1",0,0.8,"","1","0","https://fbref.com/en/matches/c89b7f67/Athletic-Club-Alaves-May-11-2025-La-Liga","Athletic Club","Home",NA,990,500,452,48,14,0,3,28,22,9,1,7,0,393,0,14
"La Liga","2025-05-11","La Liga (Matchweek 35)","Athletic Club","4-2-3-1",1,1.2,"Manu Sánchez (OG) · 71&rsquor;","1","0","Alavés","4-1-4-1",0,0.8,"","1","0","https://fbref.com/en/matches/c89b7f67/Athletic-Club-Alaves-May-11-2025-La-Liga","Alavés","Away",NA,990,346,286,58,17,3,1,14,27,2,1,1,0,210,2,12
"La Liga","2025-05-11","La Liga (Matchweek 35)","Real Betis","4-2-3-1",1,0.4,"Cucho · 64&rsquor;","3","0","Osasuna","4-2-3-1",1,2.1,"Ante Budimir · 75&rsquor;","2","0","https://fbref.com/en/matches/05130dc3/Real-Betis-Osasuna-May-11-2025-La-Liga","Real Betis","Home",NA,990,542,485,55,14,0,9,25,24,6,3,3,0,460,2,6
"La Liga","2025-05-11","La Liga (Matchweek 35)","Real Betis","4-2-3-1",1,0.4,"Cucho · 64&rsquor;","3","0","Osasuna","4-2-3-1",1,2.1,"Ante Budimir · 75&rsquor;","2","0","https://fbref.com/en/matches/05130dc3/Real-Betis-Osasuna-May-11-2025-La-Liga","Osasuna","Away",NA,990,403,349,52,10,1,5,27,26,7,1,3,0,310,2,7
"La Liga","2025-05-13","La Liga (Matchweek 36)","Valladolid","5-4-1",0,0.9,"","0","0","Girona","4-2-3-1",1,1.4,"Cristhian Stuani · 80&rsquor;","0","0","https://fbref.com/en/matches/336bf51e/Valladolid-Girona-May-13-2025-La-Liga","Valladolid","Home",NA,990,471,417,53,18,0,5,22,20,6,2,0,1,396,1,7
"La Liga","2025-05-13","La Liga (Matchweek 36)","Valladolid","5-4-1",0,0.9,"","0","0","Girona","4-2-3-1",1,1.4,"Cristhian Stuani · 80&rsquor;","0","0","https://fbref.com/en/matches/336bf51e/Valladolid-Girona-May-13-2025-La-Liga","Girona","Away",NA,990,515,484,30,4,1,1,12,15,4,4,0,0,445,1,4
"La Liga","2025-05-13","La Liga (Matchweek 36)","Real Sociedad","4-2-3-1",0,1.7,"","3","0","Celta Vigo","3-4-3",1,1.1,"Alfon · 44&rsquor;","1","0","https://fbref.com/en/matches/c38bd41c/Real-Sociedad-Celta-Vigo-May-13-2025-La-Liga","Real Sociedad","Home",NA,990,540,482,53,13,1,1,38,21,14,9,3,0,429,5,14
"La Liga","2025-05-13","La Liga (Matchweek 36)","Real Sociedad","4-2-3-1",0,1.7,"","3","0","Celta Vigo","3-4-3",1,1.1,"Alfon · 44&rsquor;","1","0","https://fbref.com/en/matches/c38bd41c/Real-Sociedad-Celta-Vigo-May-13-2025-La-Liga","Celta Vigo","Away",NA,990,347,288,56,23,2,3,1,17,1,0,1,0,258,3,7
"La Liga","2025-05-13","La Liga (Matchweek 36)","Sevilla","4-2-3-1",1,1.3,"Álvaro Pascual · 52&rsquor;","6","0","Las Palmas","4-4-2",0,0.5,"","6","0","https://fbref.com/en/matches/0bb2b5ef/Sevilla-Las-Palmas-May-13-2025-La-Liga","Sevilla","Home",NA,990,379,337,41,15,1,4,24,14,4,1,2,0,279,1,11
"La Liga","2025-05-13","La Liga (Matchweek 36)","Sevilla","4-2-3-1",1,1.3,"Álvaro Pascual · 52&rsquor;","6","0","Las Palmas","4-4-2",0,0.5,"","6","0","https://fbref.com/en/matches/0bb2b5ef/Sevilla-Las-Palmas-May-13-2025-La-Liga","Las Palmas","Away",NA,990,474,415,58,22,0,5,10,28,2,1,1,0,369,1,12
"La Liga","2025-05-14","La Liga (Matchweek 36)","Alavés","4-1-4-1",1,1.8,"Joan Jordán (P) · 79&rsquor;","4","0","Valencia","4-4-2",0,0.8,"","3","0","https://fbref.com/en/matches/a0128620/Alaves-Valencia-May-14-2025-La-Liga","Alavés","Home",NA,990,377,328,47,11,5,1,21,17,9,3,4,0,265,2,12
"La Liga","2025-05-14","La Liga (Matchweek 36)","Alavés","4-1-4-1",1,1.8,"Joan Jordán (P) · 79&rsquor;","4","0","Valencia","4-4-2",0,0.8,"","3","0","https://fbref.com/en/matches/a0128620/Alaves-Valencia-May-14-2025-La-Liga","Valencia","Away",NA,990,518,466,50,18,1,3,15,20,4,1,2,0,416,2,7
"La Liga","2025-05-14","La Liga (Matchweek 36)","Villarreal","4-2-3-1",3,1.6,"Ayoze Pérez · 23&rsquor; Ayoze Pérez · 31&rsquor; Nicolas Pépé · 45&rsquor;","1","0","Leganés","3-4-3",0,1.1,"","1","0","https://fbref.com/en/matches/b14bf95b/Villarreal-Leganes-May-14-2025-La-Liga","Villarreal","Home",NA,990,383,334,47,10,1,0,6,20,3,1,2,0,315,2,7
"La Liga","2025-05-14","La Liga (Matchweek 36)","Villarreal","4-2-3-1",3,1.6,"Ayoze Pérez · 23&rsquor; Ayoze Pérez · 31&rsquor; Nicolas Pépé · 45&rsquor;","1","0","Leganés","3-4-3",0,1.1,"","1","0","https://fbref.com/en/matches/b14bf95b/Villarreal-Leganes-May-14-2025-La-Liga","Leganés","Away",NA,990,608,571,37,6,4,3,22,16,6,1,2,0,541,0,6
"La Liga","2025-05-14","La Liga (Matchweek 36)","Real Madrid","4-4-2",2,2.6,"Kylian Mbappé · 68&rsquor; Jacobo Ramón · 90+5&rsquor;","0","0","Mallorca","5-3-2",1,0.5,"Martin Valjent · 11&rsquor;","3","0","https://fbref.com/en/matches/1838bcd7/Real-Madrid-Mallorca-May-14-2025-La-Liga","Real Madrid","Home",NA,990,738,675,62,16,5,5,53,16,26,19,1,0,641,1,12
"La Liga","2025-05-14","La Liga (Matchweek 36)","Real Madrid","4-4-2",2,2.6,"Kylian Mbappé · 68&rsquor; Jacobo Ramón · 90+5&rsquor;","0","0","Mallorca","5-3-2",1,0.5,"Martin Valjent · 11&rsquor;","3","0","https://fbref.com/en/matches/1838bcd7/Real-Madrid-Mallorca-May-14-2025-La-Liga","Mallorca","Away",NA,990,296,264,31,7,2,0,4,9,0,0,0,0,225,1,6
"La Liga","2025-05-15","La Liga (Matchweek 36)","Rayo Vallecano","4-2-3-1",2,1.2,"Jorge de Frutos · 37&rsquor; Florian Lejeune · 45+6&rsquor;","1","0","Real Betis","4-2-3-1",2,1.2,"Cucho · 51&rsquor; Isco (P) · 61&rsquor;","3","0","https://fbref.com/en/matches/54538ff7/Rayo-Vallecano-Real-Betis-May-15-2025-La-Liga","Rayo Vallecano","Home",NA,990,464,413,48,13,3,4,27,16,10,7,2,0,362,3,15
"La Liga","2025-05-15","La Liga (Matchweek 36)","Rayo Vallecano","4-2-3-1",2,1.2,"Jorge de Frutos · 37&rsquor; Florian Lejeune · 45+6&rsquor;","1","0","Real Betis","4-2-3-1",2,1.2,"Cucho · 51&rsquor; Isco (P) · 61&rsquor;","3","0","https://fbref.com/en/matches/54538ff7/Rayo-Vallecano-Real-Betis-May-15-2025-La-Liga","Real Betis","Away",NA,990,413,363,50,9,2,6,11,16,7,3,2,0,323,0,10
"La Liga","2025-05-15","La Liga (Matchweek 36)","Osasuna","4-2-3-1",2,0.6,"Catena · 25&rsquor; Ante Budimir · 82&rsquor;","1","0","Atlético Madrid","4-4-2",0,1.4,"","1","0","https://fbref.com/en/matches/ab452039/Osasuna-Atletico-Madrid-May-15-2025-La-Liga","Osasuna","Home",NA,990,326,277,48,15,0,3,11,16,3,0,2,0,243,1,5
"La Liga","2025-05-15","La Liga (Matchweek 36)","Osasuna","4-2-3-1",2,0.6,"Catena · 25&rsquor; Ante Budimir · 82&rsquor;","1","0","Atlético Madrid","4-4-2",0,1.4,"","1","0","https://fbref.com/en/matches/ab452039/Osasuna-Atletico-Madrid-May-15-2025-La-Liga","Atlético Madrid","Away",NA,990,602,551,47,13,6,1,22,21,5,3,1,0,518,4,6
"La Liga","2025-05-15","La Liga (Matchweek 36)","Getafe","4-4-2",0,0.4,"","1","0","Athletic Club","3-4-3",2,1.2,"Gorka Guruzeta · 76&rsquor; Daniel Vivian · 89&rsquor;","0","0","https://fbref.com/en/matches/535ec951/Getafe-Athletic-Club-May-15-2025-La-Liga","Getafe","Home",NA,990,283,227,55,9,2,2,14,32,2,1,1,0,150,1,4
"La Liga","2025-05-15","La Liga (Matchweek 36)","Getafe","4-4-2",0,0.4,"","1","0","Athletic Club","3-4-3",2,1.2,"Gorka Guruzeta · 76&rsquor; Daniel Vivian · 89&rsquor;","0","0","https://fbref.com/en/matches/535ec951/Getafe-Athletic-Club-May-15-2025-La-Liga","Athletic Club","Away",NA,990,516,453,61,11,1,2,14,34,5,0,4,0,401,2,11
"La Liga","2025-05-15","La Liga (Matchweek 36)","Espanyol","4-2-3-1",0,1.4,"Leandro Cabrera · 80&rsquor;","4","1","Barcelona","4-2-3-1",2,0.6,"Lamine Yamal · 53&rsquor; Fermin López · 90+5&rsquor;","1","0","https://fbref.com/en/matches/45f486b1/Espanyol-Barcelona-May-15-2025-La-Liga","Espanyol","Home",NA,979,278,224,49,10,7,5,19,22,3,0,1,1,186,5,12
"La Liga","2025-05-15","La Liga (Matchweek 36)","Espanyol","4-2-3-1",0,1.4,"Leandro Cabrera · 80&rsquor;","4","1","Barcelona","4-2-3-1",2,0.6,"Lamine Yamal · 53&rsquor; Fermin López · 90+5&rsquor;","1","0","https://fbref.com/en/matches/45f486b1/Espanyol-Barcelona-May-15-2025-La-Liga","Barcelona","Away",NA,990,774,733,41,13,2,2,13,18,3,1,0,0,686,0,12
"La Liga","2025-05-18","La Liga (Matchweek 37)","Las Palmas","4-4-2",0,0.5,"","2","0","Leganés","4-4-2",1,1.6,"Dani Raba · 6&rsquor;","2","0","https://fbref.com/en/matches/766b10ee/Las-Palmas-Leganes-May-18-2025-La-Liga","Las Palmas","Home",NA,990,604,540,64,14,0,7,21,31,9,2,4,1,496,0,10
"La Liga","2025-05-18","La Liga (Matchweek 37)","Las Palmas","4-4-2",0,0.5,"","2","0","Leganés","4-4-2",1,1.6,"Dani Raba · 6&rsquor;","2","0","https://fbref.com/en/matches/766b10ee/Las-Palmas-Leganes-May-18-2025-La-Liga","Leganés","Away",NA,990,265,211,51,15,1,2,5,25,2,1,1,0,175,3,2
"La Liga","2025-05-18","La Liga (Matchweek 37)","Mallorca","4-2-3-1",1,0.4,"Cyle Larin · 90+3&rsquor;","2","0","Getafe","4-4-2",2,1.6,"Mauro Arambarri · 56&rsquor; Chrisantus Uche · 65&rsquor;","2","0","https://fbref.com/en/matches/05c5e52d/Mallorca-Getafe-May-18-2025-La-Liga","Mallorca","Home",NA,990,661,611,49,9,0,3,33,29,3,0,3,0,539,1,12
"La Liga","2025-05-18","La Liga (Matchweek 37)","Mallorca","4-2-3-1",1,0.4,"Cyle Larin · 90+3&rsquor;","2","0","Getafe","4-4-2",2,1.6,"Mauro Arambarri · 56&rsquor; Chrisantus Uche · 65&rsquor;","2","0","https://fbref.com/en/matches/05c5e52d/Mallorca-Getafe-May-18-2025-La-Liga","Getafe","Away",NA,990,262,209,53,15,0,1,17,23,4,1,1,0,161,0,7
"La Liga","2025-05-18","La Liga (Matchweek 37)","Valencia","4-4-2",0,0.5,"","3","0","Athletic Club","4-2-3-1",1,1.4,"Álex Berenguer · 72&rsquor;","1","0","https://fbref.com/en/matches/e69b0060/Valencia-Athletic-Club-May-18-2025-La-Liga","Valencia","Home",NA,990,576,530,45,21,1,5,10,14,5,1,2,0,473,1,7
"La Liga","2025-05-18","La Liga (Matchweek 37)","Valencia","4-4-2",0,0.5,"","3","0","Athletic Club","4-2-3-1",1,1.4,"Álex Berenguer · 72&rsquor;","1","0","https://fbref.com/en/matches/e69b0060/Valencia-Athletic-Club-May-18-2025-La-Liga","Athletic Club","Away",NA,990,466,432,29,10,0,4,12,12,3,2,0,0,376,5,8
"La Liga","2025-05-18","La Liga (Matchweek 37)","Atlético Madrid","4-4-2",4,4.7,"Julián Álvarez · 10&rsquor; Robin Le Normand · 45+3&rsquor; Julián Álvarez · 75&rsquor; Ángel Correa · 90+6&rsquor;","1","0","Real Betis","4-2-3-1",1,0.9,"Pablo Fornals · 67&rsquor;","1","0","https://fbref.com/en/matches/07f29baa/Atletico-Madrid-Real-Betis-May-18-2025-La-Liga","Atlético Madrid","Home",NA,990,518,476,40,9,0,0,17,16,7,3,4,0,431,2,5
"La Liga","2025-05-18","La Liga (Matchweek 37)","Atlético Madrid","4-4-2",4,4.7,"Julián Álvarez · 10&rsquor; Robin Le Normand · 45+3&rsquor; Julián Álvarez · 75&rsquor; Ángel Correa · 90+6&rsquor;","1","0","Real Betis","4-2-3-1",1,0.9,"Pablo Fornals · 67&rsquor;","1","0","https://fbref.com/en/matches/07f29baa/Atletico-Madrid-Real-Betis-May-18-2025-La-Liga","Real Betis","Away",NA,990,632,585,46,14,2,6,16,13,4,1,1,0,552,1,8
"La Liga","2025-05-18","La Liga (Matchweek 37)","Osasuna","4-2-3-1",2,1.3,"Ante Budimir · 17&rsquor; Raúl · 90+1&rsquor;","1","0","Espanyol","4-2-3-1",0,0.9,"","1","0","https://fbref.com/en/matches/e176243c/Osasuna-Espanyol-May-18-2025-La-Liga","Osasuna","Home",NA,990,399,356,42,7,0,3,31,16,8,1,5,0,305,1,12
"La Liga","2025-05-18","La Liga (Matchweek 37)","Osasuna","4-2-3-1",2,1.3,"Ante Budimir · 17&rsquor; Raúl · 90+1&rsquor;","1","0","Espanyol","4-2-3-1",0,0.9,"","1","0","https://fbref.com/en/matches/e176243c/Osasuna-Espanyol-May-18-2025-La-Liga","Espanyol","Away",NA,990,465,416,47,12,3,6,26,19,6,0,4,0,381,2,4
"La Liga","2025-05-18","La Liga (Matchweek 37)","Barcelona","4-2-3-1",2,1.3,"Lamine Yamal · 38&rsquor; Fermin López · 45+5&rsquor;","2","0","Villarreal","4-4-2",3,1.8,"Ayoze Pérez · 4&rsquor; Santi Comesaña · 50&rsquor; Tajon Buchanan · 80&rsquor;","0","0","https://fbref.com/en/matches/db2637b7/Barcelona-Villarreal-May-18-2025-La-Liga","Barcelona","Home",NA,990,740,686,52,9,5,4,28,21,11,4,1,0,657,2,10
"La Liga","2025-05-18","La Liga (Matchweek 37)","Barcelona","4-2-3-1",2,1.3,"Lamine Yamal · 38&rsquor; Fermin López · 45+5&rsquor;","2","0","Villarreal","4-4-2",3,1.8,"Ayoze Pérez · 4&rsquor; Santi Comesaña · 50&rsquor; Tajon Buchanan · 80&rsquor;","0","0","https://fbref.com/en/matches/db2637b7/Barcelona-Villarreal-May-18-2025-La-Liga","Villarreal","Away",NA,990,335,288,46,15,6,5,9,15,3,2,0,0,262,1,6
"La Liga","2025-05-18","La Liga (Matchweek 37)","Valladolid","3-4-3",0,1.4,"","0","0","Alavés","4-1-3-2",1,1.3,"Kiké (P) · 18&rsquor;","2","0","https://fbref.com/en/matches/89b88d0b/Valladolid-Alaves-May-18-2025-La-Liga","Valladolid","Home",NA,990,383,326,55,24,0,7,26,18,5,3,1,0,277,2,5
"La Liga","2025-05-18","La Liga (Matchweek 37)","Valladolid","3-4-3",0,1.4,"","0","0","Alavés","4-1-3-2",1,1.3,"Kiké (P) · 18&rsquor;","2","0","https://fbref.com/en/matches/89b88d0b/Valladolid-Alaves-May-18-2025-La-Liga","Alavés","Away",NA,990,391,339,52,13,0,2,21,24,9,1,8,0,269,0,11
"La Liga","2025-05-18","La Liga (Matchweek 37)","Real Sociedad","4-2-3-1",3,1.9,"Pablo Marín · 5&rsquor; Mikel Oyarzabal (P) · 20&rsquor; Arkaitz Mariezkurrena · 90+1&rsquor;","1","0","Girona","4-2-3-1",2,2.1,"Cristhian Stuani · 10&rsquor; Portu · 77&rsquor;","3","0","https://fbref.com/en/matches/1c29483b/Real-Sociedad-Girona-May-18-2025-La-Liga","Real Sociedad","Home",NA,990,515,468,47,13,0,0,22,18,9,4,3,0,435,0,6
"La Liga","2025-05-18","La Liga (Matchweek 37)","Real Sociedad","4-2-3-1",3,1.9,"Pablo Marín · 5&rsquor; Mikel Oyarzabal (P) · 20&rsquor; Arkaitz Mariezkurrena · 90+1&rsquor;","1","0","Girona","4-2-3-1",2,2.1,"Cristhian Stuani · 10&rsquor; Portu · 77&rsquor;","3","0","https://fbref.com/en/matches/1c29483b/Real-Sociedad-Girona-May-18-2025-La-Liga","Girona","Away",NA,990,443,405,33,9,2,4,15,11,2,1,1,0,359,5,6
"La Liga","2025-05-18","La Liga (Matchweek 37)","Sevilla","4-4-2",0,0.5,"Loïc Bade · 12&rsquor; Isaac Romero · 48&rsquor;","0","2","Real Madrid","4-4-2",2,2.1,"Kylian Mbappé · 75&rsquor; Jude Bellingham · 87&rsquor;","1","0","https://fbref.com/en/matches/cde582d4/Sevilla-Real-Madrid-May-18-2025-La-Liga","Sevilla","Home",NA,868,358,326,31,10,0,1,4,10,1,1,0,0,291,1,5
"La Liga","2025-05-18","La Liga (Matchweek 37)","Sevilla","4-4-2",0,0.5,"Loïc Bade · 12&rsquor; Isaac Romero · 48&rsquor;","0","2","Real Madrid","4-4-2",2,2.1,"Kylian Mbappé · 75&rsquor; Jude Bellingham · 87&rsquor;","1","0","https://fbref.com/en/matches/cde582d4/Sevilla-Real-Madrid-May-18-2025-La-Liga","Real Madrid","Away",NA,990,605,570,34,8,2,4,17,14,7,4,0,0,535,1,9
"La Liga","2025-05-18","La Liga (Matchweek 37)","Celta Vigo","3-4-3",1,2.1,"Marcos Alonso (P) · 10&rsquor;","2","0","Rayo Vallecano","4-4-2",2,1,"Isaac Palazón Camacho · 17&rsquor; Jorge de Frutos · 45+2&rsquor;","3","0","https://fbref.com/en/matches/1716ac24/Celta-Vigo-Rayo-Vallecano-May-18-2025-La-Liga","Celta Vigo","Home",NA,990,525,460,63,18,4,0,13,25,9,5,3,0,449,2,13
"La Liga","2025-05-18","La Liga (Matchweek 37)","Celta Vigo","3-4-3",1,2.1,"Marcos Alonso (P) · 10&rsquor;","2","0","Rayo Vallecano","4-4-2",2,1,"Isaac Palazón Camacho · 17&rsquor; Jorge de Frutos · 45+2&rsquor;","3","0","https://fbref.com/en/matches/1716ac24/Celta-Vigo-Rayo-Vallecano-May-18-2025-La-Liga","Rayo Vallecano","Away",NA,990,329,281,45,11,1,1,12,23,2,0,2,0,255,3,8
"La Liga","2025-05-23","La Liga (Matchweek 38)","Real Betis","4-2-3-1",1,0.9,"Antony · 40&rsquor;","1","0","Valencia","4-2-3-1",1,0.7,"Rafa Mir · 75&rsquor;","3","0","https://fbref.com/en/matches/a1ad64bb/Real-Betis-Valencia-May-23-2025-La-Liga","Real Betis","Home",NA,990,523,474,45,15,5,5,11,18,3,1,0,0,438,4,10
"La Liga","2025-05-23","La Liga (Matchweek 38)","Real Betis","4-2-3-1",1,0.9,"Antony · 40&rsquor;","1","0","Valencia","4-2-3-1",1,0.7,"Rafa Mir · 75&rsquor;","3","0","https://fbref.com/en/matches/a1ad64bb/Real-Betis-Valencia-May-23-2025-La-Liga","Valencia","Away",NA,990,581,532,46,12,1,6,12,21,2,1,1,0,476,3,10
"La Liga","2025-05-24","La Liga (Matchweek 38)","Real Madrid","4-3-3",2,2.6,"Kylian Mbappé · 38&rsquor; Kylian Mbappé · 83&rsquor;","0","0","Real Sociedad","4-4-2",0,0.8,"","0","0","https://fbref.com/en/matches/14179de8/Real-Madrid-Real-Sociedad-May-24-2025-La-Liga","Real Madrid","Home",NA,990,747,705,39,6,5,2,16,11,11,6,1,0,677,3,10
"La Liga","2025-05-24","La Liga (Matchweek 38)","Real Madrid","4-3-3",2,2.6,"Kylian Mbappé · 38&rsquor; Kylian Mbappé · 83&rsquor;","0","0","Real Sociedad","4-4-2",0,0.8,"","0","0","https://fbref.com/en/matches/14179de8/Real-Madrid-Real-Sociedad-May-24-2025-La-Liga","Real Sociedad","Away",NA,990,461,427,33,8,2,3,8,11,4,3,0,0,404,1,8
"La Liga","2025-05-24","La Liga (Matchweek 38)","Leganés","4-4-2",3,2.1,"Javi Hernández · 24&rsquor; Yan Diomandé · 36&rsquor; Juan Cruz · 40&rsquor;","0","0","Valladolid","4-4-2",0,0.4,"","1","0","https://fbref.com/en/matches/12536c9f/Leganes-Valladolid-May-24-2025-La-Liga","Leganés","Home",NA,990,500,460,38,14,0,0,13,16,3,2,1,0,429,2,7
"La Liga","2025-05-24","La Liga (Matchweek 38)","Leganés","4-4-2",3,2.1,"Javi Hernández · 24&rsquor; Yan Diomandé · 36&rsquor; Juan Cruz · 40&rsquor;","0","0","Valladolid","4-4-2",0,0.4,"","1","0","https://fbref.com/en/matches/12536c9f/Leganes-Valladolid-May-24-2025-La-Liga","Valladolid","Away",NA,990,418,374,44,13,2,1,12,16,4,4,0,0,337,0,8
"La Liga","2025-05-24","La Liga (Matchweek 38)","Espanyol","4-2-3-1",2,2,"Javi Puado (P) · 65&rsquor; Pere Milla · 82&rsquor;","3","0","Las Palmas","4-2-3-1",0,0.5,"","2","0","https://fbref.com/en/matches/858bd9c5/Espanyol-Las-Palmas-May-24-2025-La-Liga","Espanyol","Home",NA,990,427,386,40,12,1,3,24,20,3,0,3,0,328,1,6
"La Liga","2025-05-24","La Liga (Matchweek 38)","Espanyol","4-2-3-1",2,2,"Javi Puado (P) · 65&rsquor; Pere Milla · 82&rsquor;","3","0","Las Palmas","4-2-3-1",0,0.5,"","2","0","https://fbref.com/en/matches/858bd9c5/Espanyol-Las-Palmas-May-24-2025-La-Liga","Las Palmas","Away",NA,990,540,489,49,13,2,9,16,23,6,0,3,1,447,2,8
"La Liga","2025-05-24","La Liga (Matchweek 38)","Rayo Vallecano","4-2-3-1",0,2.2,"","2","0","Mallorca","4-4-2",0,0.6,"","2","0","https://fbref.com/en/matches/fa808cc1/Rayo-Vallecano-Mallorca-May-24-2025-La-Liga","Rayo Vallecano","Home",NA,990,546,484,59,17,1,6,23,23,11,6,5,0,434,3,13
"La Liga","2025-05-24","La Liga (Matchweek 38)","Rayo Vallecano","4-2-3-1",0,2.2,"","2","0","Mallorca","4-4-2",0,0.6,"","2","0","https://fbref.com/en/matches/fa808cc1/Rayo-Vallecano-Mallorca-May-24-2025-La-Liga","Mallorca","Away",NA,990,418,367,48,12,1,2,11,20,2,1,1,0,313,3,7
"La Liga","2025-05-24","La Liga (Matchweek 38)","Alavés","4-2-3-1",1,2,"Carlos Vicente (P) · 56&rsquor;","2","0","Osasuna","4-2-3-1",1,1.6,"Raúl · 88&rsquor;","2","0","https://fbref.com/en/matches/ed820dc1/Alaves-Osasuna-May-24-2025-La-Liga","Alavés","Home",NA,990,391,343,45,7,3,2,15,16,5,0,5,0,289,3,8
"La Liga","2025-05-24","La Liga (Matchweek 38)","Alavés","4-2-3-1",1,2,"Carlos Vicente (P) · 56&rsquor;","2","0","Osasuna","4-2-3-1",1,1.6,"Raúl · 88&rsquor;","2","0","https://fbref.com/en/matches/ed820dc1/Alaves-Osasuna-May-24-2025-La-Liga","Osasuna","Away",NA,990,460,387,71,17,1,4,30,34,9,4,1,0,358,2,9
"La Liga","2025-05-24","La Liga (Matchweek 38)","Getafe","4-4-2",1,0.4,"Borja Mayoral · 11&rsquor; Domingos Duarte · 90&rsquor;","3","1","Celta Vigo","3-4-3",2,1.5,"Borja Iglesias · 25&rsquor; Iago Aspas · 80&rsquor;","4","0","https://fbref.com/en/matches/4303125c/Getafe-Celta-Vigo-May-24-2025-La-Liga","Getafe","Home",NA,989,340,299,38,10,2,2,9,15,2,1,1,0,253,3,7
"La Liga","2025-05-24","La Liga (Matchweek 38)","Getafe","4-4-2",1,0.4,"Borja Mayoral · 11&rsquor; Domingos Duarte · 90&rsquor;","3","1","Celta Vigo","3-4-3",2,1.5,"Borja Iglesias · 25&rsquor; Iago Aspas · 80&rsquor;","4","0","https://fbref.com/en/matches/4303125c/Getafe-Celta-Vigo-May-24-2025-La-Liga","Celta Vigo","Away",NA,990,636,586,49,15,7,8,21,24,6,1,3,0,541,1,8
"La Liga","2025-05-25","La Liga (Matchweek 38)","Girona","4-4-2",0,0,"","0","0","Atlético Madrid","4-4-2",4,2.7,"Alexander Sørloth · 68&rsquor; Clément Lenglet · 87&rsquor; Alexander Sørloth · 90&rsquor; Alexander Sørloth · 90+3&rsquor;","0","0","https://fbref.com/en/matches/cb8011f0/Girona-Atletico-Madrid-May-25-2025-La-Liga","Girona","Home",NA,990,456,422,34,12,1,3,15,13,1,0,1,0,383,0,12
"La Liga","2025-05-25","La Liga (Matchweek 38)","Girona","4-4-2",0,0,"","0","0","Atlético Madrid","4-4-2",4,2.7,"Alexander Sørloth · 68&rsquor; Clément Lenglet · 87&rsquor; Alexander Sørloth · 90&rsquor; Alexander Sørloth · 90+3&rsquor;","0","0","https://fbref.com/en/matches/cb8011f0/Girona-Atletico-Madrid-May-25-2025-La-Liga","Atlético Madrid","Away",NA,990,591,547,42,12,4,2,12,16,8,5,0,0,518,2,6
"La Liga","2025-05-25","La Liga (Matchweek 38)","Villarreal","4-4-2",4,1.1,"Yeremi Pino · 4&rsquor; Pape Gueye · 8&rsquor; Alex Baena · 39&rsquor; Pape Gueye · 53&rsquor;","0","0","Sevilla","4-2-3-1",2,1.5,"Djibril Sow · 29&rsquor; Ramón Martínez · 85&rsquor;","1","0","https://fbref.com/en/matches/b724ff67/Villarreal-Sevilla-May-25-2025-La-Liga","Villarreal","Home",NA,990,546,501,45,17,1,5,12,9,3,0,2,0,482,0,7
"La Liga","2025-05-25","La Liga (Matchweek 38)","Villarreal","4-4-2",4,1.1,"Yeremi Pino · 4&rsquor; Pape Gueye · 8&rsquor; Alex Baena · 39&rsquor; Pape Gueye · 53&rsquor;","0","0","Sevilla","4-2-3-1",2,1.5,"Djibril Sow · 29&rsquor; Ramón Martínez · 85&rsquor;","1","0","https://fbref.com/en/matches/b724ff67/Villarreal-Sevilla-May-25-2025-La-Liga","Sevilla","Away",NA,990,531,487,41,8,1,7,18,15,5,2,2,0,461,3,8
"La Liga","2025-05-25","La Liga (Matchweek 38)","Athletic Club","4-2-3-1",0,1.2,"","1","0","Barcelona","4-2-3-1",3,3.5,"Robert Lewandowski · 14&rsquor; Robert Lewandowski · 17&rsquor; Dani Olmo (P) · 90+4&rsquor;","0","0","https://fbref.com/en/matches/20bdd334/Athletic-Club-Barcelona-May-25-2025-La-Liga","Athletic Club","Home",NA,990,250,213,31,9,3,3,13,11,2,1,1,0,186,6,4
"La Liga","2025-05-25","La Liga (Matchweek 38)","Athletic Club","4-2-3-1",0,1.2,"","1","0","Barcelona","4-2-3-1",3,3.5,"Robert Lewandowski · 14&rsquor; Robert Lewandowski · 17&rsquor; Dani Olmo (P) · 90+4&rsquor;","0","0","https://fbref.com/en/matches/20bdd334/Athletic-Club-Barcelona-May-25-2025-La-Liga","Barcelona","Away",NA,990,755,698,56,26,7,4,12,16,6,2,1,0,686,1,7
