"League","Match_Date","Matchweek","Home_Team","Home_Formation","Home_Score","Home_xG","Home_Goals","Home_Yellow_Cards","Home_Red_Cards","Away_Team","Away_Formation","Away_Score","Away_xG","Away_Goals","Away_Yellow_Cards","Away_Red_Cards","Game_URL","Team","Home_Away","Player_Href","Min","Att","Live_Pass_Types","Dead_Pass_Types","FK_Pass_Types","TB_Pass_Types","Sw_Pass_Types","Crs_Pass_Types","TI_Pass_Types","CK_Pass_Types","In_Corner_Kicks","Out_Corner_Kicks","Str_Corner_Kicks","Cmp_Outcomes","Off_Outcomes","Blocks_Outcomes"
"Liga F","2024-09-06","Liga F (Matchweek 1)","Espanyol","4-2-3-1",0,0.3,NA,"1","0","Real Madrid","4-2-3-1",5,4.4,"María Méndez · 13&rsquor; Caroline Weir · 24&rsquor; Caroline Weir · 56&rsquor; Athenea del Castillo · 58&rsquor; Maite Oroz · 84&rsquor;","0","0","https://fbref.com/en/matches/0a5eb97d/Espanyol-Real-Madrid-September-6-2024-Liga-F","Espanyol","Home",NA,990,287,224,60,13,0,1,14,25,5,1,0,0,190,3,14
"Liga F","2024-09-06","Liga F (Matchweek 1)","Espanyol","4-2-3-1",0,0.3,NA,"1","0","Real Madrid","4-2-3-1",5,4.4,"María Méndez · 13&rsquor; Caroline Weir · 24&rsquor; Caroline Weir · 56&rsquor; Athenea del Castillo · 58&rsquor; Maite Oroz · 84&rsquor;","0","0","https://fbref.com/en/matches/0a5eb97d/Espanyol-Real-Madrid-September-6-2024-Liga-F","Real Madrid","Away",NA,990,607,557,46,11,2,0,24,19,8,7,1,0,504,4,12
"Liga F","2024-09-07","Liga F (Matchweek 1)","Madrid CFF","3-4-1-2",2,1.7,"Kamilla Melgård · 45+2&rsquor; Kayla McKenna · 61&rsquor;","1","0","UDG Tenerife","4-3-3",1,0.7,"Jassina Blom · 32&rsquor;","0","0","https://fbref.com/en/matches/6b37f27e/Madrid-CFF-UDG-Tenerife-September-7-2024-Liga-F","Madrid CFF","Home",NA,990,468,396,70,16,0,3,20,41,3,0,2,0,345,2,8
"Liga F","2024-09-07","Liga F (Matchweek 1)","Madrid CFF","3-4-1-2",2,1.7,"Kamilla Melgård · 45+2&rsquor; Kayla McKenna · 61&rsquor;","1","0","UDG Tenerife","4-3-3",1,0.7,"Jassina Blom · 32&rsquor;","0","0","https://fbref.com/en/matches/6b37f27e/Madrid-CFF-UDG-Tenerife-September-7-2024-Liga-F","UDG Tenerife","Away",NA,990,349,297,49,5,0,0,12,24,3,2,1,0,237,3,7
"Liga F","2024-09-07","Liga F (Matchweek 1)","Eibar","3-1-4-2",2,1.5,"Ane Campos · 40&rsquor; Esperanza Pizarro · 47&rsquor;","2","0","Real Betis","4-3-3",0,0.4,"","2","0","https://fbref.com/en/matches/a4381d95/Eibar-Real-Betis-September-7-2024-Liga-F","Eibar","Home",NA,990,281,230,47,6,0,4,18,26,2,0,0,0,162,4,10
"Liga F","2024-09-07","Liga F (Matchweek 1)","Eibar","3-1-4-2",2,1.5,"Ane Campos · 40&rsquor; Esperanza Pizarro · 47&rsquor;","2","0","Real Betis","4-3-3",0,0.4,"","2","0","https://fbref.com/en/matches/a4381d95/Eibar-Real-Betis-September-7-2024-Liga-F","Real Betis","Away",NA,990,476,418,57,17,1,1,22,26,4,3,0,0,351,1,6
"Liga F","2024-09-07","Liga F (Matchweek 1)","Sevilla","3-4-1-2",3,0.8,"Natalia Padilla-Bidas · 28&rsquor; Fatoumata Kanteh · 69&rsquor; Fatoumata Kanteh · 73&rsquor;","2","0","Real Sociedad","4-1-2-1-2",2,1.1,"Nerea Eizaguirre · 66&rsquor; Claire Lavogez · 90&rsquor;","1","0","https://fbref.com/en/matches/ced6e259/Sevilla-Real-Sociedad-September-7-2024-Liga-F","Sevilla","Home",NA,990,296,249,47,10,1,2,9,22,0,0,0,0,193,0,5
"Liga F","2024-09-07","Liga F (Matchweek 1)","Sevilla","3-4-1-2",3,0.8,"Natalia Padilla-Bidas · 28&rsquor; Fatoumata Kanteh · 69&rsquor; Fatoumata Kanteh · 73&rsquor;","2","0","Real Sociedad","4-1-2-1-2",2,1.1,"Nerea Eizaguirre · 66&rsquor; Claire Lavogez · 90&rsquor;","1","0","https://fbref.com/en/matches/ced6e259/Sevilla-Real-Sociedad-September-7-2024-Liga-F","Real Sociedad","Away",NA,990,745,696,47,8,0,1,21,28,4,2,2,0,644,2,11
"Liga F","2024-09-08","Liga F (Matchweek 1)","Levante","4-4-2",0,1,"","0","0","Athletic Club","4-4-2",1,0.2,"Irene Oguiza · 4&rsquor;","0","0","https://fbref.com/en/matches/830c8329/Levante-Athletic-Club-September-8-2024-Liga-F","Levante","Home",NA,990,585,534,50,12,0,3,19,24,5,3,1,0,473,1,11
"Liga F","2024-09-08","Liga F (Matchweek 1)","Levante","4-4-2",0,1,"","0","0","Athletic Club","4-4-2",1,0.2,"Irene Oguiza · 4&rsquor;","0","0","https://fbref.com/en/matches/830c8329/Levante-Athletic-Club-September-8-2024-Liga-F","Athletic Club","Away",NA,990,424,360,63,14,1,0,13,28,4,3,0,0,302,1,15
"Liga F","2024-09-08","Liga F (Matchweek 1)","Deportivo La Coruña","5-4-1",0,0.2,"","1","0","Barcelona","4-3-3",3,3.6,"Ewa Pajor · 58&rsquor; Esmee Brugts · 71&rsquor; Ewa Pajor · 88&rsquor;","4","0","https://fbref.com/en/matches/021164cb/Deportivo-La-Coruna-Barcelona-September-8-2024-Liga-F","Deportivo La Coruña","Home",NA,990,232,180,52,12,0,0,4,17,0,0,0,0,153,0,5
"Liga F","2024-09-08","Liga F (Matchweek 1)","Deportivo La Coruña","5-4-1",0,0.2,"","1","0","Barcelona","4-3-3",3,3.6,"Ewa Pajor · 58&rsquor; Esmee Brugts · 71&rsquor; Ewa Pajor · 88&rsquor;","4","0","https://fbref.com/en/matches/021164cb/Deportivo-La-Coruna-Barcelona-September-8-2024-Liga-F","Barcelona","Away",NA,990,763,723,39,5,1,4,45,23,9,6,0,0,654,1,11
"Liga F","2024-09-08","Liga F (Matchweek 1)","Valencia","4-3-3",1,0.7,"Asun Martínez · 4&rsquor;","2","0","Levante Las Planas","4-3-3",1,1.3,"María Llompart · 65&rsquor;","2","0","https://fbref.com/en/matches/9e894a84/Valencia-Levante-Las-Planas-September-8-2024-Liga-F","Valencia","Home",NA,990,444,393,49,14,0,1,11,21,3,1,2,0,354,2,7
"Liga F","2024-09-08","Liga F (Matchweek 1)","Valencia","4-3-3",1,0.7,"Asun Martínez · 4&rsquor;","2","0","Levante Las Planas","4-3-3",1,1.3,"María Llompart · 65&rsquor;","2","0","https://fbref.com/en/matches/9e894a84/Valencia-Levante-Las-Planas-September-8-2024-Liga-F","Levante Las Planas","Away",NA,990,507,459,46,12,3,6,17,23,3,3,0,0,400,2,9
"Liga F","2024-09-11","Liga F (Matchweek 1)","Atlético Madrid","4-4-2",2,1.9,"Gio Garbelini · 13&rsquor; Sheila Guijarro · 90+2&rsquor;","0","0","Granada","4-3-2-1",0,0.7,"Isabel Álvarez · 75&rsquor;","3","1","https://fbref.com/en/matches/f4d2ae90/Atletico-Madrid-Granada-September-11-2024-Liga-F","Atlético Madrid","Home",NA,990,513,464,48,16,1,1,16,23,4,1,3,0,421,1,5
"Liga F","2024-09-11","Liga F (Matchweek 1)","Atlético Madrid","4-4-2",2,1.9,"Gio Garbelini · 13&rsquor; Sheila Guijarro · 90+2&rsquor;","0","0","Granada","4-3-2-1",0,0.7,"Isabel Álvarez · 75&rsquor;","3","1","https://fbref.com/en/matches/f4d2ae90/Atletico-Madrid-Granada-September-11-2024-Liga-F","Granada","Away",NA,974,423,372,49,8,0,3,21,21,6,5,0,0,318,2,14
"Liga F","2024-09-13","Liga F (Matchweek 2)","Barcelona","4-3-3",3,3.9,"Caroline Graham Hansen · 27&rsquor; Caroline Graham Hansen · 31&rsquor; Alexia Putellas (P) · 63&rsquor;","0","0","Real Sociedad","4-5-1",1,0.3,"Lucia Pardo · 77&rsquor;","0","0","https://fbref.com/en/matches/c8e2fd8a/Barcelona-Real-Sociedad-September-13-2024-Liga-F","Barcelona","Home",NA,990,784,741,42,9,1,4,22,22,5,2,0,0,701,1,12
"Liga F","2024-09-13","Liga F (Matchweek 2)","Barcelona","4-3-3",3,3.9,"Caroline Graham Hansen · 27&rsquor; Caroline Graham Hansen · 31&rsquor; Alexia Putellas (P) · 63&rsquor;","0","0","Real Sociedad","4-5-1",1,0.3,"Lucia Pardo · 77&rsquor;","0","0","https://fbref.com/en/matches/c8e2fd8a/Barcelona-Real-Sociedad-September-13-2024-Liga-F","Real Sociedad","Away",NA,990,516,483,29,7,0,3,2,10,1,1,0,0,448,4,9
"Liga F","2024-09-14","Liga F (Matchweek 2)","UDG Tenerife","4-3-3",4,1.5,"Gift Monday · 22&rsquor; Rinsola Babajide · 28&rsquor; Gift Monday · 40&rsquor; Iglesias De La Cruz · 55&rsquor;","2","0","Sevilla","4-2-3-1",1,1.9,"Nazareth Martín · 61&rsquor;","3","0","https://fbref.com/en/matches/89f61a9a/UDG-Tenerife-Sevilla-September-14-2024-Liga-F","UDG Tenerife","Home",NA,990,278,219,57,12,0,0,13,26,6,5,0,1,159,2,4
"Liga F","2024-09-14","Liga F (Matchweek 2)","UDG Tenerife","4-3-3",4,1.5,"Gift Monday · 22&rsquor; Rinsola Babajide · 28&rsquor; Gift Monday · 40&rsquor; Iglesias De La Cruz · 55&rsquor;","2","0","Sevilla","4-2-3-1",1,1.9,"Nazareth Martín · 61&rsquor;","3","0","https://fbref.com/en/matches/89f61a9a/UDG-Tenerife-Sevilla-September-14-2024-Liga-F","Sevilla","Away",NA,990,454,395,58,12,0,3,19,30,7,7,0,0,330,1,7
"Liga F","2024-09-14","Liga F (Matchweek 2)","Real Betis","4-3-3",0,0.3,"","2","0","Real Madrid","4-2-3-1",3,3.7,"Signe Bruun · 10&rsquor; Signe Bruun · 28&rsquor; Sandie Toletti · 45&rsquor;","1","0","https://fbref.com/en/matches/ea63303f/Real-Betis-Real-Madrid-September-14-2024-Liga-F","Real Betis","Home",NA,990,313,258,52,15,0,4,10,19,2,1,0,0,208,3,13
"Liga F","2024-09-14","Liga F (Matchweek 2)","Real Betis","4-3-3",0,0.3,"","2","0","Real Madrid","4-2-3-1",3,3.7,"Signe Bruun · 10&rsquor; Signe Bruun · 28&rsquor; Sandie Toletti · 45&rsquor;","1","0","https://fbref.com/en/matches/ea63303f/Real-Betis-Real-Madrid-September-14-2024-Liga-F","Real Madrid","Away",NA,990,548,498,46,16,0,4,27,17,7,6,0,0,462,4,8
"Liga F","2024-09-14","Liga F (Matchweek 2)","Levante Las Planas","4-2-3-1",2,1.5,"Ghizlane Chebbak · 29&rsquor; Irina Uribe · 87&rsquor;","2","0","Levante","4-4-2",0,0.3,"","0","0","https://fbref.com/en/matches/031211f6/Levante-Las-Planas-Levante-September-14-2024-Liga-F","Levante Las Planas","Home",NA,990,396,345,49,17,0,2,8,21,4,1,3,0,272,2,5
"Liga F","2024-09-14","Liga F (Matchweek 2)","Levante Las Planas","4-2-3-1",2,1.5,"Ghizlane Chebbak · 29&rsquor; Irina Uribe · 87&rsquor;","2","0","Levante","4-4-2",0,0.3,"","0","0","https://fbref.com/en/matches/031211f6/Levante-Las-Planas-Levante-September-14-2024-Liga-F","Levante","Away",NA,990,527,469,55,17,0,0,13,29,3,2,1,0,389,3,17
"Liga F","2024-09-15","Liga F (Matchweek 2)","Madrid CFF","4-4-2",2,2.5,"Kamilla Melgård · 69&rsquor; Bárbara López · 89&rsquor;","1","0","Espanyol","4-3-3",1,1.5,"Ainoa Campo · 61&rsquor;","1","0","https://fbref.com/en/matches/3a1dcee7/Madrid-CFF-Espanyol-September-15-2024-Liga-F","Madrid CFF","Home",NA,990,369,299,66,14,0,2,16,35,4,0,2,0,245,4,8
"Liga F","2024-09-15","Liga F (Matchweek 2)","Madrid CFF","4-4-2",2,2.5,"Kamilla Melgård · 69&rsquor; Bárbara López · 89&rsquor;","1","0","Espanyol","4-3-3",1,1.5,"Ainoa Campo · 61&rsquor;","1","0","https://fbref.com/en/matches/3a1dcee7/Madrid-CFF-Espanyol-September-15-2024-Liga-F","Espanyol","Away",NA,990,327,275,51,13,0,1,25,20,6,3,1,0,224,1,12
"Liga F","2024-09-15","Liga F (Matchweek 2)","Athletic Club","4-1-2-1-2",2,0.9,"Nahikari García · 30&rsquor; Nerea Nevado · 89&rsquor;","2","0","Granada","4-3-3",1,1.3,"Laura Requena · 12&rsquor;","1","0","https://fbref.com/en/matches/b7825875/Athletic-Club-Granada-September-15-2024-Liga-F","Athletic Club","Home",NA,990,330,259,70,17,1,0,8,36,3,3,0,0,208,1,8
"Liga F","2024-09-15","Liga F (Matchweek 2)","Athletic Club","4-1-2-1-2",2,0.9,"Nahikari García · 30&rsquor; Nerea Nevado · 89&rsquor;","2","0","Granada","4-3-3",1,1.3,"Laura Requena · 12&rsquor;","1","0","https://fbref.com/en/matches/b7825875/Athletic-Club-Granada-September-15-2024-Liga-F","Granada","Away",NA,990,421,367,52,10,0,2,31,26,6,1,5,0,276,2,11
"Liga F","2024-09-15","Liga F (Matchweek 2)","Atlético Madrid","4-3-3",2,3.4,"Lauren · 23&rsquor; Lauren · 37&rsquor;","1","0","Deportivo La Coruña","3-4-3",1,0.3,"Ana de Teresa · 74&rsquor;","4","0","https://fbref.com/en/matches/26306811/Atletico-Madrid-Deportivo-La-Coruna-September-15-2024-Liga-F","Atlético Madrid","Home",NA,990,594,545,47,8,0,3,26,21,9,0,0,6,506,2,14
"Liga F","2024-09-15","Liga F (Matchweek 2)","Atlético Madrid","4-3-3",2,3.4,"Lauren · 23&rsquor; Lauren · 37&rsquor;","1","0","Deportivo La Coruña","3-4-3",1,0.3,"Ana de Teresa · 74&rsquor;","4","0","https://fbref.com/en/matches/26306811/Atletico-Madrid-Deportivo-La-Coruna-September-15-2024-Liga-F","Deportivo La Coruña","Away",NA,990,360,319,41,9,0,1,10,18,3,2,0,0,274,0,9
"Liga F","2024-09-15","Liga F (Matchweek 2)","Eibar","3-1-4-2",2,0.7,"Elba Vergés Prats · 5&rsquor; Margherita Monnecchi · 82&rsquor;","0","0","Valencia","4-2-3-1",0,0.2,"","3","0","https://fbref.com/en/matches/1c288af3/Eibar-Valencia-September-15-2024-Liga-F","Eibar","Home",NA,990,310,266,41,16,0,0,14,14,3,1,1,0,184,3,9
"Liga F","2024-09-15","Liga F (Matchweek 2)","Eibar","3-1-4-2",2,0.7,"Elba Vergés Prats · 5&rsquor; Margherita Monnecchi · 82&rsquor;","0","0","Valencia","4-2-3-1",0,0.2,"","3","0","https://fbref.com/en/matches/1c288af3/Eibar-Valencia-September-15-2024-Liga-F","Valencia","Away",NA,990,597,538,54,12,0,0,26,28,3,0,3,0,458,5,20
"Liga F","2024-09-21","Liga F (Matchweek 3)","Levante","4-4-2",1,1.6,"Érika González (P) · 4&rsquor;","2","0","Real Sociedad","4-3-3",2,1.8,"Amaiur Sarriegi · 60&rsquor; Amaiur Sarriegi · 81&rsquor;","0","0","https://fbref.com/en/matches/59e156b0/Levante-Real-Sociedad-September-21-2024-Liga-F","Levante","Home",NA,990,420,370,50,10,0,1,21,21,6,2,4,0,319,0,12
"Liga F","2024-09-21","Liga F (Matchweek 3)","Levante","4-4-2",1,1.6,"Érika González (P) · 4&rsquor;","2","0","Real Sociedad","4-3-3",2,1.8,"Amaiur Sarriegi · 60&rsquor; Amaiur Sarriegi · 81&rsquor;","0","0","https://fbref.com/en/matches/59e156b0/Levante-Real-Sociedad-September-21-2024-Liga-F","Real Sociedad","Away",NA,990,517,458,55,7,1,0,11,34,6,3,1,0,423,4,11
"Liga F","2024-09-21","Liga F (Matchweek 3)","Granada","3-4-3",2,1,"Edna Imade · 85&rsquor; Edna Imade · 90+3&rsquor;","0","0","Eibar","3-4-3",0,0.4,"","3","0","https://fbref.com/en/matches/3ee3bc21/Granada-Eibar-September-21-2024-Liga-F","Granada","Home",NA,990,479,409,66,12,1,1,26,35,9,6,1,0,334,4,10
"Liga F","2024-09-21","Liga F (Matchweek 3)","Granada","3-4-3",2,1,"Edna Imade · 85&rsquor; Edna Imade · 90+3&rsquor;","0","0","Eibar","3-4-3",0,0.4,"","3","0","https://fbref.com/en/matches/3ee3bc21/Granada-Eibar-September-21-2024-Liga-F","Eibar","Away",NA,990,247,192,55,12,0,3,8,28,1,0,1,0,121,0,7
"Liga F","2024-09-21","Liga F (Matchweek 3)","Levante Las Planas","3-5-2",1,2.2,"María Llompart (P) · 45+2&rsquor;","3","0","Madrid CFF","4-2-3-1",0,0.5,"","2","0","https://fbref.com/en/matches/a523cdfc/Levante-Las-Planas-Madrid-CFF-September-21-2024-Liga-F","Levante Las Planas","Home",NA,990,420,378,38,7,0,0,10,15,6,5,0,0,326,4,5
"Liga F","2024-09-21","Liga F (Matchweek 3)","Levante Las Planas","3-5-2",1,2.2,"María Llompart (P) · 45+2&rsquor;","3","0","Madrid CFF","4-2-3-1",0,0.5,"","2","0","https://fbref.com/en/matches/a523cdfc/Levante-Las-Planas-Madrid-CFF-September-21-2024-Liga-F","Madrid CFF","Away",NA,990,496,427,69,16,0,0,13,28,7,2,3,0,378,0,9
"Liga F","2024-09-21","Liga F (Matchweek 3)","Sevilla","4-3-3",0,0.2,"","2","0","Barcelona","4-3-3",1,2.7,"Aitana Bonmatí · 69&rsquor;","0","0","https://fbref.com/en/matches/2057f47e/Sevilla-Barcelona-September-21-2024-Liga-F","Sevilla","Home",NA,990,251,204,44,8,0,1,4,12,0,0,0,0,148,3,5
"Liga F","2024-09-21","Liga F (Matchweek 3)","Sevilla","4-3-3",0,0.2,"","2","0","Barcelona","4-3-3",1,2.7,"Aitana Bonmatí · 69&rsquor;","0","0","https://fbref.com/en/matches/2057f47e/Sevilla-Barcelona-September-21-2024-Liga-F","Barcelona","Away",NA,990,742,695,45,9,1,3,26,20,11,6,0,0,618,2,8
"Liga F","2024-09-22","Liga F (Matchweek 3)","Valencia","4-3-3",0,0.5,"","1","0","Atlético Madrid","4-3-3",4,1.7,"Gabriela García · 15&rsquor; Sheila Guijarro · 26&rsquor; Rasheedat Ajibade · 37&rsquor; Rasheedat Ajibade · 90&rsquor;","0","0","https://fbref.com/en/matches/897d5c5d/Valencia-Atletico-Madrid-September-22-2024-Liga-F","Valencia","Home",NA,990,338,298,40,7,0,2,17,14,3,1,0,1,260,0,11
"Liga F","2024-09-22","Liga F (Matchweek 3)","Valencia","4-3-3",0,0.5,"","1","0","Atlético Madrid","4-3-3",4,1.7,"Gabriela García · 15&rsquor; Sheila Guijarro · 26&rsquor; Rasheedat Ajibade · 37&rsquor; Rasheedat Ajibade · 90&rsquor;","0","0","https://fbref.com/en/matches/897d5c5d/Valencia-Atletico-Madrid-September-22-2024-Liga-F","Atlético Madrid","Away",NA,990,649,599,48,10,0,1,22,26,5,3,2,0,557,2,9
"Liga F","2024-09-22","Liga F (Matchweek 3)","Espanyol","4-3-3",0,0.8,"Mar Torrás · 82&rsquor;","4","1","UDG Tenerife","4-3-3",0,0.6,"María José Pérez · 90+3&rsquor;","3","1","https://fbref.com/en/matches/a7e5ca36/Espanyol-UDG-Tenerife-September-22-2024-Liga-F","Espanyol","Home",NA,981,322,258,63,16,0,0,12,33,5,3,2,0,199,1,7
"Liga F","2024-09-22","Liga F (Matchweek 3)","Espanyol","4-3-3",0,0.8,"Mar Torrás · 82&rsquor;","4","1","UDG Tenerife","4-3-3",0,0.6,"María José Pérez · 90+3&rsquor;","3","1","https://fbref.com/en/matches/a7e5ca36/Espanyol-UDG-Tenerife-September-22-2024-Liga-F","UDG Tenerife","Away",NA,989,496,439,55,17,0,1,14,25,3,2,1,0,362,2,9
"Liga F","2024-09-22","Liga F (Matchweek 3)","Deportivo La Coruña","4-3-3",0,1.4,"","4","0","Real Betis","4-3-3",0,1.1,"","3","0","https://fbref.com/en/matches/b72597b0/Deportivo-La-Coruna-Real-Betis-September-22-2024-Liga-F","Deportivo La Coruña","Home",NA,990,456,400,52,15,0,1,23,21,8,2,4,0,347,4,8
"Liga F","2024-09-22","Liga F (Matchweek 3)","Deportivo La Coruña","4-3-3",0,1.4,"","4","0","Real Betis","4-3-3",0,1.1,"","3","0","https://fbref.com/en/matches/b72597b0/Deportivo-La-Coruna-Real-Betis-September-22-2024-Liga-F","Real Betis","Away",NA,990,347,297,49,15,0,1,12,21,6,6,0,0,227,1,9
"Liga F","2024-09-22","Liga F (Matchweek 3)","Real Madrid","3-5-2",2,1.7,"Olga Carmona (P) · 18&rsquor; Maite Zubieta (OG) · 23&rsquor;","3","0","Athletic Club","4-4-2",0,0.9,"","2","0","https://fbref.com/en/matches/759ed6f2/Real-Madrid-Athletic-Club-September-22-2024-Liga-F","Real Madrid","Home",NA,990,443,396,47,15,0,5,17,20,2,1,0,0,357,0,7
"Liga F","2024-09-22","Liga F (Matchweek 3)","Real Madrid","3-5-2",2,1.7,"Olga Carmona (P) · 18&rsquor; Maite Zubieta (OG) · 23&rsquor;","3","0","Athletic Club","4-4-2",0,0.9,"","2","0","https://fbref.com/en/matches/759ed6f2/Real-Madrid-Athletic-Club-September-22-2024-Liga-F","Athletic Club","Away",NA,990,503,432,70,17,0,0,20,30,8,4,1,0,390,1,14
"Liga F","2024-09-27","Liga F (Matchweek 4)","Atlético Madrid","4-2-3-1",4,1.6,"Rasheedat Ajibade · 21&rsquor; Rasheedat Ajibade · 51&rsquor; Rasheedat Ajibade · 90+1&rsquor; Synne Jensen · 90+4&rsquor;","2","0","Madrid CFF","5-4-1",0,0.8,"","0","0","https://fbref.com/en/matches/9cc08eff/Atletico-Madrid-Madrid-CFF-September-27-2024-Liga-F","Atlético Madrid","Home",NA,990,535,487,46,5,0,0,8,27,4,2,1,0,421,2,7
"Liga F","2024-09-27","Liga F (Matchweek 4)","Atlético Madrid","4-2-3-1",4,1.6,"Rasheedat Ajibade · 21&rsquor; Rasheedat Ajibade · 51&rsquor; Rasheedat Ajibade · 90+1&rsquor; Synne Jensen · 90+4&rsquor;","2","0","Madrid CFF","5-4-1",0,0.8,"","0","0","https://fbref.com/en/matches/9cc08eff/Atletico-Madrid-Madrid-CFF-September-27-2024-Liga-F","Madrid CFF","Away",NA,990,417,367,50,13,0,5,13,14,6,3,1,0,299,0,6
"Liga F","2024-09-28","Liga F (Matchweek 4)","Eibar","3-1-4-2",0,0.3,"María Miralles · 27&rsquor;","0","1","Levante","4-4-2",3,1.1,"Estela Carbonell · 45+1&rsquor; Ivonne Chacón · 75&rsquor; Ivonne Chacón · 88&rsquor;","0","0","https://fbref.com/en/matches/bd33b850/Eibar-Levante-September-28-2024-Liga-F","Eibar","Home",NA,926,236,176,60,15,0,1,10,29,3,0,2,0,126,0,13
"Liga F","2024-09-28","Liga F (Matchweek 4)","Eibar","3-1-4-2",0,0.3,"María Miralles · 27&rsquor;","0","1","Levante","4-4-2",3,1.1,"Estela Carbonell · 45+1&rsquor; Ivonne Chacón · 75&rsquor; Ivonne Chacón · 88&rsquor;","0","0","https://fbref.com/en/matches/bd33b850/Eibar-Levante-September-28-2024-Liga-F","Levante","Away",NA,990,678,637,38,5,0,4,15,24,3,2,1,0,569,3,8
"Liga F","2024-09-28","Liga F (Matchweek 4)","Real Betis","4-3-3",0,0.2,"","4","0","Espanyol","4-3-3",0,0.7,"","3","0","https://fbref.com/en/matches/4d9ced6a/Real-Betis-Espanyol-September-28-2024-Liga-F","Real Betis","Home",NA,990,378,327,48,15,0,1,5,23,1,1,0,0,279,3,8
"Liga F","2024-09-28","Liga F (Matchweek 4)","Real Betis","4-3-3",0,0.2,"","4","0","Espanyol","4-3-3",0,0.7,"","3","0","https://fbref.com/en/matches/4d9ced6a/Real-Betis-Espanyol-September-28-2024-Liga-F","Espanyol","Away",NA,990,268,211,55,12,0,1,17,32,3,3,0,0,153,2,15
"Liga F","2024-09-28","Liga F (Matchweek 4)","Barcelona","4-2-3-1",10,6.9,"Ewa Pajor · 2&rsquor; Marta Torrejón · 35&rsquor; Alexia Putellas (P) · 44&rsquor; Cristina Postigo (OG) · 45+1&rsquor; Ewa Pajor · 45+3&rsquor; Fridolina Rolfö · 60&rsquor; Caroline Graham Hansen · 65&rsquor; Ewa Pajor · 69&rsquor; Aitana Bonmatí · 78&rsquor; Alexia Putellas (P) · 90+3&rsquor;","0","0","Granada","4-2-3-1",1,0.3,"Ornella Vignola · 55&rsquor;","1","0","https://fbref.com/en/matches/e6ac08db/Barcelona-Granada-September-28-2024-Liga-F","Barcelona","Home",NA,990,691,644,42,12,0,2,7,22,4,4,0,0,604,5,5
"Liga F","2024-09-28","Liga F (Matchweek 4)","Barcelona","4-2-3-1",10,6.9,"Ewa Pajor · 2&rsquor; Marta Torrejón · 35&rsquor; Alexia Putellas (P) · 44&rsquor; Cristina Postigo (OG) · 45+1&rsquor; Ewa Pajor · 45+3&rsquor; Fridolina Rolfö · 60&rsquor; Caroline Graham Hansen · 65&rsquor; Ewa Pajor · 69&rsquor; Aitana Bonmatí · 78&rsquor; Alexia Putellas (P) · 90+3&rsquor;","0","0","Granada","4-2-3-1",1,0.3,"Ornella Vignola · 55&rsquor;","1","0","https://fbref.com/en/matches/e6ac08db/Barcelona-Granada-September-28-2024-Liga-F","Granada","Away",NA,990,287,247,38,9,0,2,3,9,1,0,1,0,188,2,6
"Liga F","2024-09-28","Liga F (Matchweek 4)","Deportivo La Coruña","4-3-3",2,0.8,"Olaya Rodríguez · 27&rsquor; Ana de Teresa · 83&rsquor;","2","0","Athletic Club","4-1-2-1-2",2,1.4,"Maite Zubieta · 47&rsquor; Maite Valero · 90&rsquor;","2","0","https://fbref.com/en/matches/ad6ddfdb/Deportivo-La-Coruna-Athletic-Club-September-28-2024-Liga-F","Deportivo La Coruña","Home",NA,990,361,314,45,13,1,0,6,19,1,1,0,0,258,2,8
"Liga F","2024-09-28","Liga F (Matchweek 4)","Deportivo La Coruña","4-3-3",2,0.8,"Olaya Rodríguez · 27&rsquor; Ana de Teresa · 83&rsquor;","2","0","Athletic Club","4-1-2-1-2",2,1.4,"Maite Zubieta · 47&rsquor; Maite Valero · 90&rsquor;","2","0","https://fbref.com/en/matches/ad6ddfdb/Deportivo-La-Coruna-Athletic-Club-September-28-2024-Liga-F","Athletic Club","Away",NA,990,581,525,54,12,0,0,31,31,5,4,1,0,460,2,11
"Liga F","2024-09-29","Liga F (Matchweek 4)","Valencia","4-3-3",1,1.6,"Phornetia Browne · 77&rsquor;","2","0","Sevilla","4-3-3",3,1,"Antonia Canales (OG) · 14&rsquor; Natalia Padilla-Bidas · 51&rsquor; Natalia Padilla-Bidas (P) · 85&rsquor;","1","0","https://fbref.com/en/matches/0b287848/Valencia-Sevilla-September-29-2024-Liga-F","Valencia","Home",NA,990,511,457,51,10,1,1,21,28,4,2,2,0,396,3,6
"Liga F","2024-09-29","Liga F (Matchweek 4)","Valencia","4-3-3",1,1.6,"Phornetia Browne · 77&rsquor;","2","0","Sevilla","4-3-3",3,1,"Antonia Canales (OG) · 14&rsquor; Natalia Padilla-Bidas · 51&rsquor; Natalia Padilla-Bidas (P) · 85&rsquor;","1","0","https://fbref.com/en/matches/0b287848/Valencia-Sevilla-September-29-2024-Liga-F","Sevilla","Away",NA,990,366,315,51,14,1,0,7,22,2,1,1,0,273,0,8
"Liga F","2024-09-29","Liga F (Matchweek 4)","Real Sociedad","4-3-3",2,1.5,"Manuela Vanegas · 41&rsquor; Sanni Franssi · 79&rsquor;","2","0","Levante Las Planas","4-2-3-1",1,1,"Ana González (P) · 20&rsquor;","2","0","https://fbref.com/en/matches/c8d52e5a/Real-Sociedad-Levante-Las-Planas-September-29-2024-Liga-F","Real Sociedad","Home",NA,990,606,544,58,14,0,0,13,31,6,2,3,0,483,4,19
"Liga F","2024-09-29","Liga F (Matchweek 4)","Real Sociedad","4-3-3",2,1.5,"Manuela Vanegas · 41&rsquor; Sanni Franssi · 79&rsquor;","2","0","Levante Las Planas","4-2-3-1",1,1,"Ana González (P) · 20&rsquor;","2","0","https://fbref.com/en/matches/c8d52e5a/Real-Sociedad-Levante-Las-Planas-September-29-2024-Liga-F","Levante Las Planas","Away",NA,990,280,232,48,14,0,5,2,25,1,1,0,0,180,0,13
"Liga F","2024-09-29","Liga F (Matchweek 4)","UDG Tenerife","4-3-3",1,0.8,"Rinsola Babajide (P) · 35&rsquor;","0","0","Real Madrid","4-2-3-1",4,2.6,"Caroline Møller · 29&rsquor; Linda Caicedo · 31&rsquor; Caroline Møller · 45&rsquor; Filippa Angeldahl · 90+2&rsquor;","2","0","https://fbref.com/en/matches/2fb61386/UDG-Tenerife-Real-Madrid-September-29-2024-Liga-F","UDG Tenerife","Home",NA,990,452,402,46,6,0,1,11,27,1,1,0,0,348,4,6
"Liga F","2024-09-29","Liga F (Matchweek 4)","UDG Tenerife","4-3-3",1,0.8,"Rinsola Babajide (P) · 35&rsquor;","0","0","Real Madrid","4-2-3-1",4,2.6,"Caroline Møller · 29&rsquor; Linda Caicedo · 31&rsquor; Caroline Møller · 45&rsquor; Filippa Angeldahl · 90+2&rsquor;","2","0","https://fbref.com/en/matches/2fb61386/UDG-Tenerife-Real-Madrid-September-29-2024-Liga-F","Real Madrid","Away",NA,990,519,460,59,16,0,4,13,28,4,3,1,0,410,0,11
"Liga F","2024-10-04","Liga F (Matchweek 5)","Real Madrid","4-2-3-1",1,1.6,"Olga Carmona · 26&rsquor;","4","0","Valencia","4-2-3-1",0,0.2,"","1","0","https://fbref.com/en/matches/ab8a3551/Real-Madrid-Valencia-October-4-2024-Liga-F","Real Madrid","Home",NA,990,605,549,54,8,0,2,29,32,9,7,0,0,503,2,10
"Liga F","2024-10-04","Liga F (Matchweek 5)","Real Madrid","4-2-3-1",1,1.6,"Olga Carmona · 26&rsquor;","4","0","Valencia","4-2-3-1",0,0.2,"","1","0","https://fbref.com/en/matches/ab8a3551/Real-Madrid-Valencia-October-4-2024-Liga-F","Valencia","Away",NA,990,312,256,52,17,0,0,7,18,2,1,0,0,210,4,8
"Liga F","2024-10-05","Liga F (Matchweek 5)","Athletic Club","3-4-3",0,0.5,"","0","0","Atlético Madrid","4-4-2",2,1.2,"Maddi Torre (OG) · 60&rsquor; Maddi Torre (OG) · 90+1&rsquor;","0","0","https://fbref.com/en/matches/047f3689/Athletic-Club-Atletico-Madrid-October-5-2024-Liga-F","Athletic Club","Home",NA,990,487,436,49,9,0,3,9,25,1,1,0,0,392,2,7
"Liga F","2024-10-05","Liga F (Matchweek 5)","Athletic Club","3-4-3",0,0.5,"","0","0","Atlético Madrid","4-4-2",2,1.2,"Maddi Torre (OG) · 60&rsquor; Maddi Torre (OG) · 90+1&rsquor;","0","0","https://fbref.com/en/matches/047f3689/Athletic-Club-Atletico-Madrid-October-5-2024-Liga-F","Atlético Madrid","Away",NA,990,627,592,33,8,1,1,26,10,4,3,1,0,539,2,7
"Liga F","2024-10-05","Liga F (Matchweek 5)","Madrid CFF","4-1-4-1",1,0.7,"Allegra Poljak · 15&rsquor;","1","0","Barcelona","4-3-3",8,4.7,"Keira Walsh · 49&rsquor; Ewa Pajor · 59&rsquor; Victoria López · 61&rsquor; Alexia Putellas · 72&rsquor; Keira Walsh · 79&rsquor; Ingrid Syrstad Engen · 80&rsquor; Ona Batlle · 88&rsquor; Jana Fernández · 90+2&rsquor;","1","0","https://fbref.com/en/matches/76ebed88/Madrid-CFF-Barcelona-October-5-2024-Liga-F","Madrid CFF","Home",NA,990,261,210,50,4,0,2,4,12,1,1,0,0,168,1,5
"Liga F","2024-10-05","Liga F (Matchweek 5)","Madrid CFF","4-1-4-1",1,0.7,"Allegra Poljak · 15&rsquor;","1","0","Barcelona","4-3-3",8,4.7,"Keira Walsh · 49&rsquor; Ewa Pajor · 59&rsquor; Victoria López · 61&rsquor; Alexia Putellas · 72&rsquor; Keira Walsh · 79&rsquor; Ingrid Syrstad Engen · 80&rsquor; Ona Batlle · 88&rsquor; Jana Fernández · 90+2&rsquor;","1","0","https://fbref.com/en/matches/76ebed88/Madrid-CFF-Barcelona-October-5-2024-Liga-F","Barcelona","Away",NA,990,727,681,44,8,0,3,37,21,10,5,2,0,620,2,7
"Liga F","2024-10-05","Liga F (Matchweek 5)","Levante","4-4-2",0,0.4,"","5","0","Sevilla","4-2-3-1",0,1,"","1","0","https://fbref.com/en/matches/3047620b/Levante-Sevilla-October-5-2024-Liga-F","Levante","Home",NA,990,491,430,60,12,0,0,16,35,3,2,1,0,368,1,20
"Liga F","2024-10-05","Liga F (Matchweek 5)","Levante","4-4-2",0,0.4,"","5","0","Sevilla","4-2-3-1",0,1,"","1","0","https://fbref.com/en/matches/3047620b/Levante-Sevilla-October-5-2024-Liga-F","Sevilla","Away",NA,990,372,317,51,16,0,2,13,25,3,2,0,0,262,4,9
"Liga F","2024-10-06","Liga F (Matchweek 5)","Granada","4-2-3-1",0,0.6,"","3","0","Real Sociedad","4-1-2-1-2",2,0.6,"Manuela Vanegas · 67&rsquor; Klára Cahynová · 90+2&rsquor;","1","0","https://fbref.com/en/matches/1db73e9c/Granada-Real-Sociedad-October-6-2024-Liga-F","Granada","Home",NA,990,377,332,44,11,0,2,15,19,2,1,1,0,258,1,9
"Liga F","2024-10-06","Liga F (Matchweek 5)","Granada","4-2-3-1",0,0.6,"","3","0","Real Sociedad","4-1-2-1-2",2,0.6,"Manuela Vanegas · 67&rsquor; Klára Cahynová · 90+2&rsquor;","1","0","https://fbref.com/en/matches/1db73e9c/Granada-Real-Sociedad-October-6-2024-Liga-F","Real Sociedad","Away",NA,990,444,372,70,20,0,2,13,30,7,4,0,3,326,2,10
"Liga F","2024-10-06","Liga F (Matchweek 5)","Real Betis","4-2-3-1",0,0.7,"","3","0","UDG Tenerife","4-3-3",1,1.5,"Gift Monday · 46&rsquor;","2","0","https://fbref.com/en/matches/9cb7ca04/Real-Betis-UDG-Tenerife-October-6-2024-Liga-F","Real Betis","Home",NA,990,432,378,53,16,1,1,7,24,1,0,0,0,308,1,15
"Liga F","2024-10-06","Liga F (Matchweek 5)","Real Betis","4-2-3-1",0,0.7,"","3","0","UDG Tenerife","4-3-3",1,1.5,"Gift Monday · 46&rsquor;","2","0","https://fbref.com/en/matches/9cb7ca04/Real-Betis-UDG-Tenerife-October-6-2024-Liga-F","UDG Tenerife","Away",NA,990,462,415,42,11,2,1,19,19,2,1,1,0,342,5,8
"Liga F","2024-10-06","Liga F (Matchweek 5)","Espanyol","4-2-3-1",2,1.5,"Arola Aparicio · 49&rsquor; Lice Chamorro · 81&rsquor;","1","0","Eibar","3-4-3",1,0.3,"Esperanza Pizarro · 29&rsquor;","1","0","https://fbref.com/en/matches/8f91521a/Espanyol-Eibar-October-6-2024-Liga-F","Espanyol","Home",NA,990,402,336,65,9,0,2,21,39,8,4,2,0,234,1,21
"Liga F","2024-10-06","Liga F (Matchweek 5)","Espanyol","4-2-3-1",2,1.5,"Arola Aparicio · 49&rsquor; Lice Chamorro · 81&rsquor;","1","0","Eibar","3-4-3",1,0.3,"Esperanza Pizarro · 29&rsquor;","1","0","https://fbref.com/en/matches/8f91521a/Espanyol-Eibar-October-6-2024-Liga-F","Eibar","Away",NA,990,364,309,55,10,0,2,16,30,1,1,0,0,218,0,13
"Liga F","2024-10-06","Liga F (Matchweek 5)","Levante Las Planas","4-4-2",1,2.2,"Macarena Portales · 90+1&rsquor;","0","0","Deportivo La Coruña","4-3-3",0,0.2,"","0","0","https://fbref.com/en/matches/c35abe16/Levante-Las-Planas-Deportivo-La-Coruna-October-6-2024-Liga-F","Levante Las Planas","Home",NA,990,486,427,57,14,0,1,18,30,10,4,2,0,359,2,12
"Liga F","2024-10-06","Liga F (Matchweek 5)","Levante Las Planas","4-4-2",1,2.2,"Macarena Portales · 90+1&rsquor;","0","0","Deportivo La Coruña","4-3-3",0,0.2,"","0","0","https://fbref.com/en/matches/c35abe16/Levante-Las-Planas-Deportivo-La-Coruna-October-6-2024-Liga-F","Deportivo La Coruña","Away",NA,990,359,296,62,18,0,0,7,33,1,0,0,0,238,1,11
"Liga F","2024-10-12","Liga F (Matchweek 6)","UDG Tenerife","4-3-3",0,0.4,"","1","0","Levante","3-1-4-2",0,0.5,"","1","0","https://fbref.com/en/matches/d8f6e64a/UDG-Tenerife-Levante-October-12-2024-Liga-F","UDG Tenerife","Home",NA,990,365,308,56,12,0,0,12,31,2,1,0,0,249,1,10
"Liga F","2024-10-12","Liga F (Matchweek 6)","UDG Tenerife","4-3-3",0,0.4,"","1","0","Levante","3-1-4-2",0,0.5,"","1","0","https://fbref.com/en/matches/d8f6e64a/UDG-Tenerife-Levante-October-12-2024-Liga-F","Levante","Away",NA,990,479,420,57,12,2,0,16,32,3,3,0,0,348,2,17
"Liga F","2024-10-12","Liga F (Matchweek 6)","Real Sociedad","4-3-3",4,2.7,"Amaiur Sarriegi · 35&rsquor; Amaiur Sarriegi · 49&rsquor; Elene Guridi · 80&rsquor; Manuela Vanegas · 90+3&rsquor;","1","0","Real Betis","4-2-3-1",0,0.9,"","2","0","https://fbref.com/en/matches/bb1b425a/Real-Sociedad-Real-Betis-October-12-2024-Liga-F","Real Sociedad","Home",NA,990,637,587,49,12,4,1,16,20,5,2,2,1,532,1,9
"Liga F","2024-10-12","Liga F (Matchweek 6)","Real Sociedad","4-3-3",4,2.7,"Amaiur Sarriegi · 35&rsquor; Amaiur Sarriegi · 49&rsquor; Elene Guridi · 80&rsquor; Manuela Vanegas · 90+3&rsquor;","1","0","Real Betis","4-2-3-1",0,0.9,"","2","0","https://fbref.com/en/matches/bb1b425a/Real-Sociedad-Real-Betis-October-12-2024-Liga-F","Real Betis","Away",NA,990,323,274,49,6,1,4,11,26,1,1,0,0,237,0,6
"Liga F","2024-10-12","Liga F (Matchweek 6)","Deportivo La Coruña","4-3-3",1,1.1,"Millene Cabral · 58&rsquor;","2","0","Madrid CFF","3-5-2",0,1.1,"","3","0","https://fbref.com/en/matches/9da9c34b/Deportivo-La-Coruna-Madrid-CFF-October-12-2024-Liga-F","Deportivo La Coruña","Home",NA,990,414,366,48,10,2,0,12,25,3,2,0,0,332,0,7
"Liga F","2024-10-12","Liga F (Matchweek 6)","Deportivo La Coruña","4-3-3",1,1.1,"Millene Cabral · 58&rsquor;","2","0","Madrid CFF","3-5-2",0,1.1,"","3","0","https://fbref.com/en/matches/9da9c34b/Deportivo-La-Coruna-Madrid-CFF-October-12-2024-Liga-F","Madrid CFF","Away",NA,990,441,376,62,13,0,1,22,25,9,5,2,1,337,3,17
"Liga F","2024-10-13","Liga F (Matchweek 6)","Eibar","3-1-4-2",1,0.6,"Arene Altonaga · 69&rsquor;","2","0","Athletic Club","4-3-1-2",2,0.8,"Clara Pinedo · 11&rsquor; Irene Oguiza · 90+3&rsquor;","2","0","https://fbref.com/en/matches/525095c3/Eibar-Athletic-Club-October-13-2024-Liga-F","Eibar","Home",NA,990,374,317,55,15,0,3,12,32,0,0,0,0,244,2,14
"Liga F","2024-10-13","Liga F (Matchweek 6)","Eibar","3-1-4-2",1,0.6,"Arene Altonaga · 69&rsquor;","2","0","Athletic Club","4-3-1-2",2,0.8,"Clara Pinedo · 11&rsquor; Irene Oguiza · 90+3&rsquor;","2","0","https://fbref.com/en/matches/525095c3/Eibar-Athletic-Club-October-13-2024-Liga-F","Athletic Club","Away",NA,990,565,501,61,11,0,1,12,33,3,2,0,0,438,3,17
"Liga F","2024-10-13","Liga F (Matchweek 6)","Valencia","4-2-3-1",0,1.3,"","0","0","Granada","4-4-2",2,1.3,"Laura Requena · 76&rsquor; Andrea Gómez · 90+6&rsquor;","1","0","https://fbref.com/en/matches/6a8acf8d/Valencia-Granada-October-13-2024-Liga-F","Valencia","Home",NA,990,282,218,60,9,0,0,21,32,7,5,2,0,169,4,3
"Liga F","2024-10-13","Liga F (Matchweek 6)","Valencia","4-2-3-1",0,1.3,"","0","0","Granada","4-4-2",2,1.3,"Laura Requena · 76&rsquor; Andrea Gómez · 90+6&rsquor;","1","0","https://fbref.com/en/matches/6a8acf8d/Valencia-Granada-October-13-2024-Liga-F","Granada","Away",NA,990,461,409,51,16,0,2,15,27,0,0,0,0,353,1,9
"Liga F","2024-10-13","Liga F (Matchweek 6)","Sevilla","4-1-4-1",0,0.1,"","1","0","Levante Las Planas","4-4-2",1,1.4,"Sonia García Majarín · 76&rsquor;","0","0","https://fbref.com/en/matches/634094b4/Sevilla-Levante-Las-Planas-October-13-2024-Liga-F","Sevilla","Home",NA,990,346,295,48,13,0,0,8,16,3,2,1,0,251,3,2
"Liga F","2024-10-13","Liga F (Matchweek 6)","Sevilla","4-1-4-1",0,0.1,"","1","0","Levante Las Planas","4-4-2",1,1.4,"Sonia García Majarín · 76&rsquor;","0","0","https://fbref.com/en/matches/634094b4/Sevilla-Levante-Las-Planas-October-13-2024-Liga-F","Levante Las Planas","Away",NA,990,612,557,50,13,0,0,14,27,6,5,0,0,508,5,15
"Liga F","2024-10-13","Liga F (Matchweek 6)","Barcelona","4-3-3",7,4.7,"Ewa Pajor · 59&rsquor; Alexia Putellas · 62&rsquor; Alexia Putellas · 65&rsquor; Claudia Pina · 74&rsquor; Aitana Bonmatí · 79&rsquor; Ewa Pajor · 85&rsquor; Ewa Pajor · 87&rsquor;","2","0","Espanyol","4-3-3",1,0.7,"Simona · 20&rsquor;","2","0","https://fbref.com/en/matches/0be43d8e/Barcelona-Espanyol-October-13-2024-Liga-F","Barcelona","Home",NA,990,771,720,49,12,1,0,14,27,6,4,0,0,665,2,8
"Liga F","2024-10-13","Liga F (Matchweek 6)","Barcelona","4-3-3",7,4.7,"Ewa Pajor · 59&rsquor; Alexia Putellas · 62&rsquor; Alexia Putellas · 65&rsquor; Claudia Pina · 74&rsquor; Aitana Bonmatí · 79&rsquor; Ewa Pajor · 85&rsquor; Ewa Pajor · 87&rsquor;","2","0","Espanyol","4-3-3",1,0.7,"Simona · 20&rsquor;","2","0","https://fbref.com/en/matches/0be43d8e/Barcelona-Espanyol-October-13-2024-Liga-F","Espanyol","Away",NA,990,212,164,47,9,0,1,5,12,2,0,2,0,109,1,9
"Liga F","2024-10-13","Liga F (Matchweek 6)","Real Madrid","4-2-3-1",1,2,"Caroline Weir · 7&rsquor;","1","0","Atlético Madrid","4-2-3-1",1,1.4,"Vilde Bøe Risa (P) · 78&rsquor;","2","0","https://fbref.com/en/matches/76446052/Real-Madrid-Atletico-Madrid-October-13-2024-Liga-F","Real Madrid","Home",NA,990,488,435,53,11,0,3,27,23,12,11,0,0,403,0,9
"Liga F","2024-10-13","Liga F (Matchweek 6)","Real Madrid","4-2-3-1",1,2,"Caroline Weir · 7&rsquor;","1","0","Atlético Madrid","4-2-3-1",1,1.4,"Vilde Bøe Risa (P) · 78&rsquor;","2","0","https://fbref.com/en/matches/76446052/Real-Madrid-Atletico-Madrid-October-13-2024-Liga-F","Atlético Madrid","Away",NA,990,499,465,33,3,0,2,12,15,2,1,0,0,419,1,5
"Liga F","2024-10-19","Liga F (Matchweek 7)","Levante Las Planas","4-4-2",0,0.9,"","2","0","UDG Tenerife","4-3-3",0,0.2,"Fatou Dembele · 31&rsquor;","0","1","https://fbref.com/en/matches/41423dec/Levante-Las-Planas-UDG-Tenerife-October-19-2024-Liga-F","Levante Las Planas","Home",NA,990,623,573,48,7,0,3,24,28,6,6,0,0,502,2,13
"Liga F","2024-10-19","Liga F (Matchweek 7)","Levante Las Planas","4-4-2",0,0.9,"","2","0","UDG Tenerife","4-3-3",0,0.2,"Fatou Dembele · 31&rsquor;","0","1","https://fbref.com/en/matches/41423dec/Levante-Las-Planas-UDG-Tenerife-October-19-2024-Liga-F","UDG Tenerife","Away",NA,930,319,271,46,14,1,0,12,20,2,0,1,0,197,2,8
"Liga F","2024-10-19","Liga F (Matchweek 7)","Granada","4-4-2",1,1.5,"Edna Imade (P) · 57&rsquor;","1","0","Real Betis","4-3-3",2,0.8,"Rosa Marquez · 4&rsquor; Carla Armengol · 75&rsquor;","3","0","https://fbref.com/en/matches/971be932/Granada-Real-Betis-October-19-2024-Liga-F","Granada","Home",NA,990,469,413,50,14,0,8,30,27,3,2,1,0,350,6,8
"Liga F","2024-10-19","Liga F (Matchweek 7)","Granada","4-4-2",1,1.5,"Edna Imade (P) · 57&rsquor;","1","0","Real Betis","4-3-3",2,0.8,"Rosa Marquez · 4&rsquor; Carla Armengol · 75&rsquor;","3","0","https://fbref.com/en/matches/971be932/Granada-Real-Betis-October-19-2024-Liga-F","Real Betis","Away",NA,990,308,254,50,15,2,0,9,24,2,2,0,0,199,4,4
"Liga F","2024-10-19","Liga F (Matchweek 7)","Atlético Madrid","4-4-2",1,0.4,"Rosa Otermín · 41&rsquor;","3","0","Real Sociedad","4-3-3",0,0.7,"","4","0","https://fbref.com/en/matches/e68ca9ab/Atletico-Madrid-Real-Sociedad-October-19-2024-Liga-F","Atlético Madrid","Home",NA,990,442,387,50,18,0,3,12,17,5,5,0,0,357,5,2
"Liga F","2024-10-19","Liga F (Matchweek 7)","Atlético Madrid","4-4-2",1,0.4,"Rosa Otermín · 41&rsquor;","3","0","Real Sociedad","4-3-3",0,0.7,"","4","0","https://fbref.com/en/matches/e68ca9ab/Atletico-Madrid-Real-Sociedad-October-19-2024-Liga-F","Real Sociedad","Away",NA,959,431,389,41,11,0,1,11,18,2,1,1,0,348,1,5
"Liga F","2024-10-19","Liga F (Matchweek 7)","Sevilla","4-2-3-1",1,1.5,"Fatoumata Kanteh · 73&rsquor;","4","0","Espanyol","4-3-3",0,0.5,"","2","0","https://fbref.com/en/matches/842b0f7d/Sevilla-Espanyol-October-19-2024-Liga-F","Sevilla","Home",NA,990,454,400,53,13,0,0,7,28,1,1,0,0,321,1,9
"Liga F","2024-10-19","Liga F (Matchweek 7)","Sevilla","4-2-3-1",1,1.5,"Fatoumata Kanteh · 73&rsquor;","4","0","Espanyol","4-3-3",0,0.5,"","2","0","https://fbref.com/en/matches/842b0f7d/Sevilla-Espanyol-October-19-2024-Liga-F","Espanyol","Away",NA,990,315,255,54,9,0,2,17,30,7,2,4,0,182,6,12
"Liga F","2024-10-20","Liga F (Matchweek 7)","Athletic Club","4-1-3-2",1,2,"Nahikari García (P) · 77&rsquor;","1","0","Valencia","4-2-3-1",1,0.7,"Vitória Almeida · 88&rsquor;","4","0","https://fbref.com/en/matches/34fa7682/Athletic-Club-Valencia-October-20-2024-Liga-F","Athletic Club","Home",NA,990,434,371,59,14,0,2,21,25,8,5,3,0,352,4,11
"Liga F","2024-10-20","Liga F (Matchweek 7)","Athletic Club","4-1-3-2",1,2,"Nahikari García (P) · 77&rsquor;","1","0","Valencia","4-2-3-1",1,0.7,"Vitória Almeida · 88&rsquor;","4","0","https://fbref.com/en/matches/34fa7682/Athletic-Club-Valencia-October-20-2024-Liga-F","Valencia","Away",NA,990,321,268,53,12,0,3,31,23,8,7,0,0,219,0,14
"Liga F","2024-10-20","Liga F (Matchweek 7)","Eibar","3-1-4-2",0,0.5,"","2","0","Deportivo La Coruña","4-2-3-1",0,0.3,"","2","0","https://fbref.com/en/matches/40502816/Eibar-Deportivo-La-Coruna-October-20-2024-Liga-F","Eibar","Home",NA,990,347,284,60,11,1,3,22,38,5,0,2,0,194,3,9
"Liga F","2024-10-20","Liga F (Matchweek 7)","Eibar","3-1-4-2",0,0.5,"","2","0","Deportivo La Coruña","4-2-3-1",0,0.3,"","2","0","https://fbref.com/en/matches/40502816/Eibar-Deportivo-La-Coruna-October-20-2024-Liga-F","Deportivo La Coruña","Away",NA,990,422,364,57,9,1,1,4,34,2,1,1,0,291,1,8
"Liga F","2024-10-20","Liga F (Matchweek 7)","Levante","4-2-3-1",1,1,"Daniela Arques · 23&rsquor;","0","0","Barcelona","4-3-3",4,4.6,"Victoria López · 13&rsquor; Kika Nazareth · 36&rsquor; Claudia Pina · 47&rsquor; Irene Paredes · 81&rsquor;","0","0","https://fbref.com/en/matches/c9045fcf/Levante-Barcelona-October-20-2024-Liga-F","Levante","Home",NA,990,248,208,38,8,1,0,5,10,3,2,1,0,162,2,12
"Liga F","2024-10-20","Liga F (Matchweek 7)","Levante","4-2-3-1",1,1,"Daniela Arques · 23&rsquor;","0","0","Barcelona","4-3-3",4,4.6,"Victoria López · 13&rsquor; Kika Nazareth · 36&rsquor; Claudia Pina · 47&rsquor; Irene Paredes · 81&rsquor;","0","0","https://fbref.com/en/matches/c9045fcf/Levante-Barcelona-October-20-2024-Liga-F","Barcelona","Away",NA,990,713,659,53,13,2,0,24,20,14,10,2,0,622,1,9
"Liga F","2024-10-20","Liga F (Matchweek 7)","Madrid CFF","5-3-2",0,0.7,"","1","0","Real Madrid","5-3-2",1,1.3,"Signe Bruun · 17&rsquor;","2","0","https://fbref.com/en/matches/d7cbc202/Madrid-CFF-Real-Madrid-October-20-2024-Liga-F","Madrid CFF","Home",NA,990,402,346,55,10,0,2,8,25,4,2,1,0,292,1,10
"Liga F","2024-10-20","Liga F (Matchweek 7)","Madrid CFF","5-3-2",0,0.7,"","1","0","Real Madrid","5-3-2",1,1.3,"Signe Bruun · 17&rsquor;","2","0","https://fbref.com/en/matches/d7cbc202/Madrid-CFF-Real-Madrid-October-20-2024-Liga-F","Real Madrid","Away",NA,990,512,468,42,6,0,4,18,23,6,1,5,0,423,2,10
"Liga F","2024-11-02","Liga F (Matchweek 8)","UDG Tenerife","4-3-3",2,1.1,"Gift Monday · 24&rsquor; Nina Richard · 44&rsquor;","2","0","Athletic Club","4-4-2",1,0.8,"Ane Elexpuru · 5&rsquor;","1","0","https://fbref.com/en/matches/0498fa4e/UDG-Tenerife-Athletic-Club-November-2-2024-Liga-F","UDG Tenerife","Home",NA,990,352,299,52,8,0,5,23,32,5,3,1,0,228,1,9
"Liga F","2024-11-02","Liga F (Matchweek 8)","UDG Tenerife","4-3-3",2,1.1,"Gift Monday · 24&rsquor; Nina Richard · 44&rsquor;","2","0","Athletic Club","4-4-2",1,0.8,"Ane Elexpuru · 5&rsquor;","1","0","https://fbref.com/en/matches/0498fa4e/UDG-Tenerife-Athletic-Club-November-2-2024-Liga-F","Athletic Club","Away",NA,990,558,496,62,15,0,6,21,31,3,3,0,0,429,0,9
"Liga F","2024-11-02","Liga F (Matchweek 8)","Espanyol","5-3-2",0,0.5,"","3","0","Atlético Madrid","4-2-3-1",0,1.7,"Gio Garbelini · 83&rsquor;","3","1","https://fbref.com/en/matches/a1af973f/Espanyol-Atletico-Madrid-November-2-2024-Liga-F","Espanyol","Home",NA,990,242,193,48,17,0,0,13,20,1,1,0,0,142,1,5
"Liga F","2024-11-02","Liga F (Matchweek 8)","Espanyol","5-3-2",0,0.5,"","3","0","Atlético Madrid","4-2-3-1",0,1.7,"Gio Garbelini · 83&rsquor;","3","1","https://fbref.com/en/matches/a1af973f/Espanyol-Atletico-Madrid-November-2-2024-Liga-F","Atlético Madrid","Away",NA,982,686,631,49,11,0,2,16,23,7,5,0,0,572,6,14
"Liga F","2024-11-02","Liga F (Matchweek 8)","Real Betis","4-2-3-1",4,1.6,"Melanie Serrano (OG) · 40&rsquor; Nuria Ligero · 45&rsquor; Naima García · 45+3&rsquor; Carla Armengol · 58&rsquor;","2","0","Levante Las Planas","4-4-2",3,2.3,"Melanie Serrano · 37&rsquor; Ana González (P) · 53&rsquor; Cristina Baudet · 65&rsquor;","3","0","https://fbref.com/en/matches/28939e79/Real-Betis-Levante-Las-Planas-November-2-2024-Liga-F","Real Betis","Home",NA,990,392,351,40,10,0,3,14,14,1,0,1,0,255,1,15
"Liga F","2024-11-02","Liga F (Matchweek 8)","Real Betis","4-2-3-1",4,1.6,"Melanie Serrano (OG) · 40&rsquor; Nuria Ligero · 45&rsquor; Naima García · 45+3&rsquor; Carla Armengol · 58&rsquor;","2","0","Levante Las Planas","4-4-2",3,2.3,"Melanie Serrano · 37&rsquor; Ana González (P) · 53&rsquor; Cristina Baudet · 65&rsquor;","3","0","https://fbref.com/en/matches/28939e79/Real-Betis-Levante-Las-Planas-November-2-2024-Liga-F","Levante Las Planas","Away",NA,989,566,509,57,7,0,1,17,31,8,8,0,0,437,0,13
"Liga F","2024-11-02","Liga F (Matchweek 8)","Barcelona","4-3-3",4,4.6,"Alexia Putellas (P) · 6&rsquor; Victoria López · 21&rsquor; Patricia Guijarro · 33&rsquor; Ona Batlle · 59&rsquor;","0","0","Eibar","4-3-3",0,0,"","2","0","https://fbref.com/en/matches/0466e8f0/Barcelona-Eibar-November-2-2024-Liga-F","Barcelona","Home",NA,990,907,872,34,5,2,0,26,16,11,4,0,0,800,1,17
"Liga F","2024-11-02","Liga F (Matchweek 8)","Barcelona","4-3-3",4,4.6,"Alexia Putellas (P) · 6&rsquor; Victoria López · 21&rsquor; Patricia Guijarro · 33&rsquor; Ona Batlle · 59&rsquor;","0","0","Eibar","4-3-3",0,0,"","2","0","https://fbref.com/en/matches/0466e8f0/Barcelona-Eibar-November-2-2024-Liga-F","Eibar","Away",NA,990,202,162,37,4,0,0,0,10,0,0,0,0,108,3,6
"Liga F","2024-11-03","Liga F (Matchweek 8)","Real Sociedad","4-3-3",2,1.2,"Nerea Eizaguirre · 15&rsquor; Sanni Franssi · 67&rsquor;","3","0","Madrid CFF","3-5-2",2,1.5,"Nahia Aparicio (OG) · 45+2&rsquor; Allegra Poljak · 54&rsquor;","2","0","https://fbref.com/en/matches/213902ad/Real-Sociedad-Madrid-CFF-November-3-2024-Liga-F","Real Sociedad","Home",NA,990,492,438,53,7,1,2,21,26,9,1,6,2,390,1,10
"Liga F","2024-11-03","Liga F (Matchweek 8)","Real Sociedad","4-3-3",2,1.2,"Nerea Eizaguirre · 15&rsquor; Sanni Franssi · 67&rsquor;","3","0","Madrid CFF","3-5-2",2,1.5,"Nahia Aparicio (OG) · 45+2&rsquor; Allegra Poljak · 54&rsquor;","2","0","https://fbref.com/en/matches/213902ad/Real-Sociedad-Madrid-CFF-November-3-2024-Liga-F","Madrid CFF","Away",NA,990,403,352,51,16,2,2,12,17,0,0,0,0,320,0,9
"Liga F","2024-11-03","Liga F (Matchweek 8)","Granada","4-3-3",3,1.4,"Alexia Fernández · 24&rsquor; Edna Imade · 41&rsquor; Edna Imade · 49&rsquor;","1","0","Sevilla","4-2-3-1",0,0.5,"","1","0","https://fbref.com/en/matches/f6011b74/Granada-Sevilla-November-3-2024-Liga-F","Granada","Home",NA,990,468,423,41,11,2,5,26,19,5,3,2,0,336,4,9
"Liga F","2024-11-03","Liga F (Matchweek 8)","Granada","4-3-3",3,1.4,"Alexia Fernández · 24&rsquor; Edna Imade · 41&rsquor; Edna Imade · 49&rsquor;","1","0","Sevilla","4-2-3-1",0,0.5,"","1","0","https://fbref.com/en/matches/f6011b74/Granada-Sevilla-November-3-2024-Liga-F","Sevilla","Away",NA,990,424,356,68,12,0,6,12,36,5,4,0,0,305,0,11
"Liga F","2024-11-09","Liga F (Matchweek 9)","Madrid CFF","3-1-4-2",2,1.1,"Malou Rylov · 74&rsquor; Kamilla Melgård · 76&rsquor;","1","0","Sevilla","4-4-2",1,0.8,"Raquel Morcillo · 60&rsquor;","1","0","https://fbref.com/en/matches/621e0de8/Madrid-CFF-Sevilla-November-9-2024-Liga-F","Madrid CFF","Home",NA,990,499,444,54,8,2,2,26,30,6,1,5,0,365,1,13
"Liga F","2024-11-09","Liga F (Matchweek 9)","Madrid CFF","3-1-4-2",2,1.1,"Malou Rylov · 74&rsquor; Kamilla Melgård · 76&rsquor;","1","0","Sevilla","4-4-2",1,0.8,"Raquel Morcillo · 60&rsquor;","1","0","https://fbref.com/en/matches/621e0de8/Madrid-CFF-Sevilla-November-9-2024-Liga-F","Sevilla","Away",NA,990,398,350,47,14,0,4,13,21,4,4,0,0,275,1,12
"Liga F","2024-11-09","Liga F (Matchweek 9)","Levante Las Planas","4-4-2",1,0.2,"Ana González · 19&rsquor;","4","0","Real Madrid","4-2-3-1",3,1.1,"Naomie Feller · 76&rsquor; Alba Redondo · 89&rsquor; Alba Redondo · 90+7&rsquor;","4","0","https://fbref.com/en/matches/c6b3d548/Levante-Las-Planas-Real-Madrid-November-9-2024-Liga-F","Levante Las Planas","Home",NA,990,326,264,58,17,0,1,11,23,4,3,0,0,216,4,5
"Liga F","2024-11-09","Liga F (Matchweek 9)","Levante Las Planas","4-4-2",1,0.2,"Ana González · 19&rsquor;","4","0","Real Madrid","4-2-3-1",3,1.1,"Naomie Feller · 76&rsquor; Alba Redondo · 89&rsquor; Alba Redondo · 90+7&rsquor;","4","0","https://fbref.com/en/matches/c6b3d548/Levante-Las-Planas-Real-Madrid-November-9-2024-Liga-F","Real Madrid","Away",NA,990,548,482,58,13,0,3,18,31,6,4,1,0,439,8,10
"Liga F","2024-11-09","Liga F (Matchweek 9)","Atlético Madrid","5-3-2",0,0.5,"","0","0","Barcelona","4-3-3",3,1.9,"Aitana Bonmatí · 8&rsquor; Caroline Graham Hansen · 45+1&rsquor; Patricia Guijarro · 51&rsquor;","0","0","https://fbref.com/en/matches/ae5b94a8/Atletico-Madrid-Barcelona-November-9-2024-Liga-F","Atlético Madrid","Home",NA,990,338,294,41,11,0,0,5,15,0,0,0,0,259,3,9
"Liga F","2024-11-09","Liga F (Matchweek 9)","Atlético Madrid","5-3-2",0,0.5,"","0","0","Barcelona","4-3-3",3,1.9,"Aitana Bonmatí · 8&rsquor; Caroline Graham Hansen · 45+1&rsquor; Patricia Guijarro · 51&rsquor;","0","0","https://fbref.com/en/matches/ae5b94a8/Atletico-Madrid-Barcelona-November-9-2024-Liga-F","Barcelona","Away",NA,990,797,755,41,12,0,2,31,12,13,0,6,0,704,1,9
"Liga F","2024-11-10","Liga F (Matchweek 9)","Deportivo La Coruña","4-3-3",0,1.8,"","1","0","Real Sociedad","4-1-2-1-2",1,1.2,"Raquel García (OG) · 4&rsquor;","5","0","https://fbref.com/en/matches/d13aec94/Deportivo-La-Coruna-Real-Sociedad-November-10-2024-Liga-F","Deportivo La Coruña","Home",NA,990,375,319,56,19,0,0,7,22,1,0,1,0,280,0,10
"Liga F","2024-11-10","Liga F (Matchweek 9)","Deportivo La Coruña","4-3-3",0,1.8,"","1","0","Real Sociedad","4-1-2-1-2",1,1.2,"Raquel García (OG) · 4&rsquor;","5","0","https://fbref.com/en/matches/d13aec94/Deportivo-La-Coruna-Real-Sociedad-November-10-2024-Liga-F","Real Sociedad","Away",NA,990,462,405,51,5,1,0,18,29,7,5,1,0,361,6,14
"Liga F","2024-11-10","Liga F (Matchweek 9)","Eibar","3-1-4-2",0,0.8,"","1","0","UDG Tenerife","4-3-3",0,0.7,"","3","0","https://fbref.com/en/matches/f266db49/Eibar-UDG-Tenerife-November-10-2024-Liga-F","Eibar","Home",NA,990,336,287,46,15,0,0,11,19,4,3,1,0,203,3,7
"Liga F","2024-11-10","Liga F (Matchweek 9)","Eibar","3-1-4-2",0,0.8,"","1","0","UDG Tenerife","4-3-3",0,0.7,"","3","0","https://fbref.com/en/matches/f266db49/Eibar-UDG-Tenerife-November-10-2024-Liga-F","UDG Tenerife","Away",NA,990,509,457,48,17,1,2,25,18,4,4,0,0,368,4,12
"Liga F","2024-11-10","Liga F (Matchweek 9)","Athletic Club","3-4-3",3,2.2,"Nahikari García (P) · 29&rsquor; Ane Elexpuru · 48&rsquor; Sara Ortega · 52&rsquor;","3","0","Real Betis","4-1-4-1",0,0.3,"","4","0","https://fbref.com/en/matches/7601e723/Athletic-Club-Real-Betis-November-10-2024-Liga-F","Athletic Club","Home",NA,990,485,427,57,8,0,2,30,29,8,3,5,0,385,1,9
"Liga F","2024-11-10","Liga F (Matchweek 9)","Athletic Club","3-4-3",3,2.2,"Nahikari García (P) · 29&rsquor; Ane Elexpuru · 48&rsquor; Sara Ortega · 52&rsquor;","3","0","Real Betis","4-1-4-1",0,0.3,"","4","0","https://fbref.com/en/matches/7601e723/Athletic-Club-Real-Betis-November-10-2024-Liga-F","Real Betis","Away",NA,990,425,373,52,14,0,5,11,23,1,0,1,0,309,0,11
"Liga F","2024-11-10","Liga F (Matchweek 9)","Espanyol","3-1-4-2",1,0.8,"Laura Sánchez (OG) · 53&rsquor;","1","0","Granada","4-4-2",0,1.4,"","2","0","https://fbref.com/en/matches/90a40347/Espanyol-Granada-November-10-2024-Liga-F","Espanyol","Home",NA,990,220,179,38,6,0,1,15,16,4,4,0,0,116,3,6
"Liga F","2024-11-10","Liga F (Matchweek 9)","Espanyol","3-1-4-2",1,0.8,"Laura Sánchez (OG) · 53&rsquor;","1","0","Granada","4-4-2",0,1.4,"","2","0","https://fbref.com/en/matches/90a40347/Espanyol-Granada-November-10-2024-Liga-F","Granada","Away",NA,990,655,592,62,12,0,0,39,32,9,2,6,0,515,1,19
"Liga F","2024-11-16","Liga F (Matchweek 10)","UDG Tenerife","4-3-3",2,1.3,"Ange N'Guessan · 22&rsquor; Fatou Dembele · 53&rsquor;","1","0","Valencia","5-4-1",0,0.2,"","3","0","https://fbref.com/en/matches/599e3b22/UDG-Tenerife-Valencia-November-16-2024-Liga-F","UDG Tenerife","Home",NA,990,411,358,45,9,5,1,18,23,4,1,1,0,289,8,5
"Liga F","2024-11-16","Liga F (Matchweek 10)","UDG Tenerife","4-3-3",2,1.3,"Ange N'Guessan · 22&rsquor; Fatou Dembele · 53&rsquor;","1","0","Valencia","5-4-1",0,0.2,"","3","0","https://fbref.com/en/matches/599e3b22/UDG-Tenerife-Valencia-November-16-2024-Liga-F","Valencia","Away",NA,990,464,404,60,13,1,1,17,32,3,2,1,0,323,0,15
"Liga F","2024-11-16","Liga F (Matchweek 10)","Granada","4-4-2",1,1.5,"Edna Imade · 71&rsquor;","2","0","Levante Las Planas","4-4-2",1,1.1,"Ghizlane Chebbak · 64&rsquor;","0","0","https://fbref.com/en/matches/f5b50227/Granada-Levante-Las-Planas-November-16-2024-Liga-F","Granada","Home",NA,990,509,458,48,5,0,2,36,25,7,4,2,0,376,3,11
"Liga F","2024-11-16","Liga F (Matchweek 10)","Granada","4-4-2",1,1.5,"Edna Imade · 71&rsquor;","2","0","Levante Las Planas","4-4-2",1,1.1,"Ghizlane Chebbak · 64&rsquor;","0","0","https://fbref.com/en/matches/f5b50227/Granada-Levante-Las-Planas-November-16-2024-Liga-F","Levante Las Planas","Away",NA,990,428,383,45,13,2,2,12,18,1,1,0,0,326,0,6
"Liga F","2024-11-16","Liga F (Matchweek 10)","Madrid CFF","3-5-2",2,1.1,"Allegra Poljak · 45&rsquor; Kayla McKenna · 58&rsquor;","2","0","Eibar","5-4-1",1,0.8,"Ane Campos · 90+1&rsquor;","0","0","https://fbref.com/en/matches/a334fabf/Madrid-CFF-Eibar-November-16-2024-Liga-F","Madrid CFF","Home",NA,990,546,495,49,6,0,0,14,27,5,1,3,1,412,2,12
"Liga F","2024-11-16","Liga F (Matchweek 10)","Madrid CFF","3-5-2",2,1.1,"Allegra Poljak · 45&rsquor; Kayla McKenna · 58&rsquor;","2","0","Eibar","5-4-1",1,0.8,"Ane Campos · 90+1&rsquor;","0","0","https://fbref.com/en/matches/a334fabf/Madrid-CFF-Eibar-November-16-2024-Liga-F","Eibar","Away",NA,990,347,274,73,13,0,3,20,44,5,1,1,2,226,0,9
"Liga F","2024-11-16","Liga F (Matchweek 10)","Real Madrid","4-4-2",0,0.4,"","0","0","Barcelona","4-3-3",4,1.9,"Patricia Guijarro · 4&rsquor; Patricia Guijarro · 22&rsquor; Claudia Pina · 39&rsquor; Alexia Putellas · 86&rsquor;","0","0","https://fbref.com/en/matches/3bf1c281/Real-Madrid-Barcelona-November-16-2024-Liga-F","Real Madrid","Home",NA,990,310,265,42,9,1,4,6,17,1,1,0,0,223,3,8
"Liga F","2024-11-16","Liga F (Matchweek 10)","Real Madrid","4-4-2",0,0.4,"","0","0","Barcelona","4-3-3",4,1.9,"Patricia Guijarro · 4&rsquor; Patricia Guijarro · 22&rsquor; Claudia Pina · 39&rsquor; Alexia Putellas · 86&rsquor;","0","0","https://fbref.com/en/matches/3bf1c281/Real-Madrid-Barcelona-November-16-2024-Liga-F","Barcelona","Away",NA,990,810,755,53,9,2,1,23,26,13,6,0,0,700,2,13
"Liga F","2024-11-17","Liga F (Matchweek 10)","Deportivo La Coruña","4-3-3",0,0.3,"","2","0","Espanyol","4-1-4-1",1,1.8,"Ainoa Campo · 38&rsquor;","3","0","https://fbref.com/en/matches/2730b682/Deportivo-La-Coruna-Espanyol-November-17-2024-Liga-F","Deportivo La Coruña","Home",NA,990,467,421,46,17,0,3,17,17,3,1,1,0,360,0,10
"Liga F","2024-11-17","Liga F (Matchweek 10)","Deportivo La Coruña","4-3-3",0,0.3,"","2","0","Espanyol","4-1-4-1",1,1.8,"Ainoa Campo · 38&rsquor;","3","0","https://fbref.com/en/matches/2730b682/Deportivo-La-Coruna-Espanyol-November-17-2024-Liga-F","Espanyol","Away",NA,990,262,206,52,14,0,0,22,23,5,5,0,0,150,4,8
"Liga F","2024-11-17","Liga F (Matchweek 10)","Real Betis","4-1-3-2",1,1.1,"Naima García · 20&rsquor;","1","0","Levante","4-4-2",2,2.1,"Ivonne Chacón · 44&rsquor; Ivonne Chacón · 90&rsquor;","3","0","https://fbref.com/en/matches/6b3a6327/Real-Betis-Levante-November-17-2024-Liga-F","Real Betis","Home",NA,990,374,312,58,12,0,0,13,31,3,3,0,0,260,4,9
"Liga F","2024-11-17","Liga F (Matchweek 10)","Real Betis","4-1-3-2",1,1.1,"Naima García · 20&rsquor;","1","0","Levante","4-4-2",2,2.1,"Ivonne Chacón · 44&rsquor; Ivonne Chacón · 90&rsquor;","3","0","https://fbref.com/en/matches/6b3a6327/Real-Betis-Levante-November-17-2024-Liga-F","Levante","Away",NA,990,592,539,51,15,2,1,18,24,7,6,0,0,491,2,11
"Liga F","2024-11-17","Liga F (Matchweek 10)","Sevilla","4-2-3-1",1,1,"Fatoumata Kanteh · 34&rsquor; Lucía Moral · 71&rsquor;","4","1","Atlético Madrid","4-3-3",2,1.6,"Silvia Lloris · 79&rsquor; Vilde Bøe Risa · 90+3&rsquor;","3","0","https://fbref.com/en/matches/6c85222a/Sevilla-Atletico-Madrid-November-17-2024-Liga-F","Sevilla","Home",NA,969,291,235,54,18,0,2,17,15,4,4,0,0,188,2,13
"Liga F","2024-11-17","Liga F (Matchweek 10)","Sevilla","4-2-3-1",1,1,"Fatoumata Kanteh · 34&rsquor; Lucía Moral · 71&rsquor;","4","1","Atlético Madrid","4-3-3",2,1.6,"Silvia Lloris · 79&rsquor; Vilde Bøe Risa · 90+3&rsquor;","3","0","https://fbref.com/en/matches/6c85222a/Sevilla-Atletico-Madrid-November-17-2024-Liga-F","Atlético Madrid","Away",NA,990,581,535,42,12,0,0,25,18,8,7,0,0,487,4,8
"Liga F","2024-11-17","Liga F (Matchweek 10)","Real Sociedad","4-2-3-1",1,1.1,"Claire Lavogez · 5&rsquor;","1","0","Athletic Club","3-4-3",0,0.4,"Irene Oguiza · 29&rsquor;","0","1","https://fbref.com/en/matches/97b7aa2b/Real-Sociedad-Athletic-Club-November-17-2024-Liga-F","Real Sociedad","Home",NA,990,609,565,42,5,0,1,18,25,5,1,3,0,523,2,10
"Liga F","2024-11-17","Liga F (Matchweek 10)","Real Sociedad","4-2-3-1",1,1.1,"Claire Lavogez · 5&rsquor;","1","0","Athletic Club","3-4-3",0,0.4,"Irene Oguiza · 29&rsquor;","0","1","https://fbref.com/en/matches/97b7aa2b/Real-Sociedad-Athletic-Club-November-17-2024-Liga-F","Athletic Club","Away",NA,928,392,323,69,16,0,3,23,34,8,4,3,0,297,0,10
"Liga F","2024-11-23","Liga F (Matchweek 11)","Sevilla","4-2-3-1",2,1,"Gemma Gili · 18&rsquor; Paula Partido · 68&rsquor;","1","0","Deportivo La Coruña","4-3-3",1,0.4,"Inês Pereira · 53&rsquor; Oriana Altuve · 90+1&rsquor;","0","1","https://fbref.com/en/matches/735b893d/Sevilla-Deportivo-La-Coruna-November-23-2024-Liga-F","Sevilla","Home",NA,990,402,350,48,12,0,0,27,23,7,5,0,0,278,4,14
"Liga F","2024-11-23","Liga F (Matchweek 11)","Sevilla","4-2-3-1",2,1,"Gemma Gili · 18&rsquor; Paula Partido · 68&rsquor;","1","0","Deportivo La Coruña","4-3-3",1,0.4,"Inês Pereira · 53&rsquor; Oriana Altuve · 90+1&rsquor;","0","1","https://fbref.com/en/matches/735b893d/Sevilla-Deportivo-La-Coruna-November-23-2024-Liga-F","Deportivo La Coruña","Away",NA,952,413,361,51,12,0,1,14,20,4,3,0,0,304,1,7
"Liga F","2024-11-23","Liga F (Matchweek 11)","Levante Las Planas","4-4-2",1,1.7,"Rebecca Elloh · 86&rsquor;","2","0","Espanyol","4-3-3",1,0.2,"Iara · 80&rsquor;","5","0","https://fbref.com/en/matches/e4f45ad8/Levante-Las-Planas-Espanyol-November-23-2024-Liga-F","Levante Las Planas","Home",NA,990,554,500,53,16,0,1,18,24,3,2,0,0,416,1,10
"Liga F","2024-11-23","Liga F (Matchweek 11)","Levante Las Planas","4-4-2",1,1.7,"Rebecca Elloh · 86&rsquor;","2","0","Espanyol","4-3-3",1,0.2,"Iara · 80&rsquor;","5","0","https://fbref.com/en/matches/e4f45ad8/Levante-Las-Planas-Espanyol-November-23-2024-Liga-F","Espanyol","Away",NA,990,292,239,52,12,0,0,4,25,0,0,0,0,183,1,9
"Liga F","2024-11-23","Liga F (Matchweek 11)","Athletic Club","3-4-3",1,0.4,"Vilariño · 75&rsquor;","2","0","Madrid CFF","3-5-2",0,0.6,"","2","0","https://fbref.com/en/matches/ca7788f5/Athletic-Club-Madrid-CFF-November-23-2024-Liga-F","Athletic Club","Home",NA,990,503,446,57,12,0,0,13,33,5,5,0,0,409,0,9
"Liga F","2024-11-23","Liga F (Matchweek 11)","Athletic Club","3-4-3",1,0.4,"Vilariño · 75&rsquor;","2","0","Madrid CFF","3-5-2",0,0.6,"","2","0","https://fbref.com/en/matches/ca7788f5/Athletic-Club-Madrid-CFF-November-23-2024-Liga-F","Madrid CFF","Away",NA,990,468,416,50,10,0,1,20,21,7,5,2,0,365,2,13
"Liga F","2024-11-24","Liga F (Matchweek 11)","Levante","4-4-2",2,1.2,"Ana Franco · 9&rsquor; Inés Rizo · 90+2&rsquor;","2","0","Granada","4-4-2",3,1.8,"Edna Imade · 53&rsquor; Laura Requena · 55&rsquor; Alexia Fernández · 62&rsquor;","1","0","https://fbref.com/en/matches/7c27dbcd/Levante-Granada-November-24-2024-Liga-F","Levante","Home",NA,990,458,407,51,10,1,2,16,15,5,1,3,0,340,0,12
"Liga F","2024-11-24","Liga F (Matchweek 11)","Levante","4-4-2",2,1.2,"Ana Franco · 9&rsquor; Inés Rizo · 90+2&rsquor;","2","0","Granada","4-4-2",3,1.8,"Edna Imade · 53&rsquor; Laura Requena · 55&rsquor; Alexia Fernández · 62&rsquor;","1","0","https://fbref.com/en/matches/7c27dbcd/Levante-Granada-November-24-2024-Liga-F","Granada","Away",NA,990,500,446,53,8,0,3,27,30,6,2,3,0,366,1,11
"Liga F","2024-11-24","Liga F (Matchweek 11)","Barcelona","4-3-3",5,3.2,"Irene Paredes · 38&rsquor; Ewa Pajor · 40&rsquor; Caroline Graham Hansen (P) · 45+2&rsquor; Claudia Pina · 61&rsquor; Esmee Brugts · 77&rsquor;","0","0","UDG Tenerife","4-3-3",1,0.3,"Rinsola Babajide · 3&rsquor;","0","0","https://fbref.com/en/matches/3e33f1d1/Barcelona-UDG-Tenerife-November-24-2024-Liga-F","Barcelona","Home",NA,990,825,781,41,6,0,2,37,21,11,4,0,0,714,3,11
"Liga F","2024-11-24","Liga F (Matchweek 11)","Barcelona","4-3-3",5,3.2,"Irene Paredes · 38&rsquor; Ewa Pajor · 40&rsquor; Caroline Graham Hansen (P) · 45+2&rsquor; Claudia Pina · 61&rsquor; Esmee Brugts · 77&rsquor;","0","0","UDG Tenerife","4-3-3",1,0.3,"Rinsola Babajide · 3&rsquor;","0","0","https://fbref.com/en/matches/3e33f1d1/Barcelona-UDG-Tenerife-November-24-2024-Liga-F","UDG Tenerife","Away",NA,990,227,173,51,10,0,0,8,17,3,2,1,0,129,3,8
"Liga F","2024-11-24","Liga F (Matchweek 11)","Atlético Madrid","4-2-3-1",1,1.3,"Fiamma · 83&rsquor;","0","0","Eibar","5-3-2",1,1.3,"Ane Campos · 57&rsquor;","4","0","https://fbref.com/en/matches/24a5e8c1/Atletico-Madrid-Eibar-November-24-2024-Liga-F","Atlético Madrid","Home",NA,990,709,648,58,11,1,2,29,25,17,3,11,0,573,3,5
"Liga F","2024-11-24","Liga F (Matchweek 11)","Atlético Madrid","4-2-3-1",1,1.3,"Fiamma · 83&rsquor;","0","0","Eibar","5-3-2",1,1.3,"Ane Campos · 57&rsquor;","4","0","https://fbref.com/en/matches/24a5e8c1/Atletico-Madrid-Eibar-November-24-2024-Liga-F","Eibar","Away",NA,990,247,201,46,14,0,1,9,18,1,0,0,0,126,0,11
"Liga F","2024-11-24","Liga F (Matchweek 11)","Valencia","3-4-1-2",0,0.7,"","3","0","Real Betis","3-5-2",2,1.3,"Carolina Férez · 37&rsquor; Dorine Chuigoué · 51&rsquor;","4","0","https://fbref.com/en/matches/7f8b8ae4/Valencia-Real-Betis-November-24-2024-Liga-F","Valencia","Home",NA,990,499,447,48,11,0,3,28,23,2,2,0,0,350,4,11
"Liga F","2024-11-24","Liga F (Matchweek 11)","Valencia","3-4-1-2",0,0.7,"","3","0","Real Betis","3-5-2",2,1.3,"Carolina Férez · 37&rsquor; Dorine Chuigoué · 51&rsquor;","4","0","https://fbref.com/en/matches/7f8b8ae4/Valencia-Real-Betis-November-24-2024-Liga-F","Real Betis","Away",NA,990,407,359,45,17,1,1,9,15,1,1,0,0,280,3,9
"Liga F","2024-12-07","Liga F (Matchweek 12)","Granada","4-2-2-2",5,3,"Laura Pérez · 16&rsquor; Isabel Álvarez · 26&rsquor; Cristina Postigo · 49&rsquor; Ornella Vignola · 51&rsquor; Edna Imade · 60&rsquor;","2","0","Deportivo La Coruña","4-2-3-1",0,0.5,"","2","0","https://fbref.com/en/matches/8e0c7a19/Granada-Deportivo-La-Coruna-December-7-2024-Liga-F","Granada","Home",NA,990,428,375,52,8,0,5,27,27,3,2,1,0,305,1,11
"Liga F","2024-12-07","Liga F (Matchweek 12)","Granada","4-2-2-2",5,3,"Laura Pérez · 16&rsquor; Isabel Álvarez · 26&rsquor; Cristina Postigo · 49&rsquor; Ornella Vignola · 51&rsquor; Edna Imade · 60&rsquor;","2","0","Deportivo La Coruña","4-2-3-1",0,0.5,"","2","0","https://fbref.com/en/matches/8e0c7a19/Granada-Deportivo-La-Coruna-December-7-2024-Liga-F","Deportivo La Coruña","Away",NA,990,383,315,68,13,0,0,12,36,4,0,1,1,277,0,6
"Liga F","2024-12-07","Liga F (Matchweek 12)","Athletic Club","3-4-3",1,0.8,"Daniela Agote · 81&rsquor;","1","0","Levante Las Planas","4-2-3-1",0,1.4,"","2","0","https://fbref.com/en/matches/492b058b/Athletic-Club-Levante-Las-Planas-December-7-2024-Liga-F","Athletic Club","Home",NA,990,451,399,46,9,0,2,11,24,3,3,0,0,351,6,13
"Liga F","2024-12-07","Liga F (Matchweek 12)","Athletic Club","3-4-3",1,0.8,"Daniela Agote · 81&rsquor;","1","0","Levante Las Planas","4-2-3-1",0,1.4,"","2","0","https://fbref.com/en/matches/492b058b/Athletic-Club-Levante-Las-Planas-December-7-2024-Liga-F","Levante Las Planas","Away",NA,990,494,443,49,15,0,3,9,25,1,1,0,0,383,2,8
"Liga F","2024-12-07","Liga F (Matchweek 12)","Real Madrid","4-2-3-1",4,1.4,"Sheila García · 19&rsquor; Sandie Toletti · 25&rsquor; Linda Caicedo · 29&rsquor; Signe Bruun · 45+2&rsquor;","1","0","Sevilla","4-2-3-1",1,1.2,"Alba López · 73&rsquor;","1","0","https://fbref.com/en/matches/a802264a/Real-Madrid-Sevilla-December-7-2024-Liga-F","Real Madrid","Home",NA,990,620,571,43,10,0,4,21,21,5,2,3,0,531,6,11
"Liga F","2024-12-07","Liga F (Matchweek 12)","Real Madrid","4-2-3-1",4,1.4,"Sheila García · 19&rsquor; Sandie Toletti · 25&rsquor; Linda Caicedo · 29&rsquor; Signe Bruun · 45+2&rsquor;","1","0","Sevilla","4-2-3-1",1,1.2,"Alba López · 73&rsquor;","1","0","https://fbref.com/en/matches/a802264a/Real-Madrid-Sevilla-December-7-2024-Liga-F","Sevilla","Away",NA,980,355,303,50,14,0,0,8,18,1,1,0,0,253,2,7
"Liga F","2024-12-07","Liga F (Matchweek 12)","Barcelona","4-3-3",4,3.6,"Esmee Brugts · 16&rsquor; Caroline Graham Hansen · 22&rsquor; Ona Batlle · 35&rsquor; Caroline Graham Hansen · 37&rsquor;","0","0","Real Betis","5-4-1",1,0.2,"Yasmine Zouhir · 90&rsquor;","1","0","https://fbref.com/en/matches/a585947a/Barcelona-Real-Betis-December-7-2024-Liga-F","Barcelona","Home",NA,990,765,711,49,2,1,1,36,30,13,4,1,1,668,5,10
"Liga F","2024-12-07","Liga F (Matchweek 12)","Barcelona","4-3-3",4,3.6,"Esmee Brugts · 16&rsquor; Caroline Graham Hansen · 22&rsquor; Ona Batlle · 35&rsquor; Caroline Graham Hansen · 37&rsquor;","0","0","Real Betis","5-4-1",1,0.2,"Yasmine Zouhir · 90&rsquor;","1","0","https://fbref.com/en/matches/a585947a/Barcelona-Real-Betis-December-7-2024-Liga-F","Real Betis","Away",NA,990,229,179,50,13,0,1,1,12,0,0,0,0,151,0,8
"Liga F","2024-12-08","Liga F (Matchweek 12)","UDG Tenerife","4-2-3-1",2,2.5,"Rinsola Babajide · 24&rsquor; María José Pérez · 90+4&rsquor;","2","0","Atlético Madrid","4-3-3",2,1.1,"Sheila Guijarro · 52&rsquor; Silvia Lloris · 85&rsquor;","4","0","https://fbref.com/en/matches/2e7f0032/UDG-Tenerife-Atletico-Madrid-December-8-2024-Liga-F","UDG Tenerife","Home",NA,990,291,233,58,16,0,2,29,25,7,3,4,0,181,0,7
"Liga F","2024-12-08","Liga F (Matchweek 12)","UDG Tenerife","4-2-3-1",2,2.5,"Rinsola Babajide · 24&rsquor; María José Pérez · 90+4&rsquor;","2","0","Atlético Madrid","4-3-3",2,1.1,"Sheila Guijarro · 52&rsquor; Silvia Lloris · 85&rsquor;","4","0","https://fbref.com/en/matches/2e7f0032/UDG-Tenerife-Atletico-Madrid-December-8-2024-Liga-F","Atlético Madrid","Away",NA,990,413,357,56,17,1,1,10,17,6,3,3,0,307,0,11
"Liga F","2024-12-08","Liga F (Matchweek 12)","Eibar","3-1-4-2",1,1.1,"Andrea Álvarez (P) · 18&rsquor;","2","0","Real Sociedad","4-1-2-1-2",1,1.5,"Amaiur Sarriegi · 45&rsquor;","0","0","https://fbref.com/en/matches/88261f04/Eibar-Real-Sociedad-December-8-2024-Liga-F","Eibar","Home",NA,990,263,203,55,12,0,0,5,28,1,1,0,0,133,5,5
"Liga F","2024-12-08","Liga F (Matchweek 12)","Eibar","3-1-4-2",1,1.1,"Andrea Álvarez (P) · 18&rsquor;","2","0","Real Sociedad","4-1-2-1-2",1,1.5,"Amaiur Sarriegi · 45&rsquor;","0","0","https://fbref.com/en/matches/88261f04/Eibar-Real-Sociedad-December-8-2024-Liga-F","Real Sociedad","Away",NA,990,635,566,62,19,1,1,14,29,2,0,1,0,506,7,10
"Liga F","2024-12-08","Liga F (Matchweek 12)","Madrid CFF","3-1-4-2",2,2.3,"Hildur Antonsdóttir · 38&rsquor; Kamilla Melgård · 79&rsquor;","1","0","Levante","4-4-2",1,0.7,"Ivonne Chacón · 81&rsquor;","0","0","https://fbref.com/en/matches/f83e26ec/Madrid-CFF-Levante-December-8-2024-Liga-F","Madrid CFF","Home",NA,990,380,329,51,15,1,0,10,21,3,1,2,0,267,0,12
"Liga F","2024-12-08","Liga F (Matchweek 12)","Madrid CFF","3-1-4-2",2,2.3,"Hildur Antonsdóttir · 38&rsquor; Kamilla Melgård · 79&rsquor;","1","0","Levante","4-4-2",1,0.7,"Ivonne Chacón · 81&rsquor;","0","0","https://fbref.com/en/matches/f83e26ec/Madrid-CFF-Levante-December-8-2024-Liga-F","Levante","Away",NA,990,628,570,56,12,0,0,11,36,3,3,0,0,493,2,16
"Liga F","2024-12-08","Liga F (Matchweek 12)","Espanyol","4-4-2",1,0.6,"Natalia Montilla · 90+2&rsquor;","3","0","Valencia","4-3-3",0,0.4,"","1","0","https://fbref.com/en/matches/1b6a0499/Espanyol-Valencia-December-8-2024-Liga-F","Espanyol","Home",NA,990,308,246,59,10,0,0,17,26,6,3,2,0,182,3,12
"Liga F","2024-12-08","Liga F (Matchweek 12)","Espanyol","4-4-2",1,0.6,"Natalia Montilla · 90+2&rsquor;","3","0","Valencia","4-3-3",0,0.4,"","1","0","https://fbref.com/en/matches/1b6a0499/Espanyol-Valencia-December-8-2024-Liga-F","Valencia","Away",NA,990,417,358,58,18,0,3,15,27,2,0,1,0,291,1,11
"Liga F","2024-12-14","Liga F (Matchweek 13)","Granada","3-4-1-2",1,0.8,"Edna Imade · 19&rsquor;","2","0","Madrid CFF","4-4-2",0,0.4,"","2","0","https://fbref.com/en/matches/f79689ac/Granada-Madrid-CFF-December-14-2024-Liga-F","Granada","Home",NA,990,504,443,57,9,0,0,19,37,5,2,3,0,383,4,4
"Liga F","2024-12-14","Liga F (Matchweek 13)","Granada","3-4-1-2",1,0.8,"Edna Imade · 19&rsquor;","2","0","Madrid CFF","4-4-2",0,0.4,"","2","0","https://fbref.com/en/matches/f79689ac/Granada-Madrid-CFF-December-14-2024-Liga-F","Madrid CFF","Away",NA,990,390,326,63,15,0,6,15,29,2,1,1,0,278,1,9
"Liga F","2024-12-14","Liga F (Matchweek 13)","Real Betis","5-4-1",2,1,"Carolina Férez · 75&rsquor; Naima García · 86&rsquor;","4","0","Atlético Madrid","4-3-3",1,1.5,"Gio Garbelini · 6&rsquor;","3","0","https://fbref.com/en/matches/6fb864af/Real-Betis-Atletico-Madrid-December-14-2024-Liga-F","Real Betis","Home",NA,990,453,396,55,14,0,6,14,19,4,1,2,0,318,2,10
"Liga F","2024-12-14","Liga F (Matchweek 13)","Real Betis","5-4-1",2,1,"Carolina Férez · 75&rsquor; Naima García · 86&rsquor;","4","0","Atlético Madrid","4-3-3",1,1.5,"Gio Garbelini · 6&rsquor;","3","0","https://fbref.com/en/matches/6fb864af/Real-Betis-Atletico-Madrid-December-14-2024-Liga-F","Atlético Madrid","Away",NA,990,515,461,53,9,1,1,21,26,6,2,3,0,396,1,13
"Liga F","2024-12-14","Liga F (Matchweek 13)","Deportivo La Coruña","3-4-3",1,0.8,"Francisca Lara · 36&rsquor;","2","0","Real Madrid","4-2-3-1",4,3.6,"Olga Carmona · 79&rsquor; Alba Redondo · 85&rsquor; María Méndez · 89&rsquor; Signe Bruun · 90+5&rsquor;","1","0","https://fbref.com/en/matches/0c1ee285/Deportivo-La-Coruna-Real-Madrid-December-14-2024-Liga-F","Deportivo La Coruña","Home",NA,990,267,220,46,7,0,0,6,18,2,1,0,1,172,1,6
"Liga F","2024-12-14","Liga F (Matchweek 13)","Deportivo La Coruña","3-4-3",1,0.8,"Francisca Lara · 36&rsquor;","2","0","Real Madrid","4-2-3-1",4,3.6,"Olga Carmona · 79&rsquor; Alba Redondo · 85&rsquor; María Méndez · 89&rsquor; Signe Bruun · 90+5&rsquor;","1","0","https://fbref.com/en/matches/0c1ee285/Deportivo-La-Coruna-Real-Madrid-December-14-2024-Liga-F","Real Madrid","Away",NA,990,678,632,45,7,5,1,41,20,11,4,1,0,558,1,11
"Liga F","2024-12-14","Liga F (Matchweek 13)","Real Sociedad","4-2-3-1",2,1.2,"Amaiur Sarriegi · 12&rsquor; Nerea Eizaguirre (P) · 41&rsquor;","0","0","UDG Tenerife","4-3-3",0,0.6,"","1","0","https://fbref.com/en/matches/26a4c6f1/Real-Sociedad-UDG-Tenerife-December-14-2024-Liga-F","Real Sociedad","Home",NA,990,468,413,54,14,0,2,10,29,4,2,0,2,343,1,11
"Liga F","2024-12-14","Liga F (Matchweek 13)","Real Sociedad","4-2-3-1",2,1.2,"Amaiur Sarriegi · 12&rsquor; Nerea Eizaguirre (P) · 41&rsquor;","0","0","UDG Tenerife","4-3-3",0,0.6,"","1","0","https://fbref.com/en/matches/26a4c6f1/Real-Sociedad-UDG-Tenerife-December-14-2024-Liga-F","UDG Tenerife","Away",NA,990,462,405,56,10,2,0,25,30,7,6,0,0,342,1,9
"Liga F","2024-12-15","Liga F (Matchweek 13)","Valencia","3-1-4-2",0,0.3,"","0","0","Barcelona","3-5-2",1,2.2,"Fridolina Rolfö (P) · 54&rsquor;","3","0","https://fbref.com/en/matches/480365e9/Valencia-Barcelona-December-15-2024-Liga-F","Valencia","Home",NA,990,192,159,32,8,0,2,1,11,0,0,0,0,103,1,5
"Liga F","2024-12-15","Liga F (Matchweek 13)","Valencia","3-1-4-2",0,0.3,"","0","0","Barcelona","3-5-2",1,2.2,"Fridolina Rolfö (P) · 54&rsquor;","3","0","https://fbref.com/en/matches/480365e9/Valencia-Barcelona-December-15-2024-Liga-F","Barcelona","Away",NA,990,873,829,42,6,1,0,24,25,6,4,0,0,759,2,13
"Liga F","2024-12-15","Liga F (Matchweek 13)","Levante","4-4-2",1,1.4,"Érika González · 49&rsquor;","5","0","Espanyol","4-3-3",1,1.3,"Judit Pablos · 5&rsquor;","5","0","https://fbref.com/en/matches/a4b1cac9/Levante-Espanyol-December-15-2024-Liga-F","Levante","Home",NA,990,536,472,62,22,0,0,16,22,3,1,2,0,438,2,8
"Liga F","2024-12-15","Liga F (Matchweek 13)","Levante","4-4-2",1,1.4,"Érika González · 49&rsquor;","5","0","Espanyol","4-3-3",1,1.3,"Judit Pablos · 5&rsquor;","5","0","https://fbref.com/en/matches/a4b1cac9/Levante-Espanyol-December-15-2024-Liga-F","Espanyol","Away",NA,990,240,169,69,14,0,0,25,39,4,2,1,0,134,2,12
"Liga F","2024-12-15","Liga F (Matchweek 13)","Levante Las Planas","3-4-3",0,0.4,"Ghizlane Chebbak · 65&rsquor;","5","1","Eibar","5-4-1",1,0.7,"Andrea Álvarez · 7&rsquor;","1","0","https://fbref.com/en/matches/69f724f8/Levante-Las-Planas-Eibar-December-15-2024-Liga-F","Levante Las Planas","Home",NA,964,735,683,47,9,1,1,15,24,4,1,1,1,595,5,6
"Liga F","2024-12-15","Liga F (Matchweek 13)","Levante Las Planas","3-4-3",0,0.4,"Ghizlane Chebbak · 65&rsquor;","5","1","Eibar","5-4-1",1,0.7,"Andrea Álvarez · 7&rsquor;","1","0","https://fbref.com/en/matches/69f724f8/Levante-Las-Planas-Eibar-December-15-2024-Liga-F","Eibar","Away",NA,990,257,207,44,17,0,1,8,18,0,0,0,0,136,6,2
"Liga F","2024-12-15","Liga F (Matchweek 13)","Sevilla","4-3-3",2,0.8,"Raquel Morcillo · 5&rsquor; Raquel Morcillo · 65&rsquor;","3","0","Athletic Club","3-4-3",5,2.2,"Clara Pinedo · 3&rsquor; Jone Amezaga (P) · 15&rsquor; Vilariño · 29&rsquor; Jone Amezaga · 55&rsquor; Sara Ortega · 61&rsquor;","1","0","https://fbref.com/en/matches/b6d21b91/Sevilla-Athletic-Club-December-15-2024-Liga-F","Sevilla","Home",NA,990,529,483,45,11,0,2,16,25,1,1,0,0,428,1,13
"Liga F","2024-12-15","Liga F (Matchweek 13)","Sevilla","4-3-3",2,0.8,"Raquel Morcillo · 5&rsquor; Raquel Morcillo · 65&rsquor;","3","0","Athletic Club","3-4-3",5,2.2,"Clara Pinedo · 3&rsquor; Jone Amezaga (P) · 15&rsquor; Vilariño · 29&rsquor; Jone Amezaga · 55&rsquor; Sara Ortega · 61&rsquor;","1","0","https://fbref.com/en/matches/b6d21b91/Sevilla-Athletic-Club-December-15-2024-Liga-F","Athletic Club","Away",NA,990,442,389,50,10,0,7,16,27,1,1,0,0,334,3,7
"Liga F","2024-12-18","Liga F (Matchweek 8)","Valencia","3-1-4-2",0,0.5,"","3","0","Deportivo La Coruña","3-4-3",2,1.6,"Millene Cabral · 55&rsquor; Bárbara Latorre · 90+4&rsquor;","2","0","https://fbref.com/en/matches/35cc1637/Valencia-Deportivo-La-Coruna-December-18-2024-Liga-F","Valencia","Home",NA,990,430,391,37,11,0,4,31,16,3,2,0,1,317,2,13
"Liga F","2024-12-18","Liga F (Matchweek 8)","Valencia","3-1-4-2",0,0.5,"","3","0","Deportivo La Coruña","3-4-3",2,1.6,"Millene Cabral · 55&rsquor; Bárbara Latorre · 90+4&rsquor;","2","0","https://fbref.com/en/matches/35cc1637/Valencia-Deportivo-La-Coruna-December-18-2024-Liga-F","Deportivo La Coruña","Away",NA,990,410,352,57,15,1,0,12,29,1,1,0,0,297,1,14
"Liga F","2025-01-05","Liga F (Matchweek 9)","Levante","4-4-2",0,0.8,"","3","0","Valencia","5-4-1",1,2,"Marina Martí · 80&rsquor;","3","0","https://fbref.com/en/matches/ab978348/Levante-Valencia-January-5-2025-Liga-F","Levante","Home",NA,990,495,428,62,10,0,4,20,37,8,3,3,1,375,5,10
"Liga F","2025-01-05","Liga F (Matchweek 9)","Levante","4-4-2",0,0.8,"","3","0","Valencia","5-4-1",1,2,"Marina Martí · 80&rsquor;","3","0","https://fbref.com/en/matches/ab978348/Levante-Valencia-January-5-2025-Liga-F","Valencia","Away",NA,990,314,265,49,14,0,2,6,24,2,1,1,0,211,0,12
"Liga F","2025-01-05","Liga F (Matchweek 16)","Atlético Madrid","5-3-2",1,0.6,"Misa Rodríguez (OG) · 65&rsquor;","3","0","Real Madrid","4-4-2",2,1.9,"Linda Caicedo · 44&rsquor; Gabriela García (OG) · 53&rsquor;","3","0","https://fbref.com/en/matches/5dcd6a67/Atletico-Madrid-Real-Madrid-January-5-2025-Liga-F","Atlético Madrid","Home",NA,990,391,342,49,13,1,0,12,22,2,1,0,0,302,0,10
"Liga F","2025-01-05","Liga F (Matchweek 16)","Atlético Madrid","5-3-2",1,0.6,"Misa Rodríguez (OG) · 65&rsquor;","3","0","Real Madrid","4-4-2",2,1.9,"Linda Caicedo · 44&rsquor; Gabriela García (OG) · 53&rsquor;","3","0","https://fbref.com/en/matches/5dcd6a67/Atletico-Madrid-Real-Madrid-January-5-2025-Liga-F","Real Madrid","Away",NA,990,557,497,59,18,0,6,20,24,6,6,0,0,454,1,20
"Liga F","2025-01-05","Liga F (Matchweek 16)","Real Sociedad","5-3-2",0,0.2,"","1","0","Barcelona","4-3-3",6,4.5,"Ewa Pajor · 6&rsquor; Salma Paralluelo · 30&rsquor; Ewa Pajor · 44&rsquor; Ewa Pajor · 59&rsquor; Salma Paralluelo · 65&rsquor; Aitana Bonmatí · 81&rsquor;","0","0","https://fbref.com/en/matches/db4a0d3e/Real-Sociedad-Barcelona-January-5-2025-Liga-F","Real Sociedad","Home",NA,990,207,162,40,9,0,2,3,12,0,0,0,0,122,5,3
"Liga F","2025-01-05","Liga F (Matchweek 16)","Real Sociedad","5-3-2",0,0.2,"","1","0","Barcelona","4-3-3",6,4.5,"Ewa Pajor · 6&rsquor; Salma Paralluelo · 30&rsquor; Ewa Pajor · 44&rsquor; Ewa Pajor · 59&rsquor; Salma Paralluelo · 65&rsquor; Aitana Bonmatí · 81&rsquor;","0","0","https://fbref.com/en/matches/db4a0d3e/Real-Sociedad-Barcelona-January-5-2025-Liga-F","Barcelona","Away",NA,990,733,675,54,13,2,2,24,26,8,2,6,0,645,4,11
"Liga F","2025-01-08","Liga F (Matchweek 8)","Real Madrid","4-2-3-1",6,3.8,"Athenea del Castillo · 12&rsquor; Athenea del Castillo · 45+3&rsquor; Alba Redondo · 46&rsquor; Teresa Abelleira · 66&rsquor; Signe Bruun · 68&rsquor; Caroline Møller · 88&rsquor;","0","0","Levante","4-3-3",0,0.4,"Andrea Tarazona · 32&rsquor;","0","1","https://fbref.com/en/matches/dafda66a/Real-Madrid-Levante-January-8-2025-Liga-F","Real Madrid","Home",NA,990,606,565,40,3,2,1,26,29,5,1,2,0,518,1,6
"Liga F","2025-01-08","Liga F (Matchweek 8)","Real Madrid","4-2-3-1",6,3.8,"Athenea del Castillo · 12&rsquor; Athenea del Castillo · 45+3&rsquor; Alba Redondo · 46&rsquor; Teresa Abelleira · 66&rsquor; Signe Bruun · 68&rsquor; Caroline Møller · 88&rsquor;","0","0","Levante","4-3-3",0,0.4,"Andrea Tarazona · 32&rsquor;","0","1","https://fbref.com/en/matches/dafda66a/Real-Madrid-Levante-January-8-2025-Liga-F","Levante","Away",NA,931,323,272,51,12,0,2,5,17,2,0,0,0,230,0,11
"Liga F","2025-01-11","Liga F (Matchweek 14)","UDG Tenerife","4-3-3",5,3.3,"Gift Monday · 52&rsquor; Gift Monday · 64&rsquor; Rinsola Babajide · 69&rsquor; Aleksandra Zaremba · 76&rsquor; Sakina Ouzraoui · 81&rsquor;","1","0","Deportivo La Coruña","3-4-3",1,1.6,"Henar Muiña · 25&rsquor;","0","0","https://fbref.com/en/matches/348c9cc7/UDG-Tenerife-Deportivo-La-Coruna-January-11-2025-Liga-F","UDG Tenerife","Home",NA,990,452,400,49,6,1,5,37,28,5,1,3,0,321,3,11
"Liga F","2025-01-11","Liga F (Matchweek 14)","UDG Tenerife","4-3-3",5,3.3,"Gift Monday · 52&rsquor; Gift Monday · 64&rsquor; Rinsola Babajide · 69&rsquor; Aleksandra Zaremba · 76&rsquor; Sakina Ouzraoui · 81&rsquor;","1","0","Deportivo La Coruña","3-4-3",1,1.6,"Henar Muiña · 25&rsquor;","0","0","https://fbref.com/en/matches/348c9cc7/UDG-Tenerife-Deportivo-La-Coruna-January-11-2025-Liga-F","Deportivo La Coruña","Away",NA,990,338,296,41,13,1,1,8,13,2,0,1,0,238,1,5
"Liga F","2025-01-11","Liga F (Matchweek 14)","Espanyol","4-3-3",1,1.1,"Arola Aparicio · 67&rsquor; Júlia Guerra · 90+4&rsquor;","1","1","Athletic Club","3-4-3",2,1.2,"Laia Ballesté (OG) · 15&rsquor; Clara Pinedo · 75&rsquor;","1","0","https://fbref.com/en/matches/7e416859/Espanyol-Athletic-Club-January-11-2025-Liga-F","Espanyol","Home",NA,989,278,232,45,8,0,2,20,23,3,2,0,0,181,1,6
"Liga F","2025-01-11","Liga F (Matchweek 14)","Espanyol","4-3-3",1,1.1,"Arola Aparicio · 67&rsquor; Júlia Guerra · 90+4&rsquor;","1","1","Athletic Club","3-4-3",2,1.2,"Laia Ballesté (OG) · 15&rsquor; Clara Pinedo · 75&rsquor;","1","0","https://fbref.com/en/matches/7e416859/Espanyol-Athletic-Club-January-11-2025-Liga-F","Athletic Club","Away",NA,990,604,545,59,12,0,0,19,26,4,2,1,0,501,0,9
"Liga F","2025-01-11","Liga F (Matchweek 14)","Eibar","3-4-3",0,1.2,"","1","0","Sevilla","4-3-3",3,1.2,"Natalia Padilla-Bidas · 4&rsquor; Natalia Padilla-Bidas · 43&rsquor; Alba Cerrato · 76&rsquor;","2","0","https://fbref.com/en/matches/b436deb8/Eibar-Sevilla-January-11-2025-Liga-F","Eibar","Home",NA,990,445,373,71,18,0,1,30,37,6,2,4,0,293,1,11
"Liga F","2025-01-11","Liga F (Matchweek 14)","Eibar","3-4-3",0,1.2,"","1","0","Sevilla","4-3-3",3,1.2,"Natalia Padilla-Bidas · 4&rsquor; Natalia Padilla-Bidas · 43&rsquor; Alba Cerrato · 76&rsquor;","2","0","https://fbref.com/en/matches/b436deb8/Eibar-Sevilla-January-11-2025-Liga-F","Sevilla","Away",NA,990,294,233,58,12,1,0,4,29,0,0,0,0,150,3,9
"Liga F","2025-01-11","Liga F (Matchweek 14)","Barcelona","4-3-3",6,5.4,"Victoria López · 10&rsquor; Aitana Bonmatí · 24&rsquor; Ewa Pajor · 38&rsquor; Fridolina Rolfö · 56&rsquor; Salma Paralluelo · 77&rsquor; Kika Nazareth · 87&rsquor;","1","0","Levante Las Planas","5-4-1",0,0.3,"","1","0","https://fbref.com/en/matches/ffcfbde3/Barcelona-Levante-Las-Planas-January-11-2025-Liga-F","Barcelona","Home",NA,990,882,837,42,11,4,1,34,19,8,5,1,0,782,3,13
"Liga F","2025-01-11","Liga F (Matchweek 14)","Barcelona","4-3-3",6,5.4,"Victoria López · 10&rsquor; Aitana Bonmatí · 24&rsquor; Ewa Pajor · 38&rsquor; Fridolina Rolfö · 56&rsquor; Salma Paralluelo · 77&rsquor; Kika Nazareth · 87&rsquor;","1","0","Levante Las Planas","5-4-1",0,0.3,"","1","0","https://fbref.com/en/matches/ffcfbde3/Barcelona-Levante-Las-Planas-January-11-2025-Liga-F","Levante Las Planas","Away",NA,990,286,243,39,5,1,1,5,15,2,2,0,0,192,4,8
"Liga F","2025-01-12","Liga F (Matchweek 14)","Atlético Madrid","4-1-4-1",3,1.8,"Rosa Otermín · 7&rsquor; Rosa Otermín · 23&rsquor; Synne Jensen · 66&rsquor;","0","0","Levante","4-2-3-1",0,0.6,"","0","0","https://fbref.com/en/matches/036ae4e0/Atletico-Madrid-Levante-January-12-2025-Liga-F","Atlético Madrid","Home",NA,990,543,491,50,8,1,1,15,31,4,2,0,0,460,2,8
"Liga F","2025-01-12","Liga F (Matchweek 14)","Atlético Madrid","4-1-4-1",3,1.8,"Rosa Otermín · 7&rsquor; Rosa Otermín · 23&rsquor; Synne Jensen · 66&rsquor;","0","0","Levante","4-2-3-1",0,0.6,"","0","0","https://fbref.com/en/matches/036ae4e0/Atletico-Madrid-Levante-January-12-2025-Liga-F","Levante","Away",NA,990,488,434,51,14,0,1,19,23,4,0,0,4,395,3,15
"Liga F","2025-01-12","Liga F (Matchweek 14)","Valencia","4-3-3",0,0.8,"Yasmin Mrabet · 52&rsquor;","6","1","Real Sociedad","4-3-3",2,1.1,"Nahia Aparicio · 70&rsquor; Mirari Uria · 78&rsquor; Ane Etxezarreta · 90+1&rsquor;","5","1","https://fbref.com/en/matches/d0fb6ef0/Valencia-Real-Sociedad-January-12-2025-Liga-F","Valencia","Home",NA,951,256,198,57,16,0,1,18,22,7,5,1,0,159,1,11
"Liga F","2025-01-12","Liga F (Matchweek 14)","Valencia","4-3-3",0,0.8,"Yasmin Mrabet · 52&rsquor;","6","1","Real Sociedad","4-3-3",2,1.1,"Nahia Aparicio · 70&rsquor; Mirari Uria · 78&rsquor; Ane Etxezarreta · 90+1&rsquor;","5","1","https://fbref.com/en/matches/d0fb6ef0/Valencia-Real-Sociedad-January-12-2025-Liga-F","Real Sociedad","Away",NA,989,537,477,56,17,0,2,18,19,6,2,3,0,450,4,12
"Liga F","2025-01-12","Liga F (Matchweek 14)","Real Betis","3-5-2",1,0.7,"Carla Armengol · 48&rsquor; Esther Martín-Pozuelo · 88&rsquor;","3","1","Madrid CFF","3-4-1-2",1,1.1,"Kayla McKenna · 43&rsquor;","1","0","https://fbref.com/en/matches/1ff26d33/Real-Betis-Madrid-CFF-January-12-2025-Liga-F","Real Betis","Home",NA,987,423,367,55,14,0,0,19,23,7,6,1,0,300,1,14
"Liga F","2025-01-12","Liga F (Matchweek 14)","Real Betis","3-5-2",1,0.7,"Carla Armengol · 48&rsquor; Esther Martín-Pozuelo · 88&rsquor;","3","1","Madrid CFF","3-4-1-2",1,1.1,"Kayla McKenna · 43&rsquor;","1","0","https://fbref.com/en/matches/1ff26d33/Real-Betis-Madrid-CFF-January-12-2025-Liga-F","Madrid CFF","Away",NA,990,421,359,54,9,0,3,21,26,6,3,3,0,309,8,15
"Liga F","2025-01-12","Liga F (Matchweek 14)","Real Madrid","4-2-3-1",3,3.7,"Maëlle Lakrar · 15&rsquor; Signe Bruun · 60&rsquor; Eva Navarro · 90+4&rsquor;","0","0","Granada","4-2-3-1",1,1.4,"Edna Imade · 28&rsquor;","1","0","https://fbref.com/en/matches/171d87c8/Real-Madrid-Granada-January-12-2025-Liga-F","Real Madrid","Home",NA,990,509,460,48,10,0,0,17,18,7,4,3,0,389,1,6
"Liga F","2025-01-12","Liga F (Matchweek 14)","Real Madrid","4-2-3-1",3,3.7,"Maëlle Lakrar · 15&rsquor; Signe Bruun · 60&rsquor; Eva Navarro · 90+4&rsquor;","0","0","Granada","4-2-3-1",1,1.4,"Edna Imade · 28&rsquor;","1","0","https://fbref.com/en/matches/171d87c8/Real-Madrid-Granada-January-12-2025-Liga-F","Granada","Away",NA,990,359,308,47,9,0,3,19,21,5,3,0,1,238,4,4
"Liga F","2025-01-17","Liga F (Matchweek 15)","Deportivo La Coruña","3-4-3",1,1,"Millene Cabral · 50&rsquor;","1","0","Levante","4-2-3-1",0,0.9,"","1","0","https://fbref.com/en/matches/6ffda0e3/Deportivo-La-Coruna-Levante-January-17-2025-Liga-F","Deportivo La Coruña","Home",NA,990,367,324,42,4,0,1,13,21,4,0,2,0,270,1,17
"Liga F","2025-01-17","Liga F (Matchweek 15)","Deportivo La Coruña","3-4-3",1,1,"Millene Cabral · 50&rsquor;","1","0","Levante","4-2-3-1",0,0.9,"","1","0","https://fbref.com/en/matches/6ffda0e3/Deportivo-La-Coruna-Levante-January-17-2025-Liga-F","Levante","Away",NA,990,625,574,49,8,0,0,23,28,6,2,3,0,501,2,24
"Liga F","2025-01-18","Liga F (Matchweek 15)","Granada","4-2-3-1",2,1.8,"Edna Imade · 39&rsquor; Ariadna Mingueza · 50&rsquor;","2","0","UDG Tenerife","4-3-3",1,1,"Gift Monday · 90&rsquor;","2","0","https://fbref.com/en/matches/a273849a/Granada-UDG-Tenerife-January-18-2025-Liga-F","Granada","Home",NA,990,471,411,59,15,0,4,19,30,4,4,0,0,345,1,17
"Liga F","2025-01-18","Liga F (Matchweek 15)","Granada","4-2-3-1",2,1.8,"Edna Imade · 39&rsquor; Ariadna Mingueza · 50&rsquor;","2","0","UDG Tenerife","4-3-3",1,1,"Gift Monday · 90&rsquor;","2","0","https://fbref.com/en/matches/a273849a/Granada-UDG-Tenerife-January-18-2025-Liga-F","UDG Tenerife","Away",NA,990,283,223,59,13,1,0,20,29,5,5,0,0,163,1,8
"Liga F","2025-01-18","Liga F (Matchweek 15)","Levante Las Planas","4-2-3-1",1,1,"Irina Uribe · 58&rsquor;","3","0","Atlético Madrid","4-1-4-1",1,0.9,"Rasheedat Ajibade · 16&rsquor;","3","0","https://fbref.com/en/matches/2352068c/Levante-Las-Planas-Atletico-Madrid-January-18-2025-Liga-F","Levante Las Planas","Home",NA,990,417,368,44,15,0,1,11,21,4,4,0,0,307,5,8
"Liga F","2025-01-18","Liga F (Matchweek 15)","Levante Las Planas","4-2-3-1",1,1,"Irina Uribe · 58&rsquor;","3","0","Atlético Madrid","4-1-4-1",1,0.9,"Rasheedat Ajibade · 16&rsquor;","3","0","https://fbref.com/en/matches/2352068c/Levante-Las-Planas-Atletico-Madrid-January-18-2025-Liga-F","Atlético Madrid","Away",NA,990,513,459,50,16,0,1,10,24,2,1,0,0,399,4,15
"Liga F","2025-01-18","Liga F (Matchweek 15)","Athletic Club","3-4-3",0,0.6,"","2","0","Barcelona","4-3-3",2,1.7,"Alexia Putellas · 90&rsquor; Victoria López · 90+4&rsquor;","0","0","https://fbref.com/en/matches/1c0018da/Athletic-Club-Barcelona-January-18-2025-Liga-F","Athletic Club","Home",NA,990,282,242,36,8,0,0,2,14,0,0,0,0,212,4,6
"Liga F","2025-01-18","Liga F (Matchweek 15)","Athletic Club","3-4-3",0,0.6,"","2","0","Barcelona","4-3-3",2,1.7,"Alexia Putellas · 90&rsquor; Victoria López · 90+4&rsquor;","0","0","https://fbref.com/en/matches/1c0018da/Athletic-Club-Barcelona-January-18-2025-Liga-F","Barcelona","Away",NA,990,736,687,47,14,0,3,22,25,6,3,2,0,628,2,7
"Liga F","2025-01-18","Liga F (Matchweek 15)","Madrid CFF","3-5-2",1,1.2,"Bárbara López · 4&rsquor;","0","0","Valencia","4-3-3",1,1,"Marta Carro · 7&rsquor;","1","0","https://fbref.com/en/matches/c336e44b/Madrid-CFF-Valencia-January-18-2025-Liga-F","Madrid CFF","Home",NA,990,565,493,65,8,0,1,15,37,7,5,2,0,430,7,18
"Liga F","2025-01-18","Liga F (Matchweek 15)","Madrid CFF","3-5-2",1,1.2,"Bárbara López · 4&rsquor;","0","0","Valencia","4-3-3",1,1,"Marta Carro · 7&rsquor;","1","0","https://fbref.com/en/matches/c336e44b/Madrid-CFF-Valencia-January-18-2025-Liga-F","Valencia","Away",NA,990,287,219,68,19,0,1,13,39,1,1,0,0,159,0,9
"Liga F","2025-01-19","Liga F (Matchweek 15)","Real Sociedad","4-3-3",4,2.1,"Sanni Franssi · 60&rsquor; Lucia Pardo · 70&rsquor; Klára Cahynová · 75&rsquor; Laia Ballesté (OG) · 77&rsquor;","0","0","Espanyol","4-3-3",1,0.9,"Arola Aparicio · 1&rsquor;","1","0","https://fbref.com/en/matches/1474da43/Real-Sociedad-Espanyol-January-19-2025-Liga-F","Real Sociedad","Home",NA,990,586,536,49,12,1,2,14,21,6,2,3,0,491,1,7
"Liga F","2025-01-19","Liga F (Matchweek 15)","Real Sociedad","4-3-3",4,2.1,"Sanni Franssi · 60&rsquor; Lucia Pardo · 70&rsquor; Klára Cahynová · 75&rsquor; Laia Ballesté (OG) · 77&rsquor;","0","0","Espanyol","4-3-3",1,0.9,"Arola Aparicio · 1&rsquor;","1","0","https://fbref.com/en/matches/1474da43/Real-Sociedad-Espanyol-January-19-2025-Liga-F","Espanyol","Away",NA,990,226,175,49,8,0,0,15,26,5,3,1,0,134,2,9
"Liga F","2025-01-19","Liga F (Matchweek 15)","Real Madrid","4-2-3-1",0,1.6,"","1","0","Eibar","4-3-3",1,0.4,"Andrea Álvarez · 28&rsquor;","0","0","https://fbref.com/en/matches/460ee1e0/Real-Madrid-Eibar-January-19-2025-Liga-F","Real Madrid","Home",NA,990,722,667,48,6,0,0,27,25,9,3,4,0,612,7,7
"Liga F","2025-01-19","Liga F (Matchweek 15)","Real Madrid","4-2-3-1",0,1.6,"","1","0","Eibar","4-3-3",1,0.4,"Andrea Álvarez · 28&rsquor;","0","0","https://fbref.com/en/matches/460ee1e0/Real-Madrid-Eibar-January-19-2025-Liga-F","Eibar","Away",NA,990,210,154,55,16,0,0,7,20,2,1,1,0,90,1,3
"Liga F","2025-01-19","Liga F (Matchweek 15)","Sevilla","4-2-3-1",2,1.6,"Lucía Moral · 54&rsquor; Millaray Cortés · 78&rsquor;","1","0","Real Betis","5-3-2",0,0.7,"","2","0","https://fbref.com/en/matches/b9890313/Sevilla-Real-Betis-January-19-2025-Liga-F","Sevilla","Home",NA,990,326,272,51,10,2,1,18,33,3,3,0,0,186,3,7
"Liga F","2025-01-19","Liga F (Matchweek 15)","Sevilla","4-2-3-1",2,1.6,"Lucía Moral · 54&rsquor; Millaray Cortés · 78&rsquor;","1","0","Real Betis","5-3-2",0,0.7,"","2","0","https://fbref.com/en/matches/b9890313/Sevilla-Real-Betis-January-19-2025-Liga-F","Real Betis","Away",NA,990,475,407,66,17,0,4,10,30,3,2,1,0,356,2,14
"Liga F","2025-01-25","Liga F (Matchweek 16)","UDG Tenerife","4-2-3-1",2,0.8,"María José Pérez · 40&rsquor; Gift Monday · 56&rsquor;","2","0","Madrid CFF","5-4-1",0,1.6,"","2","0","https://fbref.com/en/matches/d7e2d340/UDG-Tenerife-Madrid-CFF-January-25-2025-Liga-F","UDG Tenerife","Home",NA,990,363,303,56,10,0,0,18,31,4,3,0,0,227,4,11
"Liga F","2025-01-25","Liga F (Matchweek 16)","UDG Tenerife","4-2-3-1",2,0.8,"María José Pérez · 40&rsquor; Gift Monday · 56&rsquor;","2","0","Madrid CFF","5-4-1",0,1.6,"","2","0","https://fbref.com/en/matches/d7e2d340/UDG-Tenerife-Madrid-CFF-January-25-2025-Liga-F","Madrid CFF","Away",NA,990,481,422,58,15,0,1,8,26,2,2,0,0,353,1,14
"Liga F","2025-01-25","Liga F (Matchweek 16)","Levante","3-4-3",1,0.3,"Ivonne Chacón · 47&rsquor;","1","0","Levante Las Planas","4-2-3-1",1,0.9,"Ghizlane Chebbak · 52&rsquor;","2","0","https://fbref.com/en/matches/086081e4/Levante-Levante-Las-Planas-January-25-2025-Liga-F","Levante","Home",NA,990,373,312,57,12,0,0,12,31,3,2,1,0,254,4,10
"Liga F","2025-01-25","Liga F (Matchweek 16)","Levante","3-4-3",1,0.3,"Ivonne Chacón · 47&rsquor;","1","0","Levante Las Planas","4-2-3-1",1,0.9,"Ghizlane Chebbak · 52&rsquor;","2","0","https://fbref.com/en/matches/086081e4/Levante-Levante-Las-Planas-January-25-2025-Liga-F","Levante Las Planas","Away",NA,990,556,503,51,12,0,5,19,26,4,2,1,0,441,2,12
"Liga F","2025-01-25","Liga F (Matchweek 16)","Valencia","4-3-3",0,1.4,"","0","0","Athletic Club","3-4-3",1,0.8,"Vilariño · 60&rsquor;","2","0","https://fbref.com/en/matches/c2cae957/Valencia-Athletic-Club-January-25-2025-Liga-F","Valencia","Home",NA,990,397,348,48,15,0,3,16,20,3,1,1,0,301,1,9
"Liga F","2025-01-25","Liga F (Matchweek 16)","Valencia","4-3-3",0,1.4,"","0","0","Athletic Club","3-4-3",1,0.8,"Vilariño · 60&rsquor;","2","0","https://fbref.com/en/matches/c2cae957/Valencia-Athletic-Club-January-25-2025-Liga-F","Athletic Club","Away",NA,990,513,456,54,15,0,6,23,22,8,3,4,0,399,3,7
"Liga F","2025-01-25","Liga F (Matchweek 16)","Eibar","5-3-2",0,0.6,"","1","0","Granada","4-4-2",0,0.5,"","1","0","https://fbref.com/en/matches/7f41c2d2/Eibar-Granada-January-25-2025-Liga-F","Eibar","Home",NA,990,254,212,41,11,0,0,9,16,2,1,1,0,126,1,8
"Liga F","2025-01-25","Liga F (Matchweek 16)","Eibar","5-3-2",0,0.6,"","1","0","Granada","4-4-2",0,0.5,"","1","0","https://fbref.com/en/matches/7f41c2d2/Eibar-Granada-January-25-2025-Liga-F","Granada","Away",NA,990,619,568,47,8,0,2,27,29,6,3,3,0,473,4,5
"Liga F","2025-01-26","Liga F (Matchweek 16)","Real Betis","5-3-2",0,0.4,"","3","0","Deportivo La Coruña","3-4-3",2,1.7,"Paula Gutiérrez · 47&rsquor; Ainhoa Marín · 57&rsquor;","2","0","https://fbref.com/en/matches/b67f7467/Real-Betis-Deportivo-La-Coruna-January-26-2025-Liga-F","Real Betis","Home",NA,989,445,379,64,12,0,0,21,35,3,1,1,0,333,2,11
"Liga F","2025-01-26","Liga F (Matchweek 16)","Real Betis","5-3-2",0,0.4,"","3","0","Deportivo La Coruña","3-4-3",2,1.7,"Paula Gutiérrez · 47&rsquor; Ainhoa Marín · 57&rsquor;","2","0","https://fbref.com/en/matches/b67f7467/Real-Betis-Deportivo-La-Coruna-January-26-2025-Liga-F","Deportivo La Coruña","Away",NA,990,330,280,48,16,0,2,13,18,5,0,3,0,241,2,11
"Liga F","2025-01-26","Liga F (Matchweek 16)","Espanyol","4-1-4-1",0,0.9,"","0","0","Sevilla","4-2-3-1",0,0.3,"","2","0","https://fbref.com/en/matches/0c723c9a/Espanyol-Sevilla-January-26-2025-Liga-F","Espanyol","Home",NA,990,346,296,48,7,0,1,16,30,4,1,1,1,197,2,11
"Liga F","2025-01-26","Liga F (Matchweek 16)","Espanyol","4-1-4-1",0,0.9,"","0","0","Sevilla","4-2-3-1",0,0.3,"","2","0","https://fbref.com/en/matches/0c723c9a/Espanyol-Sevilla-January-26-2025-Liga-F","Sevilla","Away",NA,990,390,329,60,11,0,0,8,37,1,1,0,0,253,1,10
"Liga F","2025-01-31","Liga F (Matchweek 17)","Real Madrid","4-2-3-1",5,2.6,"Maëlle Lakrar · 39&rsquor; Athenea del Castillo · 45+2&rsquor; Linda Caicedo · 51&rsquor; Alba Redondo · 64&rsquor; María Méndez · 90+2&rsquor;","1","0","Espanyol","5-4-1",0,0.2,"","2","0","https://fbref.com/en/matches/fafc072f/Real-Madrid-Espanyol-January-31-2025-Liga-F","Real Madrid","Home",NA,990,670,626,43,9,2,7,19,23,5,5,0,0,581,1,9
"Liga F","2025-01-31","Liga F (Matchweek 17)","Real Madrid","4-2-3-1",5,2.6,"Maëlle Lakrar · 39&rsquor; Athenea del Castillo · 45+2&rsquor; Linda Caicedo · 51&rsquor; Alba Redondo · 64&rsquor; María Méndez · 90+2&rsquor;","1","0","Espanyol","5-4-1",0,0.2,"","2","0","https://fbref.com/en/matches/fafc072f/Real-Madrid-Espanyol-January-31-2025-Liga-F","Espanyol","Away",NA,990,250,214,34,8,0,1,3,11,0,0,0,0,170,2,4
"Liga F","2025-02-01","Liga F (Matchweek 17)","Madrid CFF","3-5-2",0,0.4,"","1","0","Real Sociedad","4-2-3-1",2,1.3,"Nerea Eizaguirre · 33&rsquor; Lucia Pardo · 90+2&rsquor;","2","0","https://fbref.com/en/matches/357e378e/Madrid-CFF-Real-Sociedad-February-1-2025-Liga-F","Madrid CFF","Home",NA,990,486,425,59,9,0,2,23,29,5,3,2,0,351,2,10
"Liga F","2025-02-01","Liga F (Matchweek 17)","Madrid CFF","3-5-2",0,0.4,"","1","0","Real Sociedad","4-2-3-1",2,1.3,"Nerea Eizaguirre · 33&rsquor; Lucia Pardo · 90+2&rsquor;","2","0","https://fbref.com/en/matches/357e378e/Madrid-CFF-Real-Sociedad-February-1-2025-Liga-F","Real Sociedad","Away",NA,990,351,283,67,9,0,1,8,41,3,2,1,0,227,1,12
"Liga F","2025-02-01","Liga F (Matchweek 17)","Deportivo La Coruña","3-4-3",1,1,"Ainhoa Marín · 14&rsquor;","0","0","Valencia","3-4-3",1,0.8,"Emma Martín · 85&rsquor;","4","0","https://fbref.com/en/matches/1d8f95f6/Deportivo-La-Coruna-Valencia-February-1-2025-Liga-F","Deportivo La Coruña","Home",NA,990,431,369,59,18,0,3,19,21,6,3,1,0,310,3,7
"Liga F","2025-02-01","Liga F (Matchweek 17)","Deportivo La Coruña","3-4-3",1,1,"Ainhoa Marín · 14&rsquor;","0","0","Valencia","3-4-3",1,0.8,"Emma Martín · 85&rsquor;","4","0","https://fbref.com/en/matches/1d8f95f6/Deportivo-La-Coruna-Valencia-February-1-2025-Liga-F","Valencia","Away",NA,990,286,234,50,6,1,0,37,19,12,7,4,0,167,2,13
"Liga F","2025-02-01","Liga F (Matchweek 17)","Barcelona","4-3-3",1,4.8,"Fridolina Rolfö · 90+5&rsquor;","1","0","Levante","5-4-1",2,1.2,"María Alharilla Casado · 50&rsquor; Ivonne Chacón · 90+4&rsquor; Ainhoa Estevez · 90+6&rsquor;","5","1","https://fbref.com/en/matches/e6455cc3/Barcelona-Levante-February-1-2025-Liga-F","Barcelona","Home",NA,990,770,725,45,9,0,1,52,14,18,14,3,0,649,0,21
"Liga F","2025-02-01","Liga F (Matchweek 17)","Barcelona","4-3-3",1,4.8,"Fridolina Rolfö · 90+5&rsquor;","1","0","Levante","5-4-1",2,1.2,"María Alharilla Casado · 50&rsquor; Ivonne Chacón · 90+4&rsquor; Ainhoa Estevez · 90+6&rsquor;","5","1","https://fbref.com/en/matches/e6455cc3/Barcelona-Levante-February-1-2025-Liga-F","Levante","Away",NA,989,215,165,47,9,0,1,2,10,1,1,0,0,132,3,4
"Liga F","2025-02-02","Liga F (Matchweek 17)","Sevilla","4-3-3",0,1.1,"Alba Cerrato · 87&rsquor;","3","1","UDG Tenerife","4-3-3",2,1.2,"Rinsola Babajide · 9&rsquor; Gift Monday · 56&rsquor;","2","0","https://fbref.com/en/matches/b898879a/Sevilla-UDG-Tenerife-February-2-2025-Liga-F","Sevilla","Home",NA,986,472,421,50,14,0,1,21,23,3,1,0,0,363,1,6
"Liga F","2025-02-02","Liga F (Matchweek 17)","Sevilla","4-3-3",0,1.1,"Alba Cerrato · 87&rsquor;","3","1","UDG Tenerife","4-3-3",2,1.2,"Rinsola Babajide · 9&rsquor; Gift Monday · 56&rsquor;","2","0","https://fbref.com/en/matches/b898879a/Sevilla-UDG-Tenerife-February-2-2025-Liga-F","UDG Tenerife","Away",NA,990,325,276,44,12,0,0,10,16,6,3,1,0,229,5,7
"Liga F","2025-02-02","Liga F (Matchweek 17)","Athletic Club","3-4-3",0,0.9,"","1","0","Eibar","3-1-4-2",1,0.8,"Elba Vergés Prats · 3&rsquor;","1","0","https://fbref.com/en/matches/10aa181e/Athletic-Club-Eibar-February-2-2025-Liga-F","Athletic Club","Home",NA,990,657,591,66,14,1,2,36,34,11,4,3,1,501,0,14
"Liga F","2025-02-02","Liga F (Matchweek 17)","Athletic Club","3-4-3",0,0.9,"","1","0","Eibar","3-1-4-2",1,0.8,"Elba Vergés Prats · 3&rsquor;","1","0","https://fbref.com/en/matches/10aa181e/Athletic-Club-Eibar-February-2-2025-Liga-F","Eibar","Away",NA,990,277,231,45,6,0,0,7,22,2,0,1,0,143,1,9
"Liga F","2025-02-02","Liga F (Matchweek 17)","Levante Las Planas","4-2-3-1",2,1,"Itziar Pinillos · 13&rsquor; Macarena Portales · 71&rsquor;","4","0","Real Betis","5-3-2",1,0.9,"Rosa Marquez (P) · 70&rsquor;","0","0","https://fbref.com/en/matches/ac0c8738/Levante-Las-Planas-Real-Betis-February-2-2025-Liga-F","Levante Las Planas","Home",NA,990,447,396,50,14,1,2,14,25,7,7,0,0,300,1,10
"Liga F","2025-02-02","Liga F (Matchweek 17)","Levante Las Planas","4-2-3-1",2,1,"Itziar Pinillos · 13&rsquor; Macarena Portales · 71&rsquor;","4","0","Real Betis","5-3-2",1,0.9,"Rosa Marquez (P) · 70&rsquor;","0","0","https://fbref.com/en/matches/ac0c8738/Levante-Las-Planas-Real-Betis-February-2-2025-Liga-F","Real Betis","Away",NA,990,435,377,54,16,1,1,12,25,1,0,1,0,293,4,6
"Liga F","2025-02-02","Liga F (Matchweek 17)","Granada","4-4-2",0,0.9,"","2","0","Atlético Madrid","3-4-3",0,0.6,"","1","0","https://fbref.com/en/matches/41fc40ab/Granada-Atletico-Madrid-February-2-2025-Liga-F","Granada","Home",NA,990,404,350,51,11,0,1,27,27,5,1,4,0,277,3,12
"Liga F","2025-02-02","Liga F (Matchweek 17)","Granada","4-4-2",0,0.9,"","2","0","Atlético Madrid","3-4-3",0,0.6,"","1","0","https://fbref.com/en/matches/41fc40ab/Granada-Atletico-Madrid-February-2-2025-Liga-F","Atlético Madrid","Away",NA,990,544,498,44,10,0,0,13,17,5,1,2,0,438,2,11
"Liga F","2025-02-04","Liga F (Matchweek 11)","Real Sociedad","4-2-3-1",1,1,"Lucia Pardo · 71&rsquor;","2","0","Real Madrid","4-2-3-1",4,1.5,"Signe Bruun · 5&rsquor; Signe Bruun · 27&rsquor; Andreia Jacinto (OG) · 69&rsquor; Alba Redondo · 84&rsquor;","4","0","https://fbref.com/en/matches/a2b3d32c/Real-Sociedad-Real-Madrid-February-4-2025-Liga-F","Real Sociedad","Home",NA,990,491,444,44,10,0,0,17,18,6,4,0,0,391,3,12
"Liga F","2025-02-04","Liga F (Matchweek 11)","Real Sociedad","4-2-3-1",1,1,"Lucia Pardo · 71&rsquor;","2","0","Real Madrid","4-2-3-1",4,1.5,"Signe Bruun · 5&rsquor; Signe Bruun · 27&rsquor; Andreia Jacinto (OG) · 69&rsquor; Alba Redondo · 84&rsquor;","4","0","https://fbref.com/en/matches/a2b3d32c/Real-Sociedad-Real-Madrid-February-4-2025-Liga-F","Real Madrid","Away",NA,990,446,400,46,14,1,3,10,22,1,1,0,0,355,0,9
"Liga F","2025-02-07","Liga F (Matchweek 18)","Atlético Madrid","3-4-1-2",1,1,"Tatiana Pinto · 51&rsquor;","3","0","Sevilla","4-3-3",0,0.2,"","3","0","https://fbref.com/en/matches/bec52544/Atletico-Madrid-Sevilla-February-7-2025-Liga-F","Atlético Madrid","Home",NA,990,629,596,32,6,3,2,10,19,0,0,0,0,531,1,7
"Liga F","2025-02-07","Liga F (Matchweek 18)","Atlético Madrid","3-4-1-2",1,1,"Tatiana Pinto · 51&rsquor;","3","0","Sevilla","4-3-3",0,0.2,"","3","0","https://fbref.com/en/matches/bec52544/Atletico-Madrid-Sevilla-February-7-2025-Liga-F","Sevilla","Away",NA,990,335,289,45,13,0,0,10,17,1,1,0,0,233,1,9
"Liga F","2025-02-08","Liga F (Matchweek 18)","Eibar","5-3-2",1,1,"Laura Camino · 90&rsquor;","2","0","Madrid CFF","3-1-4-2",2,1.8,"Mônica (P) · 19&rsquor; Esther Laborde · 54&rsquor;","1","0","https://fbref.com/en/matches/a5c7f5a5/Eibar-Madrid-CFF-February-8-2025-Liga-F","Eibar","Home",NA,990,372,298,73,14,0,2,14,41,5,2,3,0,225,1,12
"Liga F","2025-02-08","Liga F (Matchweek 18)","Eibar","5-3-2",1,1,"Laura Camino · 90&rsquor;","2","0","Madrid CFF","3-1-4-2",2,1.8,"Mônica (P) · 19&rsquor; Esther Laborde · 54&rsquor;","1","0","https://fbref.com/en/matches/a5c7f5a5/Eibar-Madrid-CFF-February-8-2025-Liga-F","Madrid CFF","Away",NA,990,466,409,51,13,0,0,6,23,1,0,0,0,316,6,7
"Liga F","2025-02-08","Liga F (Matchweek 18)","Levante Las Planas","4-2-3-1",0,0.4,"","2","0","Granada","4-4-2",2,1.8,"Isabel Álvarez · 50&rsquor; Alexia Fernández · 82&rsquor;","3","0","https://fbref.com/en/matches/44a8b2ef/Levante-Las-Planas-Granada-February-8-2025-Liga-F","Levante Las Planas","Home",NA,990,374,331,43,15,0,4,11,16,3,3,0,0,267,0,11
"Liga F","2025-02-08","Liga F (Matchweek 18)","Levante Las Planas","4-2-3-1",0,0.4,"","2","0","Granada","4-4-2",2,1.8,"Isabel Álvarez · 50&rsquor; Alexia Fernández · 82&rsquor;","3","0","https://fbref.com/en/matches/44a8b2ef/Levante-Las-Planas-Granada-February-8-2025-Liga-F","Granada","Away",NA,990,481,429,48,15,0,1,20,18,7,5,1,0,371,4,5
"Liga F","2025-02-08","Liga F (Matchweek 18)","Levante","3-5-2",1,0.3,"Eva Alonso · 42&rsquor;","2","0","Real Madrid","4-2-3-1",2,3.3,"Caroline Weir (P) · 23&rsquor; Alba Redondo · 27&rsquor;","2","0","https://fbref.com/en/matches/ecfa9cbf/Levante-Real-Madrid-February-8-2025-Liga-F","Levante","Home",NA,990,412,351,60,10,0,1,11,25,7,4,2,0,314,1,4
"Liga F","2025-02-08","Liga F (Matchweek 18)","Levante","3-5-2",1,0.3,"Eva Alonso · 42&rsquor;","2","0","Real Madrid","4-2-3-1",2,3.3,"Caroline Weir (P) · 23&rsquor; Alba Redondo · 27&rsquor;","2","0","https://fbref.com/en/matches/ecfa9cbf/Levante-Real-Madrid-February-8-2025-Liga-F","Real Madrid","Away",NA,990,573,512,58,11,1,1,30,27,9,8,0,0,476,3,6
"Liga F","2025-02-08","Liga F (Matchweek 18)","Real Sociedad","4-2-3-1",1,1.8,"Elene Guridi · 26&rsquor; Elene Lete · 47&rsquor;","1","1","Deportivo La Coruña","3-4-3",2,0.4,"Olaya Rodríguez · 50&rsquor; Millene Cabral · 52&rsquor;","2","0","https://fbref.com/en/matches/8b956435/Real-Sociedad-Deportivo-La-Coruna-February-8-2025-Liga-F","Real Sociedad","Home",NA,946,538,489,44,6,0,0,26,24,7,3,4,0,427,5,8
"Liga F","2025-02-08","Liga F (Matchweek 18)","Real Sociedad","4-2-3-1",1,1.8,"Elene Guridi · 26&rsquor; Elene Lete · 47&rsquor;","1","1","Deportivo La Coruña","3-4-3",2,0.4,"Olaya Rodríguez · 50&rsquor; Millene Cabral · 52&rsquor;","2","0","https://fbref.com/en/matches/8b956435/Real-Sociedad-Deportivo-La-Coruna-February-8-2025-Liga-F","Deportivo La Coruña","Away",NA,990,346,302,44,10,0,2,9,16,4,0,2,0,242,0,7
"Liga F","2025-02-09","Liga F (Matchweek 18)","Valencia","4-3-3",1,0.3,"Yasmin Mrabet · 13&rsquor;","0","0","UDG Tenerife","4-3-3",2,2,"Rinsola Babajide (P) · 52&rsquor; Gift Monday · 90&rsquor;","2","0","https://fbref.com/en/matches/b1aecf40/Valencia-UDG-Tenerife-February-9-2025-Liga-F","Valencia","Home",NA,990,305,248,56,21,0,2,10,22,1,1,0,0,196,1,6
"Liga F","2025-02-09","Liga F (Matchweek 18)","Valencia","4-3-3",1,0.3,"Yasmin Mrabet · 13&rsquor;","0","0","UDG Tenerife","4-3-3",2,2,"Rinsola Babajide (P) · 52&rsquor; Gift Monday · 90&rsquor;","2","0","https://fbref.com/en/matches/b1aecf40/Valencia-UDG-Tenerife-February-9-2025-Liga-F","UDG Tenerife","Away",NA,990,573,517,54,10,0,0,36,29,3,3,0,0,452,2,6
"Liga F","2025-02-09","Liga F (Matchweek 18)","Espanyol","3-5-2",0,0.1,"","3","0","Barcelona","4-3-3",2,1.9,"Caroline Graham Hansen · 73&rsquor; Salma Paralluelo · 76&rsquor;","2","0","https://fbref.com/en/matches/99edd48d/Espanyol-Barcelona-February-9-2025-Liga-F","Espanyol","Home",NA,990,157,112,43,6,0,0,5,13,2,1,0,0,72,2,4
"Liga F","2025-02-09","Liga F (Matchweek 18)","Espanyol","3-5-2",0,0.1,"","3","0","Barcelona","4-3-3",2,1.9,"Caroline Graham Hansen · 73&rsquor; Salma Paralluelo · 76&rsquor;","2","0","https://fbref.com/en/matches/99edd48d/Espanyol-Barcelona-February-9-2025-Liga-F","Barcelona","Away",NA,990,753,708,45,10,0,0,28,19,13,8,1,0,652,0,11
"Liga F","2025-02-09","Liga F (Matchweek 18)","Real Betis","4-4-2",0,0.4,"","2","0","Athletic Club","3-4-3",4,2.4,"Ane Azkona · 17&rsquor; Clara Pinedo · 34&rsquor; Maddi Torre · 42&rsquor; Rhiannon Roberts (OG) · 62&rsquor;","0","0","https://fbref.com/en/matches/fb25b7e8/Real-Betis-Athletic-Club-February-9-2025-Liga-F","Real Betis","Home",NA,990,361,320,41,11,0,1,8,20,3,2,1,0,269,0,6
"Liga F","2025-02-09","Liga F (Matchweek 18)","Real Betis","4-4-2",0,0.4,"","2","0","Athletic Club","3-4-3",4,2.4,"Ane Azkona · 17&rsquor; Clara Pinedo · 34&rsquor; Maddi Torre · 42&rsquor; Rhiannon Roberts (OG) · 62&rsquor;","0","0","https://fbref.com/en/matches/fb25b7e8/Real-Betis-Athletic-Club-February-9-2025-Liga-F","Athletic Club","Away",NA,990,570,507,60,9,0,0,21,27,12,8,0,0,470,3,13
"Liga F","2025-02-15","Liga F (Matchweek 19)","Sevilla","4-3-3",3,3,"Millaray Cortés · 3&rsquor; Natalia Padilla-Bidas · 32&rsquor; Raquel Morcillo · 85&rsquor;","2","0","Valencia","4-3-3",1,1.6,"Yasmin Mrabet · 50&rsquor;","2","0","https://fbref.com/en/matches/cfa995b5/Sevilla-Valencia-February-15-2025-Liga-F","Sevilla","Home",NA,990,462,417,42,10,2,1,14,23,0,0,0,0,350,3,8
"Liga F","2025-02-15","Liga F (Matchweek 19)","Sevilla","4-3-3",3,3,"Millaray Cortés · 3&rsquor; Natalia Padilla-Bidas · 32&rsquor; Raquel Morcillo · 85&rsquor;","2","0","Valencia","4-3-3",1,1.6,"Yasmin Mrabet · 50&rsquor;","2","0","https://fbref.com/en/matches/cfa995b5/Sevilla-Valencia-February-15-2025-Liga-F","Valencia","Away",NA,990,363,305,58,12,1,6,18,27,8,5,1,0,256,0,16
"Liga F","2025-02-15","Liga F (Matchweek 19)","UDG Tenerife","4-3-3",1,1.7,"Jassina Blom · 85&rsquor;","2","0","Eibar","3-2-4-1",1,0.9,"Carmen Álvarez (P) · 18&rsquor;","3","0","https://fbref.com/en/matches/55a95764/UDG-Tenerife-Eibar-February-15-2025-Liga-F","UDG Tenerife","Home",NA,990,564,492,68,10,0,1,25,47,6,3,0,0,400,4,9
"Liga F","2025-02-15","Liga F (Matchweek 19)","UDG Tenerife","4-3-3",1,1.7,"Jassina Blom · 85&rsquor;","2","0","Eibar","3-2-4-1",1,0.9,"Carmen Álvarez (P) · 18&rsquor;","3","0","https://fbref.com/en/matches/55a95764/UDG-Tenerife-Eibar-February-15-2025-Liga-F","Eibar","Away",NA,990,219,166,53,16,0,0,9,22,0,0,0,0,84,0,3
"Liga F","2025-02-16","Liga F (Matchweek 19)","Athletic Club","3-4-3",2,2.5,"Ane Azkona · 27&rsquor; Ane Azkona · 59&rsquor;","2","0","Real Sociedad","4-1-2-1-2",0,1.3,"","0","0","https://fbref.com/en/matches/cb0ab8db/Athletic-Club-Real-Sociedad-February-16-2025-Liga-F","Athletic Club","Home",NA,990,447,406,39,11,0,1,10,19,4,2,1,1,366,2,13
"Liga F","2025-02-16","Liga F (Matchweek 19)","Athletic Club","3-4-3",2,2.5,"Ane Azkona · 27&rsquor; Ane Azkona · 59&rsquor;","2","0","Real Sociedad","4-1-2-1-2",0,1.3,"","0","0","https://fbref.com/en/matches/cb0ab8db/Athletic-Club-Real-Sociedad-February-16-2025-Liga-F","Real Sociedad","Away",NA,990,582,532,47,14,2,0,19,22,2,1,0,1,497,3,16
"Liga F","2025-02-16","Liga F (Matchweek 19)","Deportivo La Coruña","3-4-3",0,0.8,"","1","0","Atlético Madrid","3-4-1-2",0,0.5,"","1","0","https://fbref.com/en/matches/9fa73f75/Deportivo-La-Coruna-Atletico-Madrid-February-16-2025-Liga-F","Deportivo La Coruña","Home",NA,990,330,286,43,11,0,0,7,17,0,0,0,0,231,1,5
"Liga F","2025-02-16","Liga F (Matchweek 19)","Deportivo La Coruña","3-4-3",0,0.8,"","1","0","Atlético Madrid","3-4-1-2",0,0.5,"","1","0","https://fbref.com/en/matches/9fa73f75/Deportivo-La-Coruna-Atletico-Madrid-February-16-2025-Liga-F","Atlético Madrid","Away",NA,990,588,548,39,9,0,0,25,24,3,3,0,0,505,1,8
"Liga F","2025-02-16","Liga F (Matchweek 19)","Granada","4-4-2",2,1.2,"Edna Imade · 65&rsquor; Ariadna Mingueza · 67&rsquor;","3","0","Espanyol","5-3-2",1,0.1,"Lice Chamorro · 30&rsquor;","0","0","https://fbref.com/en/matches/9e0cf7a5/Granada-Espanyol-February-16-2025-Liga-F","Granada","Home",NA,990,498,438,57,10,0,2,24,28,7,6,0,0,378,3,11
"Liga F","2025-02-16","Liga F (Matchweek 19)","Granada","4-4-2",2,1.2,"Edna Imade · 65&rsquor; Ariadna Mingueza · 67&rsquor;","3","0","Espanyol","5-3-2",1,0.1,"Lice Chamorro · 30&rsquor;","0","0","https://fbref.com/en/matches/9e0cf7a5/Granada-Espanyol-February-16-2025-Liga-F","Espanyol","Away",NA,990,233,176,56,15,0,0,10,24,2,2,0,0,134,1,10
"Liga F","2025-02-16","Liga F (Matchweek 19)","Barcelona","4-3-3",5,2.6,"Mapi León · 14&rsquor; Ewa Pajor · 30&rsquor; Victoria López · 51&rsquor; Fridolina Rolfö · 61&rsquor; Sydney Schertenleib · 88&rsquor;","1","0","Madrid CFF","3-4-3",1,0.8,"Florencia Bonsegundo · 3&rsquor;","1","0","https://fbref.com/en/matches/48c1edae/Barcelona-Madrid-CFF-February-16-2025-Liga-F","Barcelona","Home",NA,990,771,722,47,4,1,0,16,29,8,2,0,0,679,2,9
"Liga F","2025-02-16","Liga F (Matchweek 19)","Barcelona","4-3-3",5,2.6,"Mapi León · 14&rsquor; Ewa Pajor · 30&rsquor; Victoria López · 51&rsquor; Fridolina Rolfö · 61&rsquor; Sydney Schertenleib · 88&rsquor;","1","0","Madrid CFF","3-4-3",1,0.8,"Florencia Bonsegundo · 3&rsquor;","1","0","https://fbref.com/en/matches/48c1edae/Barcelona-Madrid-CFF-February-16-2025-Liga-F","Madrid CFF","Away",NA,990,277,236,40,7,0,1,3,10,1,0,1,0,172,1,12
"Liga F","2025-02-16","Liga F (Matchweek 19)","Levante","4-2-3-1",1,0.9,"Estela Carbonell · 69&rsquor;","1","0","Real Betis","4-4-2",2,1.3,"Rosa Marquez · 29&rsquor; Tiffany Cameron · 40&rsquor;","4","0","https://fbref.com/en/matches/5100ccc3/Levante-Real-Betis-February-16-2025-Liga-F","Levante","Home",NA,990,655,591,61,12,0,1,22,37,5,4,0,0,539,3,11
"Liga F","2025-02-16","Liga F (Matchweek 19)","Levante","4-2-3-1",1,0.9,"Estela Carbonell · 69&rsquor;","1","0","Real Betis","4-4-2",2,1.3,"Rosa Marquez · 29&rsquor; Tiffany Cameron · 40&rsquor;","4","0","https://fbref.com/en/matches/5100ccc3/Levante-Real-Betis-February-16-2025-Liga-F","Real Betis","Away",NA,990,286,230,55,19,0,1,4,21,1,1,0,0,178,1,6
"Liga F","2025-02-16","Liga F (Matchweek 19)","Real Madrid","4-2-3-1",3,2.2,"Eva Navarro · 40&rsquor; Maëlle Lakrar · 45+1&rsquor; Alba Redondo · 90+3&rsquor;","3","0","Levante Las Planas","4-3-1-2",2,1.8,"María Llompart (P) · 13&rsquor; Rebecca Elloh · 81&rsquor;","1","0","https://fbref.com/en/matches/9c24c7b7/Real-Madrid-Levante-Las-Planas-February-16-2025-Liga-F","Real Madrid","Home",NA,990,685,625,55,12,0,3,31,29,4,4,0,0,581,5,12
"Liga F","2025-02-16","Liga F (Matchweek 19)","Real Madrid","4-2-3-1",3,2.2,"Eva Navarro · 40&rsquor; Maëlle Lakrar · 45+1&rsquor; Alba Redondo · 90+3&rsquor;","3","0","Levante Las Planas","4-3-1-2",2,1.8,"María Llompart (P) · 13&rsquor; Rebecca Elloh · 81&rsquor;","1","0","https://fbref.com/en/matches/9c24c7b7/Real-Madrid-Levante-Las-Planas-February-16-2025-Liga-F","Levante Las Planas","Away",NA,990,309,257,49,11,0,0,7,20,3,2,0,0,190,3,7
"Liga F","2025-03-01","Liga F (Matchweek 20)","Real Betis","4-4-2",1,1.1,"María Ruíz · 16&rsquor;","4","0","Granada","4-4-2",3,1.3,"Paula Arana (P) · 37&rsquor; Laura Requena · 73&rsquor; Carla Armengol (OG) · 77&rsquor;","4","0","https://fbref.com/en/matches/a3da9717/Real-Betis-Granada-March-1-2025-Liga-F","Real Betis","Home",NA,990,355,301,53,17,1,3,13,24,2,0,0,0,252,1,12
"Liga F","2025-03-01","Liga F (Matchweek 20)","Real Betis","4-4-2",1,1.1,"María Ruíz · 16&rsquor;","4","0","Granada","4-4-2",3,1.3,"Paula Arana (P) · 37&rsquor; Laura Requena · 73&rsquor; Carla Armengol (OG) · 77&rsquor;","4","0","https://fbref.com/en/matches/a3da9717/Real-Betis-Granada-March-1-2025-Liga-F","Granada","Away",NA,990,467,415,50,11,0,1,15,29,4,4,0,0,354,2,11
"Liga F","2025-03-01","Liga F (Matchweek 20)","Valencia","4-3-3",1,1,"Marta Carro · 81&rsquor;","1","0","Levante","5-4-1",1,0.6,"Érika González · 47&rsquor; Eva Alonso · 65&rsquor; Estela Carbonell · 90+8&rsquor;","10","2","https://fbref.com/en/matches/389c0444/Valencia-Levante-March-1-2025-Liga-F","Valencia","Home",NA,990,333,286,45,13,0,5,15,23,4,2,1,0,220,2,7
"Liga F","2025-03-01","Liga F (Matchweek 20)","Valencia","4-3-3",1,1,"Marta Carro · 81&rsquor;","1","0","Levante","5-4-1",1,0.6,"Érika González · 47&rsquor; Eva Alonso · 65&rsquor; Estela Carbonell · 90+8&rsquor;","10","2","https://fbref.com/en/matches/389c0444/Valencia-Levante-March-1-2025-Liga-F","Levante","Away",NA,964,437,382,54,12,0,2,15,25,3,1,0,1,329,1,6
"Liga F","2025-03-02","Liga F (Matchweek 20)","Athletic Club","4-4-2",1,1,"Nahikari García (P) · 10&rsquor;","2","0","Real Madrid","4-2-3-1",2,1.9,"Maëlle Lakrar · 40&rsquor; Olga Carmona · 80&rsquor;","0","0","https://fbref.com/en/matches/41ff4bdc/Athletic-Club-Real-Madrid-March-2-2025-Liga-F","Athletic Club","Home",NA,990,438,401,34,7,0,2,10,11,2,2,0,0,358,3,3
"Liga F","2025-03-02","Liga F (Matchweek 20)","Athletic Club","4-4-2",1,1,"Nahikari García (P) · 10&rsquor;","2","0","Real Madrid","4-2-3-1",2,1.9,"Maëlle Lakrar · 40&rsquor; Olga Carmona · 80&rsquor;","0","0","https://fbref.com/en/matches/41ff4bdc/Athletic-Club-Real-Madrid-March-2-2025-Liga-F","Real Madrid","Away",NA,990,531,479,50,17,0,5,22,23,6,3,1,0,434,2,10
"Liga F","2025-03-02","Liga F (Matchweek 20)","Espanyol","4-3-3",1,1,"Júlia Guerra · 47&rsquor; Ainoa Campo · 56&rsquor;","4","1","Deportivo La Coruña","3-4-3",1,1.2,"Francisca Lara · 83&rsquor;","1","0","https://fbref.com/en/matches/cdc24d5a/Espanyol-Deportivo-La-Coruna-March-2-2025-Liga-F","Espanyol","Home",NA,955,389,327,57,9,0,1,21,35,6,6,0,0,257,5,12
"Liga F","2025-03-02","Liga F (Matchweek 20)","Espanyol","4-3-3",1,1,"Júlia Guerra · 47&rsquor; Ainoa Campo · 56&rsquor;","4","1","Deportivo La Coruña","3-4-3",1,1.2,"Francisca Lara · 83&rsquor;","1","0","https://fbref.com/en/matches/cdc24d5a/Espanyol-Deportivo-La-Coruna-March-2-2025-Liga-F","Deportivo La Coruña","Away",NA,990,447,392,54,13,0,3,9,28,1,0,1,0,313,1,13
"Liga F","2025-03-02","Liga F (Matchweek 20)","UDG Tenerife","4-3-3",1,1.1,"Rinsola Babajide · 55&rsquor;","3","0","Levante Las Planas","4-4-2",1,0.5,"Estefanía Banini · 44&rsquor;","1","0","https://fbref.com/en/matches/9e8e203e/UDG-Tenerife-Levante-Las-Planas-March-2-2025-Liga-F","UDG Tenerife","Home",NA,990,355,293,59,8,1,1,13,32,6,4,0,0,241,3,8
"Liga F","2025-03-02","Liga F (Matchweek 20)","UDG Tenerife","4-3-3",1,1.1,"Rinsola Babajide · 55&rsquor;","3","0","Levante Las Planas","4-4-2",1,0.5,"Estefanía Banini · 44&rsquor;","1","0","https://fbref.com/en/matches/9e8e203e/UDG-Tenerife-Levante-Las-Planas-March-2-2025-Liga-F","Levante Las Planas","Away",NA,990,429,364,64,18,0,3,11,30,5,2,2,0,312,1,8
"Liga F","2025-03-02","Liga F (Matchweek 20)","Eibar","5-3-2",1,0.9,"Margherita Monnecchi · 51&rsquor;","0","0","Barcelona","4-3-3",8,6.3,"Ewa Pajor · 3&rsquor; Caroline Graham Hansen · 29&rsquor; Victoria López · 43&rsquor; Patricia Guijarro · 54&rsquor; Salma Paralluelo · 57&rsquor; Ona Batlle · 60&rsquor; Salma Paralluelo · 75&rsquor; Claudia Pina · 90+1&rsquor;","1","0","https://fbref.com/en/matches/bdcbfc3f/Eibar-Barcelona-March-2-2025-Liga-F","Eibar","Home",NA,990,200,146,51,9,0,0,8,17,2,1,1,0,95,3,6
"Liga F","2025-03-02","Liga F (Matchweek 20)","Eibar","5-3-2",1,0.9,"Margherita Monnecchi · 51&rsquor;","0","0","Barcelona","4-3-3",8,6.3,"Ewa Pajor · 3&rsquor; Caroline Graham Hansen · 29&rsquor; Victoria López · 43&rsquor; Patricia Guijarro · 54&rsquor; Salma Paralluelo · 57&rsquor; Ona Batlle · 60&rsquor; Salma Paralluelo · 75&rsquor; Claudia Pina · 90+1&rsquor;","1","0","https://fbref.com/en/matches/bdcbfc3f/Eibar-Barcelona-March-2-2025-Liga-F","Barcelona","Away",NA,990,713,667,42,7,2,1,26,21,10,7,0,0,611,4,11
"Liga F","2025-03-02","Liga F (Matchweek 20)","Real Sociedad","4-2-3-1",0,0.6,"","1","0","Sevilla","4-2-3-1",0,0.4,"","3","0","https://fbref.com/en/matches/145d92be/Real-Sociedad-Sevilla-March-2-2025-Liga-F","Real Sociedad","Home",NA,990,616,559,51,12,1,5,18,26,8,3,3,0,484,6,16
"Liga F","2025-03-02","Liga F (Matchweek 20)","Real Sociedad","4-2-3-1",0,0.6,"","1","0","Sevilla","4-2-3-1",0,0.4,"","3","0","https://fbref.com/en/matches/145d92be/Real-Sociedad-Sevilla-March-2-2025-Liga-F","Sevilla","Away",NA,990,295,245,49,17,0,1,4,18,1,1,0,0,181,1,10
"Liga F","2025-03-02","Liga F (Matchweek 20)","Madrid CFF","3-5-2",0,0.7,"","1","0","Atlético Madrid","3-4-1-2",3,0.6,"Luany · 15&rsquor; Gabriela García · 32&rsquor; Gio Garbelini · 45+2&rsquor;","2","0","https://fbref.com/en/matches/26704230/Madrid-CFF-Atletico-Madrid-March-2-2025-Liga-F","Madrid CFF","Home",NA,990,341,283,56,17,0,0,17,22,4,0,3,0,223,2,14
"Liga F","2025-03-02","Liga F (Matchweek 20)","Madrid CFF","3-5-2",0,0.7,"","1","0","Atlético Madrid","3-4-1-2",3,0.6,"Luany · 15&rsquor; Gabriela García · 32&rsquor; Gio Garbelini · 45+2&rsquor;","2","0","https://fbref.com/en/matches/26704230/Madrid-CFF-Atletico-Madrid-March-2-2025-Liga-F","Atlético Madrid","Away",NA,990,512,436,74,14,0,0,12,42,6,4,0,0,399,2,5
"Liga F","2025-03-08","Liga F (Matchweek 21)","Levante","5-4-1",2,0.9,"Ivonne Chacón · 29&rsquor; Ivonne Chacón · 40&rsquor;","1","0","UDG Tenerife","4-3-3",0,1.5,"","3","0","https://fbref.com/en/matches/917649de/Levante-UDG-Tenerife-March-8-2025-Liga-F","Levante","Home",NA,990,422,376,43,14,0,1,23,13,6,5,1,0,310,3,7
"Liga F","2025-03-08","Liga F (Matchweek 21)","Levante","5-4-1",2,0.9,"Ivonne Chacón · 29&rsquor; Ivonne Chacón · 40&rsquor;","1","0","UDG Tenerife","4-3-3",0,1.5,"","3","0","https://fbref.com/en/matches/917649de/Levante-UDG-Tenerife-March-8-2025-Liga-F","UDG Tenerife","Away",NA,990,461,411,49,10,0,4,11,27,2,2,0,0,345,1,8
"Liga F","2025-03-08","Liga F (Matchweek 21)","Levante Las Planas","4-4-2",0,1.2,"","0","0","Real Sociedad","4-2-3-1",0,0.7,"","2","0","https://fbref.com/en/matches/6ba1e0f2/Levante-Las-Planas-Real-Sociedad-March-8-2025-Liga-F","Levante Las Planas","Home",NA,990,333,282,50,11,0,1,12,27,3,3,0,0,238,1,6
"Liga F","2025-03-08","Liga F (Matchweek 21)","Levante Las Planas","4-4-2",0,1.2,"","0","0","Real Sociedad","4-2-3-1",0,0.7,"","2","0","https://fbref.com/en/matches/6ba1e0f2/Levante-Las-Planas-Real-Sociedad-March-8-2025-Liga-F","Real Sociedad","Away",NA,990,559,505,48,11,0,1,18,21,9,8,0,0,430,6,9
"Liga F","2025-03-08","Liga F (Matchweek 21)","Espanyol","4-3-3",3,2.4,"Carolina Marín (P) · 54&rsquor; Paula Perea · 83&rsquor; Trudi Carter · 85&rsquor;","2","0","Madrid CFF","5-3-2",3,0.9,"Allegra Poljak · 21&rsquor; Nataša Andonova · 59&rsquor; Emilie Nautnes · 90+7&rsquor;","1","0","https://fbref.com/en/matches/8f653e4e/Espanyol-Madrid-CFF-March-8-2025-Liga-F","Espanyol","Home",NA,990,302,257,44,6,0,2,9,29,2,2,0,0,173,1,12
"Liga F","2025-03-08","Liga F (Matchweek 21)","Espanyol","4-3-3",3,2.4,"Carolina Marín (P) · 54&rsquor; Paula Perea · 83&rsquor; Trudi Carter · 85&rsquor;","2","0","Madrid CFF","5-3-2",3,0.9,"Allegra Poljak · 21&rsquor; Nataša Andonova · 59&rsquor; Emilie Nautnes · 90+7&rsquor;","1","0","https://fbref.com/en/matches/8f653e4e/Espanyol-Madrid-CFF-March-8-2025-Liga-F","Madrid CFF","Away",NA,990,496,446,48,12,0,3,12,20,3,2,0,1,358,2,12
"Liga F","2025-03-09","Liga F (Matchweek 21)","Barcelona","4-3-3",4,2.9,"Alexia Putellas · 18&rsquor; Kika Nazareth · 22&rsquor; Ewa Pajor · 66&rsquor; Aitana Bonmatí · 89&rsquor;","0","0","Valencia","5-4-1",1,0.2,"Marina Martí · 15&rsquor;","1","0","https://fbref.com/en/matches/02904444/Barcelona-Valencia-March-9-2025-Liga-F","Barcelona","Home",NA,983,775,728,43,9,1,0,26,21,8,6,1,0,666,4,6
"Liga F","2025-03-09","Liga F (Matchweek 21)","Barcelona","4-3-3",4,2.9,"Alexia Putellas · 18&rsquor; Kika Nazareth · 22&rsquor; Ewa Pajor · 66&rsquor; Aitana Bonmatí · 89&rsquor;","0","0","Valencia","5-4-1",1,0.2,"Marina Martí · 15&rsquor;","1","0","https://fbref.com/en/matches/02904444/Barcelona-Valencia-March-9-2025-Liga-F","Valencia","Away",NA,990,218,169,46,6,0,3,8,14,3,2,1,0,110,3,8
"Liga F","2025-03-09","Liga F (Matchweek 21)","Granada","4-4-2",0,0.9,"","1","0","Athletic Club","4-3-3",2,1.8,"Ane Azkona · 57&rsquor; Maddi Torre · 85&rsquor;","1","0","https://fbref.com/en/matches/a8169235/Granada-Athletic-Club-March-9-2025-Liga-F","Granada","Home",NA,990,576,534,39,10,0,4,35,15,6,6,0,0,448,3,11
"Liga F","2025-03-09","Liga F (Matchweek 21)","Granada","4-4-2",0,0.9,"","1","0","Athletic Club","4-3-3",2,1.8,"Ane Azkona · 57&rsquor; Maddi Torre · 85&rsquor;","1","0","https://fbref.com/en/matches/a8169235/Granada-Athletic-Club-March-9-2025-Liga-F","Athletic Club","Away",NA,990,419,379,39,9,0,5,13,21,2,0,2,0,319,1,6
"Liga F","2025-03-09","Liga F (Matchweek 21)","Sevilla","4-3-3",0,0.1,"Esther Sullastres · 78&rsquor;","2","1","Real Madrid","4-2-3-1",4,3.1,"Alba Redondo · 34&rsquor; Athenea del Castillo · 41&rsquor; Alba Redondo · 70&rsquor; Naomie Feller · 90+1&rsquor;","1","0","https://fbref.com/en/matches/50ca6004/Sevilla-Real-Madrid-March-9-2025-Liga-F","Sevilla","Home",NA,977,328,285,43,10,1,1,6,17,1,1,0,0,223,0,8
"Liga F","2025-03-09","Liga F (Matchweek 21)","Sevilla","4-3-3",0,0.1,"Esther Sullastres · 78&rsquor;","2","1","Real Madrid","4-2-3-1",4,3.1,"Alba Redondo · 34&rsquor; Athenea del Castillo · 41&rsquor; Alba Redondo · 70&rsquor; Naomie Feller · 90+1&rsquor;","1","0","https://fbref.com/en/matches/50ca6004/Sevilla-Real-Madrid-March-9-2025-Liga-F","Real Madrid","Away",NA,990,582,529,50,8,0,0,15,27,5,2,2,0,479,3,10
"Liga F","2025-03-09","Liga F (Matchweek 21)","Atlético Madrid","4-2-3-1",0,1.1,"","1","0","Real Betis","5-3-2",0,0.4,"","3","0","https://fbref.com/en/matches/01d19ce8/Atletico-Madrid-Real-Betis-March-9-2025-Liga-F","Atlético Madrid","Home",NA,990,624,564,58,18,1,2,22,28,5,2,2,0,519,2,14
"Liga F","2025-03-09","Liga F (Matchweek 21)","Atlético Madrid","4-2-3-1",0,1.1,"","1","0","Real Betis","5-3-2",0,0.4,"","3","0","https://fbref.com/en/matches/01d19ce8/Atletico-Madrid-Real-Betis-March-9-2025-Liga-F","Real Betis","Away",NA,990,293,239,50,14,0,0,8,21,2,1,0,1,179,4,7
"Liga F","2025-03-09","Liga F (Matchweek 21)","Deportivo La Coruña","3-4-3",0,0.6,"","2","0","Eibar","3-4-3",1,0.4,"Esperanza Pizarro · 73&rsquor;","3","0","https://fbref.com/en/matches/5532c433/Deportivo-La-Coruna-Eibar-March-9-2025-Liga-F","Deportivo La Coruña","Home",NA,990,533,485,45,11,0,4,9,23,1,1,0,0,400,3,9
"Liga F","2025-03-09","Liga F (Matchweek 21)","Deportivo La Coruña","3-4-3",0,0.6,"","2","0","Eibar","3-4-3",1,0.4,"Esperanza Pizarro · 73&rsquor;","3","0","https://fbref.com/en/matches/5532c433/Deportivo-La-Coruna-Eibar-March-9-2025-Liga-F","Eibar","Away",NA,990,310,261,47,14,0,4,14,15,8,2,3,0,180,2,8
"Liga F","2025-03-15","Liga F (Matchweek 22)","Real Madrid","4-2-3-1",2,3.3,"Carla Carrillo · 53&rsquor; Olga Carmona (P) · 82&rsquor;","2","0","Deportivo La Coruña","3-4-3",2,0.9,"Olaya Rodríguez (P) · 24&rsquor; Antônia (OG) · 62&rsquor;","2","0","https://fbref.com/en/matches/060f65eb/Real-Madrid-Deportivo-La-Coruna-March-15-2025-Liga-F","Real Madrid","Home",NA,990,569,523,45,14,0,1,23,16,6,5,0,0,469,1,9
"Liga F","2025-03-15","Liga F (Matchweek 22)","Real Madrid","4-2-3-1",2,3.3,"Carla Carrillo · 53&rsquor; Olga Carmona (P) · 82&rsquor;","2","0","Deportivo La Coruña","3-4-3",2,0.9,"Olaya Rodríguez (P) · 24&rsquor; Antônia (OG) · 62&rsquor;","2","0","https://fbref.com/en/matches/060f65eb/Real-Madrid-Deportivo-La-Coruna-March-15-2025-Liga-F","Deportivo La Coruña","Away",NA,990,295,242,49,7,0,1,5,19,0,0,0,0,188,4,3
"Liga F","2025-03-15","Liga F (Matchweek 22)","Real Betis","4-4-2",0,1.3,"","2","0","Valencia","4-2-3-1",1,1.3,"Marina Martí · 27&rsquor;","3","0","https://fbref.com/en/matches/2e50908c/Real-Betis-Valencia-March-15-2025-Liga-F","Real Betis","Home",NA,990,537,456,79,18,1,2,26,33,9,6,0,0,399,2,18
"Liga F","2025-03-15","Liga F (Matchweek 22)","Real Betis","4-4-2",0,1.3,"","2","0","Valencia","4-2-3-1",1,1.3,"Marina Martí · 27&rsquor;","3","0","https://fbref.com/en/matches/2e50908c/Real-Betis-Valencia-March-15-2025-Liga-F","Valencia","Away",NA,990,315,267,45,9,0,2,13,26,2,1,0,0,192,3,10
"Liga F","2025-03-15","Liga F (Matchweek 22)","UDG Tenerife","5-4-1",0,0.3,"","0","0","Barcelona","4-3-3",2,1.3,"Alexia Putellas · 14&rsquor; Patricia Guijarro · 85&rsquor;","0","0","https://fbref.com/en/matches/bf044a1a/UDG-Tenerife-Barcelona-March-15-2025-Liga-F","UDG Tenerife","Home",NA,990,284,237,45,11,0,0,3,14,0,0,0,0,184,2,5
"Liga F","2025-03-15","Liga F (Matchweek 22)","UDG Tenerife","5-4-1",0,0.3,"","0","0","Barcelona","4-3-3",2,1.3,"Alexia Putellas · 14&rsquor; Patricia Guijarro · 85&rsquor;","0","0","https://fbref.com/en/matches/bf044a1a/UDG-Tenerife-Barcelona-March-15-2025-Liga-F","Barcelona","Away",NA,990,843,810,33,8,0,5,32,16,7,2,3,0,750,0,9
"Liga F","2025-03-15","Liga F (Matchweek 22)","Athletic Club","4-3-1-2",0,0.6,"","1","0","Sevilla","4-3-3",1,1,"Gemma Gili · 54&rsquor;","0","0","https://fbref.com/en/matches/df748bc8/Athletic-Club-Sevilla-March-15-2025-Liga-F","Athletic Club","Home",NA,990,606,557,46,9,1,4,27,26,9,6,2,1,478,3,11
"Liga F","2025-03-15","Liga F (Matchweek 22)","Athletic Club","4-3-1-2",0,0.6,"","1","0","Sevilla","4-3-3",1,1,"Gemma Gili · 54&rsquor;","0","0","https://fbref.com/en/matches/df748bc8/Athletic-Club-Sevilla-March-15-2025-Liga-F","Sevilla","Away",NA,990,365,319,45,11,1,0,13,23,1,1,0,0,249,1,10
"Liga F","2025-03-16","Liga F (Matchweek 22)","Atlético Madrid","4-3-3",1,2.5,"Fiamma (P) · 68&rsquor;","1","0","Espanyol","4-3-3",1,1.5,"Carolina Marín · 45+2&rsquor;","2","0","https://fbref.com/en/matches/2ee804b1/Atletico-Madrid-Espanyol-March-16-2025-Liga-F","Atlético Madrid","Home",NA,990,601,536,63,12,1,0,25,32,6,4,1,0,476,2,13
"Liga F","2025-03-16","Liga F (Matchweek 22)","Atlético Madrid","4-3-3",1,2.5,"Fiamma (P) · 68&rsquor;","1","0","Espanyol","4-3-3",1,1.5,"Carolina Marín · 45+2&rsquor;","2","0","https://fbref.com/en/matches/2ee804b1/Atletico-Madrid-Espanyol-March-16-2025-Liga-F","Espanyol","Away",NA,990,225,179,45,13,2,0,17,16,6,3,2,0,121,1,9
"Liga F","2025-03-16","Liga F (Matchweek 22)","Real Sociedad","4-1-3-2",1,1.5,"Amaiur Sarriegi · 37&rsquor;","0","0","Levante","5-4-1",2,1.1,"Daniela Arques · 55&rsquor; Ivonne Chacón · 75&rsquor;","0","0","https://fbref.com/en/matches/2bcbb639/Real-Sociedad-Levante-March-16-2025-Liga-F","Real Sociedad","Home",NA,990,562,508,52,8,0,1,16,29,3,1,1,0,468,2,2
"Liga F","2025-03-16","Liga F (Matchweek 22)","Real Sociedad","4-1-3-2",1,1.5,"Amaiur Sarriegi · 37&rsquor;","0","0","Levante","5-4-1",2,1.1,"Daniela Arques · 55&rsquor; Ivonne Chacón · 75&rsquor;","0","0","https://fbref.com/en/matches/2bcbb639/Real-Sociedad-Levante-March-16-2025-Liga-F","Levante","Away",NA,990,366,303,62,11,0,2,15,33,5,1,3,0,267,1,8
"Liga F","2025-03-16","Liga F (Matchweek 22)","Madrid CFF","5-3-2",3,2.6,"Emilie Nautnes · 47&rsquor; Allegra Poljak · 73&rsquor; Bárbara López · 88&rsquor;","0","0","Granada","4-4-2",1,0.8,"Alexia Fernández · 78&rsquor;","0","0","https://fbref.com/en/matches/1cadc27d/Madrid-CFF-Granada-March-16-2025-Liga-F","Madrid CFF","Home",NA,990,333,289,43,8,0,1,7,19,2,2,0,0,235,1,8
"Liga F","2025-03-16","Liga F (Matchweek 22)","Madrid CFF","5-3-2",3,2.6,"Emilie Nautnes · 47&rsquor; Allegra Poljak · 73&rsquor; Bárbara López · 88&rsquor;","0","0","Granada","4-4-2",1,0.8,"Alexia Fernández · 78&rsquor;","0","0","https://fbref.com/en/matches/1cadc27d/Madrid-CFF-Granada-March-16-2025-Liga-F","Granada","Away",NA,990,476,410,64,10,0,1,39,33,10,10,0,0,345,2,14
"Liga F","2025-03-16","Liga F (Matchweek 22)","Eibar","5-4-1",1,0.6,"Mireia Masegur · 41&rsquor;","1","0","Levante Las Planas","4-2-3-1",0,0.9,"","4","0","https://fbref.com/en/matches/01234336/Eibar-Levante-Las-Planas-March-16-2025-Liga-F","Eibar","Home",NA,990,276,219,52,15,0,1,10,22,3,1,1,0,153,5,9
"Liga F","2025-03-16","Liga F (Matchweek 22)","Eibar","5-4-1",1,0.6,"Mireia Masegur · 41&rsquor;","1","0","Levante Las Planas","4-2-3-1",0,0.9,"","4","0","https://fbref.com/en/matches/01234336/Eibar-Levante-Las-Planas-March-16-2025-Liga-F","Levante Las Planas","Away",NA,990,606,546,59,14,0,3,12,36,4,2,1,0,478,1,15
"Liga F","2025-03-22","Liga F (Matchweek 23)","Real Betis","4-2-3-1",0,0.9,"","1","0","Eibar","5-4-1",1,1.3,"Carmen Álvarez · 42&rsquor;","2","0","https://fbref.com/en/matches/88bbb62d/Real-Betis-Eibar-March-22-2025-Liga-F","Real Betis","Home",NA,990,653,585,67,13,1,7,27,43,6,2,1,0,494,1,22
"Liga F","2025-03-22","Liga F (Matchweek 23)","Real Betis","4-2-3-1",0,0.9,"","1","0","Eibar","5-4-1",1,1.3,"Carmen Álvarez · 42&rsquor;","2","0","https://fbref.com/en/matches/88bbb62d/Real-Betis-Eibar-March-22-2025-Liga-F","Eibar","Away",NA,990,266,218,44,11,1,1,12,18,1,0,1,0,140,4,9
"Liga F","2025-03-22","Liga F (Matchweek 23)","Deportivo La Coruña","5-4-1",0,0.9,"","0","0","UDG Tenerife","3-4-3",0,0.3,"","0","0","https://fbref.com/en/matches/718dc3b5/Deportivo-La-Coruna-UDG-Tenerife-March-22-2025-Liga-F","Deportivo La Coruña","Home",NA,990,536,481,53,11,0,3,12,29,7,3,2,0,414,2,8
"Liga F","2025-03-22","Liga F (Matchweek 23)","Deportivo La Coruña","5-4-1",0,0.9,"","0","0","UDG Tenerife","3-4-3",0,0.3,"","0","0","https://fbref.com/en/matches/718dc3b5/Deportivo-La-Coruna-UDG-Tenerife-March-22-2025-Liga-F","UDG Tenerife","Away",NA,990,438,387,47,6,0,0,9,25,4,3,0,0,323,4,9
"Liga F","2025-03-22","Liga F (Matchweek 23)","Levante Las Planas","4-2-3-1",0,1.3,"","1","0","Athletic Club","3-4-1-2",1,0.9,"Irene Oguiza · 73&rsquor;","4","0","https://fbref.com/en/matches/9eb70de2/Levante-Las-Planas-Athletic-Club-March-22-2025-Liga-F","Levante Las Planas","Home",NA,990,548,482,64,13,3,2,19,37,7,7,0,0,431,2,9
"Liga F","2025-03-22","Liga F (Matchweek 23)","Levante Las Planas","4-2-3-1",0,1.3,"","1","0","Athletic Club","3-4-1-2",1,0.9,"Irene Oguiza · 73&rsquor;","4","0","https://fbref.com/en/matches/9eb70de2/Levante-Las-Planas-Athletic-Club-March-22-2025-Liga-F","Athletic Club","Away",NA,990,385,346,38,10,0,1,5,19,0,0,0,0,291,1,5
"Liga F","2025-03-22","Liga F (Matchweek 23)","Espanyol","4-1-2-1-2",1,0.3,"Lice Chamorro · 41&rsquor; Mar Torrás · 66&rsquor;","6","1","Levante","3-5-2",0,2.2,"","2","0","https://fbref.com/en/matches/4a93dd30/Espanyol-Levante-March-22-2025-Liga-F","Espanyol","Home",NA,965,227,186,41,10,0,0,7,17,0,0,0,0,135,0,8
"Liga F","2025-03-22","Liga F (Matchweek 23)","Espanyol","4-1-2-1-2",1,0.3,"Lice Chamorro · 41&rsquor; Mar Torrás · 66&rsquor;","6","1","Levante","3-5-2",0,2.2,"","2","0","https://fbref.com/en/matches/4a93dd30/Espanyol-Levante-March-22-2025-Liga-F","Levante","Away",NA,990,544,490,53,14,0,1,15,29,5,4,1,0,446,1,5
"Liga F","2025-03-23","Liga F (Matchweek 23)","Barcelona","4-3-3",1,1.9,"Caroline Graham Hansen · 67&rsquor;","2","0","Real Madrid","4-2-3-1",3,1.7,"Alba Redondo · 41&rsquor; Caroline Weir · 87&rsquor; Caroline Weir · 90+6&rsquor;","0","0","https://fbref.com/en/matches/9c30f336/Barcelona-Real-Madrid-March-23-2025-Liga-F","Barcelona","Home",NA,990,680,639,39,5,3,2,32,22,6,2,2,0,569,2,8
"Liga F","2025-03-23","Liga F (Matchweek 23)","Barcelona","4-3-3",1,1.9,"Caroline Graham Hansen · 67&rsquor;","2","0","Real Madrid","4-2-3-1",3,1.7,"Alba Redondo · 41&rsquor; Caroline Weir · 87&rsquor; Caroline Weir · 90+6&rsquor;","0","0","https://fbref.com/en/matches/9c30f336/Barcelona-Real-Madrid-March-23-2025-Liga-F","Real Madrid","Away",NA,990,314,262,50,13,1,4,8,21,3,3,0,0,207,2,11
"Liga F","2025-03-23","Liga F (Matchweek 23)","Real Sociedad","4-1-3-2",0,0.1,"","2","0","Atlético Madrid","4-3-3",2,2.3,"Gio Garbelini · 53&rsquor; Luany · 71&rsquor;","0","0","https://fbref.com/en/matches/f7686f1b/Real-Sociedad-Atletico-Madrid-March-23-2025-Liga-F","Real Sociedad","Home",NA,990,527,477,47,8,0,0,12,22,5,1,2,0,428,3,17
"Liga F","2025-03-23","Liga F (Matchweek 23)","Real Sociedad","4-1-3-2",0,0.1,"","2","0","Atlético Madrid","4-3-3",2,2.3,"Gio Garbelini · 53&rsquor; Luany · 71&rsquor;","0","0","https://fbref.com/en/matches/f7686f1b/Real-Sociedad-Atletico-Madrid-March-23-2025-Liga-F","Atlético Madrid","Away",NA,990,482,436,45,10,0,2,19,25,5,5,0,0,382,1,17
"Liga F","2025-03-23","Liga F (Matchweek 23)","Sevilla","4-3-3",0,0.3,"","1","0","Granada","4-4-2",2,0.8,"Cristina Postigo · 33&rsquor; Edna Imade · 85&rsquor;","4","0","https://fbref.com/en/matches/8a34a65e/Sevilla-Granada-March-23-2025-Liga-F","Sevilla","Home",NA,990,437,387,49,6,0,1,25,28,3,3,0,0,309,1,10
"Liga F","2025-03-23","Liga F (Matchweek 23)","Sevilla","4-3-3",0,0.3,"","1","0","Granada","4-4-2",2,0.8,"Cristina Postigo · 33&rsquor; Edna Imade · 85&rsquor;","4","0","https://fbref.com/en/matches/8a34a65e/Sevilla-Granada-March-23-2025-Liga-F","Granada","Away",NA,990,471,419,50,12,0,3,14,29,4,2,2,0,343,2,7
"Liga F","2025-03-23","Liga F (Matchweek 23)","Valencia","4-2-3-1",4,1.7,"Aída Esteve · 40&rsquor; Marina Martí · 45&rsquor; Ainhoa Alguacil (P) · 50&rsquor; Marta Carro · 55&rsquor;","2","0","Madrid CFF","3-1-4-2",1,1.5,"Emilie Nautnes · 57&rsquor;","1","0","https://fbref.com/en/matches/6563a996/Valencia-Madrid-CFF-March-23-2025-Liga-F","Valencia","Home",NA,990,251,201,48,12,0,2,15,23,3,3,0,0,163,2,6
"Liga F","2025-03-23","Liga F (Matchweek 23)","Valencia","4-2-3-1",4,1.7,"Aída Esteve · 40&rsquor; Marina Martí · 45&rsquor; Ainhoa Alguacil (P) · 50&rsquor; Marta Carro · 55&rsquor;","2","0","Madrid CFF","3-1-4-2",1,1.5,"Emilie Nautnes · 57&rsquor;","1","0","https://fbref.com/en/matches/6563a996/Valencia-Madrid-CFF-March-23-2025-Liga-F","Madrid CFF","Away",NA,990,531,464,63,13,0,5,34,29,7,5,1,0,405,4,14
"Liga F","2025-03-29","Liga F (Matchweek 24)","Levante","4-4-2",1,0.9,"Eva Alonso · 83&rsquor;","0","0","Eibar","5-4-1",2,0.8,"Mariana Cerro · 15&rsquor; Elba Vergés Prats · 32&rsquor;","3","0","https://fbref.com/en/matches/8964bbd9/Levante-Eibar-March-29-2025-Liga-F","Levante","Home",NA,990,514,444,69,13,0,3,15,40,3,2,1,0,362,1,13
"Liga F","2025-03-29","Liga F (Matchweek 24)","Levante","4-4-2",1,0.9,"Eva Alonso · 83&rsquor;","0","0","Eibar","5-4-1",2,0.8,"Mariana Cerro · 15&rsquor; Elba Vergés Prats · 32&rsquor;","3","0","https://fbref.com/en/matches/8964bbd9/Levante-Eibar-March-29-2025-Liga-F","Eibar","Away",NA,990,269,205,64,11,0,1,9,27,4,2,0,1,141,0,8
"Liga F","2025-03-29","Liga F (Matchweek 24)","UDG Tenerife","4-3-3",4,3,"Raquel Peña (P) · 32&rsquor; Iglesias De La Cruz · 38&rsquor; Linnéa Laupstad · 54&rsquor; Rinsola Babajide · 82&rsquor;","3","0","Espanyol","4-3-3",1,1.3,"Lice Chamorro · 50&rsquor;","3","0","https://fbref.com/en/matches/ad9fe56e/UDG-Tenerife-Espanyol-March-29-2025-Liga-F","UDG Tenerife","Home",NA,990,454,407,39,10,0,6,10,21,1,1,0,0,357,8,6
"Liga F","2025-03-29","Liga F (Matchweek 24)","UDG Tenerife","4-3-3",4,3,"Raquel Peña (P) · 32&rsquor; Iglesias De La Cruz · 38&rsquor; Linnéa Laupstad · 54&rsquor; Rinsola Babajide · 82&rsquor;","3","0","Espanyol","4-3-3",1,1.3,"Lice Chamorro · 50&rsquor;","3","0","https://fbref.com/en/matches/ad9fe56e/UDG-Tenerife-Espanyol-March-29-2025-Liga-F","Espanyol","Away",NA,990,265,199,66,26,0,1,19,23,5,5,0,0,168,0,8
"Liga F","2025-03-29","Liga F (Matchweek 24)","Madrid CFF","3-4-1-2",2,1.8,"Bárbara López · 62&rsquor; Aldana Cometti · 85&rsquor;","2","0","Real Betis","5-3-2",0,0.3,"","3","0","https://fbref.com/en/matches/11b613ac/Madrid-CFF-Real-Betis-March-29-2025-Liga-F","Madrid CFF","Home",NA,990,418,359,57,10,2,0,23,31,6,3,2,0,310,2,5
"Liga F","2025-03-29","Liga F (Matchweek 24)","Madrid CFF","3-4-1-2",2,1.8,"Bárbara López · 62&rsquor; Aldana Cometti · 85&rsquor;","2","0","Real Betis","5-3-2",0,0.3,"","3","0","https://fbref.com/en/matches/11b613ac/Madrid-CFF-Real-Betis-March-29-2025-Liga-F","Real Betis","Away",NA,990,315,240,74,14,0,1,15,44,3,3,0,0,198,1,12
"Liga F","2025-03-29","Liga F (Matchweek 24)","Atlético Madrid","4-2-3-1",3,0.7,"Synne Jensen · 44&rsquor; Luany · 45+3&rsquor; Silvia Lloris · 54&rsquor;","1","0","Valencia","4-2-3-1",0,0.4,"","2","0","https://fbref.com/en/matches/0c7d3f65/Atletico-Madrid-Valencia-March-29-2025-Liga-F","Atlético Madrid","Home",NA,990,674,609,62,4,0,0,18,43,7,4,3,0,540,3,21
"Liga F","2025-03-29","Liga F (Matchweek 24)","Atlético Madrid","4-2-3-1",3,0.7,"Synne Jensen · 44&rsquor; Luany · 45+3&rsquor; Silvia Lloris · 54&rsquor;","1","0","Valencia","4-2-3-1",0,0.4,"","2","0","https://fbref.com/en/matches/0c7d3f65/Atletico-Madrid-Valencia-March-29-2025-Liga-F","Valencia","Away",NA,990,235,188,47,12,0,1,13,18,0,0,0,0,122,0,11
"Liga F","2025-03-30","Liga F (Matchweek 24)","Granada","3-4-3",0,0.3,"","0","0","Barcelona","4-3-3",2,2.1,"Victoria López · 73&rsquor; Alexia Putellas · 75&rsquor;","0","0","https://fbref.com/en/matches/c36446b6/Granada-Barcelona-March-30-2025-Liga-F","Granada","Home",NA,990,254,211,41,6,0,3,1,17,0,0,0,0,160,2,12
"Liga F","2025-03-30","Liga F (Matchweek 24)","Granada","3-4-3",0,0.3,"","0","0","Barcelona","4-3-3",2,2.1,"Victoria López · 73&rsquor; Alexia Putellas · 75&rsquor;","0","0","https://fbref.com/en/matches/c36446b6/Granada-Barcelona-March-30-2025-Liga-F","Barcelona","Away",NA,990,729,679,48,9,2,3,27,26,8,2,2,0,634,2,13
"Liga F","2025-03-30","Liga F (Matchweek 24)","Athletic Club","3-4-1-2",2,1.9,"Ane Azkona · 52&rsquor; Ane Azkona · 72&rsquor;","0","0","Deportivo La Coruña","3-4-3",0,0.3,"","2","0","https://fbref.com/en/matches/ff1116cb/Athletic-Club-Deportivo-La-Coruna-March-30-2025-Liga-F","Athletic Club","Home",NA,990,634,583,51,13,1,4,25,23,7,7,0,0,531,0,10
"Liga F","2025-03-30","Liga F (Matchweek 24)","Athletic Club","3-4-1-2",2,1.9,"Ane Azkona · 52&rsquor; Ane Azkona · 72&rsquor;","0","0","Deportivo La Coruña","3-4-3",0,0.3,"","2","0","https://fbref.com/en/matches/ff1116cb/Athletic-Club-Deportivo-La-Coruna-March-30-2025-Liga-F","Deportivo La Coruña","Away",NA,990,314,270,43,9,0,2,2,21,0,0,0,0,214,1,11
"Liga F","2025-03-30","Liga F (Matchweek 24)","Levante Las Planas","4-4-2",0,0.3,"","1","0","Sevilla","4-2-3-1",0,2,"","3","0","https://fbref.com/en/matches/9a69552d/Levante-Las-Planas-Sevilla-March-30-2025-Liga-F","Levante Las Planas","Home",NA,990,517,448,68,24,0,0,15,34,2,0,0,0,397,1,12
"Liga F","2025-03-30","Liga F (Matchweek 24)","Levante Las Planas","4-4-2",0,0.3,"","1","0","Sevilla","4-2-3-1",0,2,"","3","0","https://fbref.com/en/matches/9a69552d/Levante-Las-Planas-Sevilla-March-30-2025-Liga-F","Sevilla","Away",NA,990,260,210,45,15,0,1,12,22,2,2,0,0,141,5,6
"Liga F","2025-03-30","Liga F (Matchweek 24)","Real Madrid","4-2-3-1",3,2.1,"Caroline Weir · 4&rsquor; Caroline Møller · 71&rsquor; Athenea del Castillo · 77&rsquor;","0","0","Real Sociedad","4-2-3-1",0,0.7,"","2","0","https://fbref.com/en/matches/8351bd68/Real-Madrid-Real-Sociedad-March-30-2025-Liga-F","Real Madrid","Home",NA,990,478,429,49,12,0,2,14,23,5,2,1,0,399,0,6
"Liga F","2025-03-30","Liga F (Matchweek 24)","Real Madrid","4-2-3-1",3,2.1,"Caroline Weir · 4&rsquor; Caroline Møller · 71&rsquor; Athenea del Castillo · 77&rsquor;","0","0","Real Sociedad","4-2-3-1",0,0.7,"","2","0","https://fbref.com/en/matches/8351bd68/Real-Madrid-Real-Sociedad-March-30-2025-Liga-F","Real Sociedad","Away",NA,990,417,367,49,5,0,1,20,26,7,3,1,0,311,1,6
"Liga F","2025-04-12","Liga F (Matchweek 25)","Sevilla","4-3-3",2,1.4,"Fatoumata Kanteh · 74&rsquor; Natalia Padilla-Bidas · 86&rsquor;","3","0","Madrid CFF","3-5-2",1,1,"Esther Laborde · 76&rsquor;","0","0","https://fbref.com/en/matches/657ebe64/Sevilla-Madrid-CFF-April-12-2025-Liga-F","Sevilla","Home",NA,990,399,352,46,9,0,0,15,15,5,5,0,0,275,1,9
"Liga F","2025-04-12","Liga F (Matchweek 25)","Sevilla","4-3-3",2,1.4,"Fatoumata Kanteh · 74&rsquor; Natalia Padilla-Bidas · 86&rsquor;","3","0","Madrid CFF","3-5-2",1,1,"Esther Laborde · 76&rsquor;","0","0","https://fbref.com/en/matches/657ebe64/Sevilla-Madrid-CFF-April-12-2025-Liga-F","Madrid CFF","Away",NA,990,435,378,56,9,0,1,11,31,2,0,0,0,309,1,13
"Liga F","2025-04-12","Liga F (Matchweek 25)","Real Betis","4-4-2",3,1.7,"Blanca Muñoz · 1&rsquor; Rosa Marquez (P) · 49&rsquor; Carolina Férez · 74&rsquor;","5","0","Real Sociedad","4-2-3-1",1,0.9,"Elene Guridi · 48&rsquor; Lucia Pardo · 81&rsquor;","4","1","https://fbref.com/en/matches/72191b19/Real-Betis-Real-Sociedad-April-12-2025-Liga-F","Real Betis","Home",NA,990,331,287,42,13,1,0,10,15,0,0,0,0,228,2,5
"Liga F","2025-04-12","Liga F (Matchweek 25)","Real Betis","4-4-2",3,1.7,"Blanca Muñoz · 1&rsquor; Rosa Marquez (P) · 49&rsquor; Carolina Férez · 74&rsquor;","5","0","Real Sociedad","4-2-3-1",1,0.9,"Elene Guridi · 48&rsquor; Lucia Pardo · 81&rsquor;","4","1","https://fbref.com/en/matches/72191b19/Real-Betis-Real-Sociedad-April-12-2025-Liga-F","Real Sociedad","Away",NA,947,540,478,55,12,0,3,20,30,3,1,2,0,436,7,8
"Liga F","2025-04-12","Liga F (Matchweek 25)","Deportivo La Coruña","3-4-3",3,0.9,"Ainhoa Marín · 9&rsquor; Samara Ortíz · 42&rsquor; Millene Cabral · 55&rsquor;","3","0","Levante Las Planas","4-2-3-1",1,1.8,"Rebecca Elloh · 31&rsquor;","4","0","https://fbref.com/en/matches/811ee0ca/Deportivo-La-Coruna-Levante-Las-Planas-April-12-2025-Liga-F","Deportivo La Coruña","Home",NA,990,394,345,47,17,0,2,8,16,3,3,0,0,280,2,9
"Liga F","2025-04-12","Liga F (Matchweek 25)","Deportivo La Coruña","3-4-3",3,0.9,"Ainhoa Marín · 9&rsquor; Samara Ortíz · 42&rsquor; Millene Cabral · 55&rsquor;","3","0","Levante Las Planas","4-2-3-1",1,1.8,"Rebecca Elloh · 31&rsquor;","4","0","https://fbref.com/en/matches/811ee0ca/Deportivo-La-Coruna-Levante-Las-Planas-April-12-2025-Liga-F","Levante Las Planas","Away",NA,990,430,371,55,14,0,4,18,27,5,2,2,1,321,4,6
"Liga F","2025-04-12","Liga F (Matchweek 25)","Eibar","5-4-1",0,0.2,"","0","0","Real Madrid","4-2-3-1",3,3.7,"Naomie Feller · 50&rsquor; Linda Caicedo · 79&rsquor; Signe Bruun · 90+4&rsquor;","0","0","https://fbref.com/en/matches/91ce3ddb/Eibar-Real-Madrid-April-12-2025-Liga-F","Eibar","Home",NA,990,197,144,52,10,0,0,10,16,1,0,0,1,84,1,4
"Liga F","2025-04-12","Liga F (Matchweek 25)","Eibar","5-4-1",0,0.2,"","0","0","Real Madrid","4-2-3-1",3,3.7,"Naomie Feller · 50&rsquor; Linda Caicedo · 79&rsquor; Signe Bruun · 90+4&rsquor;","0","0","https://fbref.com/en/matches/91ce3ddb/Eibar-Real-Madrid-April-12-2025-Liga-F","Real Madrid","Away",NA,990,738,692,42,5,1,2,20,26,6,4,0,0,629,4,9
"Liga F","2025-04-13","Liga F (Matchweek 25)","UDG Tenerife","4-3-3",1,0.7,"Patricia Gavira · 37&rsquor;","1","0","Granada","4-4-2",2,1.1,"Andrea Gómez · 8&rsquor; Juliana · 45+2&rsquor;","2","0","https://fbref.com/en/matches/7921f665/UDG-Tenerife-Granada-April-13-2025-Liga-F","UDG Tenerife","Home",NA,990,364,310,53,13,0,1,20,24,4,2,2,0,226,1,9
"Liga F","2025-04-13","Liga F (Matchweek 25)","UDG Tenerife","4-3-3",1,0.7,"Patricia Gavira · 37&rsquor;","1","0","Granada","4-4-2",2,1.1,"Andrea Gómez · 8&rsquor; Juliana · 45+2&rsquor;","2","0","https://fbref.com/en/matches/7921f665/UDG-Tenerife-Granada-April-13-2025-Liga-F","Granada","Away",NA,990,420,352,67,12,0,0,15,34,6,6,0,0,291,1,10
"Liga F","2025-04-13","Liga F (Matchweek 25)","Barcelona","4-3-3",6,3.4,"Patricia Guijarro · 17&rsquor; Salma Paralluelo · 35&rsquor; Caroline Graham Hansen · 54&rsquor; Esmee Brugts · 58&rsquor; Victoria López · 65&rsquor; Aitana Bonmatí · 80&rsquor;","0","0","Atlético Madrid","3-4-3",0,0.2,"","0","0","https://fbref.com/en/matches/4bdb1830/Barcelona-Atletico-Madrid-April-13-2025-Liga-F","Barcelona","Home",NA,990,619,580,34,7,0,0,30,12,13,1,5,1,535,5,6
"Liga F","2025-04-13","Liga F (Matchweek 25)","Barcelona","4-3-3",6,3.4,"Patricia Guijarro · 17&rsquor; Salma Paralluelo · 35&rsquor; Caroline Graham Hansen · 54&rsquor; Esmee Brugts · 58&rsquor; Victoria López · 65&rsquor; Aitana Bonmatí · 80&rsquor;","0","0","Atlético Madrid","3-4-3",0,0.2,"","0","0","https://fbref.com/en/matches/4bdb1830/Barcelona-Atletico-Madrid-April-13-2025-Liga-F","Atlético Madrid","Away",NA,990,407,355,52,10,1,1,13,14,4,1,2,0,314,0,6
"Liga F","2025-04-13","Liga F (Matchweek 25)","Athletic Club","3-4-1-2",2,1.9,"Nahikari García · 18&rsquor; Nerea Nevado · 63&rsquor;","1","0","Levante","5-4-1",3,0.9,"Anissa Lahmari · 24&rsquor; María Alharilla Casado · 31&rsquor; María Alharilla Casado · 77&rsquor;","1","0","https://fbref.com/en/matches/489afebd/Athletic-Club-Levante-April-13-2025-Liga-F","Athletic Club","Home",NA,990,596,534,61,9,0,2,40,29,14,14,0,0,486,1,11
"Liga F","2025-04-13","Liga F (Matchweek 25)","Athletic Club","3-4-1-2",2,1.9,"Nahikari García · 18&rsquor; Nerea Nevado · 63&rsquor;","1","0","Levante","5-4-1",3,0.9,"Anissa Lahmari · 24&rsquor; María Alharilla Casado · 31&rsquor; María Alharilla Casado · 77&rsquor;","1","0","https://fbref.com/en/matches/489afebd/Athletic-Club-Levante-April-13-2025-Liga-F","Levante","Away",NA,990,451,407,42,7,0,1,13,17,3,1,2,0,361,2,3
"Liga F","2025-04-13","Liga F (Matchweek 25)","Valencia","4-3-3",1,1.5,"Yasmin Mrabet (P) · 90+2&rsquor;","4","0","Espanyol","4-3-3",1,0.5,"Lice Chamorro · 51&rsquor;","5","0","https://fbref.com/en/matches/efd63f7a/Valencia-Espanyol-April-13-2025-Liga-F","Valencia","Home",NA,990,386,332,52,16,0,4,14,25,4,3,1,0,272,2,9
"Liga F","2025-04-13","Liga F (Matchweek 25)","Valencia","4-3-3",1,1.5,"Yasmin Mrabet (P) · 90+2&rsquor;","4","0","Espanyol","4-3-3",1,0.5,"Lice Chamorro · 51&rsquor;","5","0","https://fbref.com/en/matches/efd63f7a/Valencia-Espanyol-April-13-2025-Liga-F","Espanyol","Away",NA,990,288,238,47,7,0,0,13,28,3,2,0,0,178,3,5
"Liga F","2025-04-16","Liga F (Matchweek 26)","Barcelona","4-3-3",5,4.5,"Ewa Pajor · 25&rsquor; Ewa Pajor · 34&rsquor; Victoria López · 52&rsquor; Alba Caño · 56&rsquor; Aitana Bonmatí · 88&rsquor;","0","0","Sevilla","4-3-3",1,0.9,"Fatoumata Kanteh · 45+2&rsquor;","2","0","https://fbref.com/en/matches/998eed1c/Barcelona-Sevilla-April-16-2025-Liga-F","Barcelona","Home",NA,990,863,817,43,5,0,3,22,23,9,3,2,0,772,3,8
"Liga F","2025-04-16","Liga F (Matchweek 26)","Barcelona","4-3-3",5,4.5,"Ewa Pajor · 25&rsquor; Ewa Pajor · 34&rsquor; Victoria López · 52&rsquor; Alba Caño · 56&rsquor; Aitana Bonmatí · 88&rsquor;","0","0","Sevilla","4-3-3",1,0.9,"Fatoumata Kanteh · 45+2&rsquor;","2","0","https://fbref.com/en/matches/998eed1c/Barcelona-Sevilla-April-16-2025-Liga-F","Sevilla","Away",NA,990,264,232,32,7,0,0,1,6,0,0,0,0,176,0,5
"Liga F","2025-04-18","Liga F (Matchweek 26)","Real Sociedad","4-3-3",0,1.1,"","1","0","Eibar","3-4-3",0,0.3,"","0","0","https://fbref.com/en/matches/0356888c/Real-Sociedad-Eibar-April-18-2025-Liga-F","Real Sociedad","Home",NA,990,519,455,62,8,0,2,27,31,13,1,8,0,382,2,15
"Liga F","2025-04-18","Liga F (Matchweek 26)","Real Sociedad","4-3-3",0,1.1,"","1","0","Eibar","3-4-3",0,0.3,"","0","0","https://fbref.com/en/matches/0356888c/Real-Sociedad-Eibar-April-18-2025-Liga-F","Eibar","Away",NA,990,241,189,51,12,0,0,15,21,3,1,2,0,130,1,5
"Liga F","2025-04-18","Liga F (Matchweek 26)","Atlético Madrid","4-3-3",2,2.7,"Ainhoa Vicente · 5&rsquor; Gabriela García · 22&rsquor;","2","0","UDG Tenerife","4-3-3",0,0.1,"","0","0","https://fbref.com/en/matches/c682c7be/Atletico-Madrid-UDG-Tenerife-April-18-2025-Liga-F","Atlético Madrid","Home",NA,990,579,527,52,11,0,0,20,28,8,2,5,0,482,0,4
"Liga F","2025-04-18","Liga F (Matchweek 26)","Atlético Madrid","4-3-3",2,2.7,"Ainhoa Vicente · 5&rsquor; Gabriela García · 22&rsquor;","2","0","UDG Tenerife","4-3-3",0,0.1,"","0","0","https://fbref.com/en/matches/c682c7be/Atletico-Madrid-UDG-Tenerife-April-18-2025-Liga-F","UDG Tenerife","Away",NA,990,326,267,56,13,0,2,11,26,1,0,1,0,217,3,14
"Liga F","2025-04-19","Liga F (Matchweek 26)","Granada","4-4-2",2,2.4,"Laura Requena (P) · 48&rsquor; Alexia Fernández · 89&rsquor;","0","0","Valencia","4-3-3",1,1.9,"Ana Marcos · 24&rsquor;","4","0","https://fbref.com/en/matches/67badfb2/Granada-Valencia-April-19-2025-Liga-F","Granada","Home",NA,990,483,422,59,19,0,1,24,23,4,2,2,0,351,2,9
"Liga F","2025-04-19","Liga F (Matchweek 26)","Granada","4-4-2",2,2.4,"Laura Requena (P) · 48&rsquor; Alexia Fernández · 89&rsquor;","0","0","Valencia","4-3-3",1,1.9,"Ana Marcos · 24&rsquor;","4","0","https://fbref.com/en/matches/67badfb2/Granada-Valencia-April-19-2025-Liga-F","Valencia","Away",NA,990,306,250,52,12,1,0,16,25,4,4,0,0,193,4,7
"Liga F","2025-04-19","Liga F (Matchweek 26)","Madrid CFF","3-4-3",1,0.6,"Nataša Andonova · 62&rsquor;","4","0","Athletic Club","3-4-3",1,1,"Patricia Zugasti · 84&rsquor;","2","0","https://fbref.com/en/matches/e1c82942/Madrid-CFF-Athletic-Club-April-19-2025-Liga-F","Madrid CFF","Home",NA,990,319,265,52,10,0,5,9,30,3,3,0,0,200,2,16
"Liga F","2025-04-19","Liga F (Matchweek 26)","Madrid CFF","3-4-3",1,0.6,"Nataša Andonova · 62&rsquor;","4","0","Athletic Club","3-4-3",1,1,"Patricia Zugasti · 84&rsquor;","2","0","https://fbref.com/en/matches/e1c82942/Madrid-CFF-Athletic-Club-April-19-2025-Liga-F","Athletic Club","Away",NA,990,643,583,58,14,0,0,11,34,3,3,0,0,526,2,5
"Liga F","2025-04-19","Liga F (Matchweek 26)","Espanyol","4-3-3",2,0.7,"Arola Aparicio · 29&rsquor; Lice Chamorro · 59&rsquor;","3","0","Levante Las Planas","4-2-3-1",0,0.3,"","6","0","https://fbref.com/en/matches/5ec079c9/Espanyol-Levante-Las-Planas-April-19-2025-Liga-F","Espanyol","Home",NA,990,277,220,53,10,0,2,8,28,1,0,0,0,175,4,7
"Liga F","2025-04-19","Liga F (Matchweek 26)","Espanyol","4-3-3",2,0.7,"Arola Aparicio · 29&rsquor; Lice Chamorro · 59&rsquor;","3","0","Levante Las Planas","4-2-3-1",0,0.3,"","6","0","https://fbref.com/en/matches/5ec079c9/Espanyol-Levante-Las-Planas-April-19-2025-Liga-F","Levante Las Planas","Away",NA,990,504,439,64,12,0,0,12,38,6,6,0,0,382,1,18
"Liga F","2025-04-20","Liga F (Matchweek 26)","Levante","4-4-2",2,0.5,"Eva Alonso · 11&rsquor; Estela Carbonell · 49&rsquor;","3","0","Deportivo La Coruña","3-4-3",1,0.9,"Bárbara Latorre · 15&rsquor;","2","0","https://fbref.com/en/matches/45d0d5ad/Levante-Deportivo-La-Coruna-April-20-2025-Liga-F","Levante","Home",NA,990,391,347,42,9,0,2,15,18,3,1,2,0,263,2,9
"Liga F","2025-04-20","Liga F (Matchweek 26)","Levante","4-4-2",2,0.5,"Eva Alonso · 11&rsquor; Estela Carbonell · 49&rsquor;","3","0","Deportivo La Coruña","3-4-3",1,0.9,"Bárbara Latorre · 15&rsquor;","2","0","https://fbref.com/en/matches/45d0d5ad/Levante-Deportivo-La-Coruna-April-20-2025-Liga-F","Deportivo La Coruña","Away",NA,990,557,508,48,9,0,3,17,30,2,1,1,0,441,1,9
"Liga F","2025-04-20","Liga F (Matchweek 26)","Real Madrid","4-2-3-1",5,4.1,"Caroline Weir (P) · 9&rsquor; Signe Bruun · 24&rsquor; María Méndez · 28&rsquor; Filippa Angeldahl · 37&rsquor; Signe Bruun · 40&rsquor;","1","0","Real Betis","4-4-2",1,0.4,"Yasmine Zouhir · 44&rsquor;","2","0","https://fbref.com/en/matches/33f0d7b7/Real-Madrid-Real-Betis-April-20-2025-Liga-F","Real Madrid","Home",NA,990,543,478,55,10,0,4,22,31,9,2,0,0,446,10,9
"Liga F","2025-04-20","Liga F (Matchweek 26)","Real Madrid","4-2-3-1",5,4.1,"Caroline Weir (P) · 9&rsquor; Signe Bruun · 24&rsquor; María Méndez · 28&rsquor; Filippa Angeldahl · 37&rsquor; Signe Bruun · 40&rsquor;","1","0","Real Betis","4-4-2",1,0.4,"Yasmine Zouhir · 44&rsquor;","2","0","https://fbref.com/en/matches/33f0d7b7/Real-Madrid-Real-Betis-April-20-2025-Liga-F","Real Betis","Away",NA,990,337,284,51,21,0,2,5,10,2,1,0,0,242,2,13
"Liga F","2025-04-25","Liga F (Matchweek 27)","Real Madrid","4-2-3-1",7,2.8,"Alba Redondo · 15&rsquor; Filippa Angeldahl · 24&rsquor; Alba Redondo · 47&rsquor; Sandra Villafañe (OG) · 81&rsquor; Caroline Weir · 85&rsquor; Filippa Angeldahl · 90+1&rsquor; Linda Caicedo · 90+6&rsquor;","1","0","Madrid CFF","5-4-1",3,0.9,"Emilie Nautnes · 41&rsquor; Emilie Nautnes · 51&rsquor; Nataša Andonova · 53&rsquor;","1","0","https://fbref.com/en/matches/b76cea1a/Real-Madrid-Madrid-CFF-April-25-2025-Liga-F","Real Madrid","Home",NA,990,620,561,58,9,0,1,13,32,7,4,0,0,497,1,11
"Liga F","2025-04-25","Liga F (Matchweek 27)","Real Madrid","4-2-3-1",7,2.8,"Alba Redondo · 15&rsquor; Filippa Angeldahl · 24&rsquor; Alba Redondo · 47&rsquor; Sandra Villafañe (OG) · 81&rsquor; Caroline Weir · 85&rsquor; Filippa Angeldahl · 90+1&rsquor; Linda Caicedo · 90+6&rsquor;","1","0","Madrid CFF","5-4-1",3,0.9,"Emilie Nautnes · 41&rsquor; Emilie Nautnes · 51&rsquor; Nataša Andonova · 53&rsquor;","1","0","https://fbref.com/en/matches/b76cea1a/Real-Madrid-Madrid-CFF-April-25-2025-Liga-F","Madrid CFF","Away",NA,990,345,292,50,6,0,6,9,22,3,3,0,0,236,3,8
"Liga F","2025-04-26","Liga F (Matchweek 27)","Deportivo La Coruña","4-2-3-1",1,1.3,"Millene Cabral · 20&rsquor;","1","0","Granada","4-4-2",2,1.4,"Ornella Vignola · 72&rsquor; Edna Imade · 75&rsquor;","1","0","https://fbref.com/en/matches/b79f189f/Deportivo-La-Coruna-Granada-April-26-2025-Liga-F","Deportivo La Coruña","Home",NA,990,391,340,51,9,0,7,13,28,4,1,3,0,278,0,10
"Liga F","2025-04-26","Liga F (Matchweek 27)","Deportivo La Coruña","4-2-3-1",1,1.3,"Millene Cabral · 20&rsquor;","1","0","Granada","4-4-2",2,1.4,"Ornella Vignola · 72&rsquor; Edna Imade · 75&rsquor;","1","0","https://fbref.com/en/matches/b79f189f/Deportivo-La-Coruna-Granada-April-26-2025-Liga-F","Granada","Away",NA,990,565,524,36,7,1,3,31,21,3,1,2,0,456,5,9
"Liga F","2025-04-26","Liga F (Matchweek 27)","Eibar","3-1-4-2",1,1.3,"Mariana Cerro (P) · 32&rsquor;","1","0","Espanyol","4-3-3",1,1,"Júlia Guerra · 81&rsquor;","0","0","https://fbref.com/en/matches/6d23f76b/Eibar-Espanyol-April-26-2025-Liga-F","Eibar","Home",NA,990,378,321,57,8,0,3,14,30,4,0,3,0,241,0,12
"Liga F","2025-04-26","Liga F (Matchweek 27)","Eibar","3-1-4-2",1,1.3,"Mariana Cerro (P) · 32&rsquor;","1","0","Espanyol","4-3-3",1,1,"Júlia Guerra · 81&rsquor;","0","0","https://fbref.com/en/matches/6d23f76b/Eibar-Espanyol-April-26-2025-Liga-F","Espanyol","Away",NA,990,409,352,57,9,1,0,27,33,7,5,2,0,280,0,15
"Liga F","2025-04-27","Liga F (Matchweek 27)","Levante","5-4-1",2,1,"Ivonne Chacón · 42&rsquor; Ángela Sosa (P) · 75&rsquor;","1","0","Atlético Madrid","4-2-3-1",2,1.7,"Fiamma · 23&rsquor; Ana Vitória · 28&rsquor;","4","0","https://fbref.com/en/matches/f5c69e7d/Levante-Atletico-Madrid-April-27-2025-Liga-F","Levante","Home",NA,990,326,264,59,12,0,3,8,28,4,1,2,0,208,3,11
"Liga F","2025-04-27","Liga F (Matchweek 27)","Levante","5-4-1",2,1,"Ivonne Chacón · 42&rsquor; Ángela Sosa (P) · 75&rsquor;","1","0","Atlético Madrid","4-2-3-1",2,1.7,"Fiamma · 23&rsquor; Ana Vitória · 28&rsquor;","4","0","https://fbref.com/en/matches/f5c69e7d/Levante-Atletico-Madrid-April-27-2025-Liga-F","Atlético Madrid","Away",NA,990,526,469,55,10,0,1,30,30,7,3,4,0,416,2,14
"Liga F","2025-04-27","Liga F (Matchweek 27)","Athletic Club","4-3-3",2,1.4,"Irene Oguiza · 49&rsquor; Daniela Agote · 55&rsquor;","0","0","UDG Tenerife","4-3-2-1",0,0.6,"","1","0","https://fbref.com/en/matches/4cf81d6c/Athletic-Club-UDG-Tenerife-April-27-2025-Liga-F","Athletic Club","Home",NA,990,609,563,46,10,0,0,17,28,2,0,0,0,516,0,5
"Liga F","2025-04-27","Liga F (Matchweek 27)","Athletic Club","4-3-3",2,1.4,"Irene Oguiza · 49&rsquor; Daniela Agote · 55&rsquor;","0","0","UDG Tenerife","4-3-2-1",0,0.6,"","1","0","https://fbref.com/en/matches/4cf81d6c/Athletic-Club-UDG-Tenerife-April-27-2025-Liga-F","UDG Tenerife","Away",NA,990,330,277,52,12,0,1,6,25,2,0,2,0,226,1,7
"Liga F","2025-04-27","Liga F (Matchweek 27)","Real Sociedad","4-3-3",0,1.8,"","1","0","Valencia","5-4-1",2,0.5,"Marina Martí · 6&rsquor; Emma Martín · 90+1&rsquor;","1","0","https://fbref.com/en/matches/28a2f755/Real-Sociedad-Valencia-April-27-2025-Liga-F","Real Sociedad","Home",NA,990,608,546,58,17,0,1,24,26,9,4,4,0,497,4,14
"Liga F","2025-04-27","Liga F (Matchweek 27)","Real Sociedad","4-3-3",0,1.8,"","1","0","Valencia","5-4-1",2,0.5,"Marina Martí · 6&rsquor; Emma Martín · 90+1&rsquor;","1","0","https://fbref.com/en/matches/28a2f755/Real-Sociedad-Valencia-April-27-2025-Liga-F","Valencia","Away",NA,990,223,174,46,16,0,0,13,16,3,2,1,0,134,3,6
"Liga F","2025-04-27","Liga F (Matchweek 27)","Real Betis","4-4-2",1,0.3,"Rosa Marquez · 7&rsquor;","0","0","Sevilla","4-2-3-1",1,1.1,"Natalia Padilla-Bidas · 52&rsquor;","4","0","https://fbref.com/en/matches/dc101863/Real-Betis-Sevilla-April-27-2025-Liga-F","Real Betis","Home",NA,990,453,391,58,19,0,2,17,27,5,3,0,0,362,4,11
"Liga F","2025-04-27","Liga F (Matchweek 27)","Real Betis","4-4-2",1,0.3,"Rosa Marquez · 7&rsquor;","0","0","Sevilla","4-2-3-1",1,1.1,"Natalia Padilla-Bidas · 52&rsquor;","4","0","https://fbref.com/en/matches/dc101863/Real-Betis-Sevilla-April-27-2025-Liga-F","Sevilla","Away",NA,990,219,166,47,11,1,1,13,23,3,2,0,0,143,6,3
"Liga F","2025-05-01","Liga F (Matchweek 27)","Levante Las Planas","4-3-3",0,0,"","1","0","Barcelona","4-3-3",2,2.9,"Marta Torrejón · 60&rsquor; Alexia Putellas (P) · 88&rsquor;","2","0","https://fbref.com/en/matches/875b91f2/Levante-Las-Planas-Barcelona-May-1-2025-Liga-F","Levante Las Planas","Home",NA,990,234,185,47,14,0,2,0,12,0,0,0,0,150,2,6
"Liga F","2025-05-01","Liga F (Matchweek 27)","Levante Las Planas","4-3-3",0,0,"","1","0","Barcelona","4-3-3",2,2.9,"Marta Torrejón · 60&rsquor; Alexia Putellas (P) · 88&rsquor;","2","0","https://fbref.com/en/matches/875b91f2/Levante-Las-Planas-Barcelona-May-1-2025-Liga-F","Barcelona","Away",NA,990,684,646,36,7,0,0,30,18,8,3,5,0,592,2,6
"Liga F","2025-05-03","Liga F (Matchweek 28)","UDG Tenerife","4-3-3",2,1.2,"Blanca Muñoz (OG) · 15&rsquor; Jassina Blom · 71&rsquor;","2","0","Real Betis","4-4-2",0,0.2,"","2","0","https://fbref.com/en/matches/8ccb22cb/UDG-Tenerife-Real-Betis-May-3-2025-Liga-F","UDG Tenerife","Home",NA,990,319,268,40,10,0,1,15,19,5,2,3,0,197,11,6
"Liga F","2025-05-03","Liga F (Matchweek 28)","UDG Tenerife","4-3-3",2,1.2,"Blanca Muñoz (OG) · 15&rsquor; Jassina Blom · 71&rsquor;","2","0","Real Betis","4-4-2",0,0.2,"","2","0","https://fbref.com/en/matches/8ccb22cb/UDG-Tenerife-Real-Betis-May-3-2025-Liga-F","Real Betis","Away",NA,990,519,444,75,29,0,3,11,33,2,1,0,0,393,0,18
"Liga F","2025-05-03","Liga F (Matchweek 28)","Valencia","5-4-1",2,0.5,"Marina Martí · 3&rsquor; Yasmin Mrabet · 58&rsquor;","1","0","Eibar","3-4-3",0,0.6,"","2","0","https://fbref.com/en/matches/2915dde9/Valencia-Eibar-May-3-2025-Liga-F","Valencia","Home",NA,990,315,263,46,8,0,5,15,24,7,5,2,0,198,6,6
"Liga F","2025-05-03","Liga F (Matchweek 28)","Valencia","5-4-1",2,0.5,"Marina Martí · 3&rsquor; Yasmin Mrabet · 58&rsquor;","1","0","Eibar","3-4-3",0,0.6,"","2","0","https://fbref.com/en/matches/2915dde9/Valencia-Eibar-May-3-2025-Liga-F","Eibar","Away",NA,990,475,412,63,15,0,1,18,39,1,0,1,0,341,0,11
"Liga F","2025-05-03","Liga F (Matchweek 28)","Sevilla","4-2-3-1",2,2.5,"Natalia Padilla-Bidas · 31&rsquor; Natalia Padilla-Bidas · 85&rsquor;","0","0","Levante","5-4-1",0,0.3,"","0","0","https://fbref.com/en/matches/3acc2cd0/Sevilla-Levante-May-3-2025-Liga-F","Sevilla","Home",NA,990,430,379,50,8,1,0,15,29,5,5,0,0,312,1,17
"Liga F","2025-05-03","Liga F (Matchweek 28)","Sevilla","4-2-3-1",2,2.5,"Natalia Padilla-Bidas · 31&rsquor; Natalia Padilla-Bidas · 85&rsquor;","0","0","Levante","5-4-1",0,0.3,"","0","0","https://fbref.com/en/matches/3acc2cd0/Sevilla-Levante-May-3-2025-Liga-F","Levante","Away",NA,990,459,405,53,8,1,2,11,25,8,4,1,0,326,1,9
"Liga F","2025-05-03","Liga F (Matchweek 28)","Espanyol","4-3-3",0,0.5,"","1","0","Real Sociedad","4-2-3-1",3,1.9,"Amaiur Sarriegi · 1&rsquor; Sanni Franssi · 57&rsquor; Nerea Eizaguirre · 81&rsquor;","1","0","https://fbref.com/en/matches/41d30f79/Espanyol-Real-Sociedad-May-3-2025-Liga-F","Espanyol","Home",NA,990,289,239,48,11,0,1,11,22,1,1,0,0,198,2,10
"Liga F","2025-05-03","Liga F (Matchweek 28)","Espanyol","4-3-3",0,0.5,"","1","0","Real Sociedad","4-2-3-1",3,1.9,"Amaiur Sarriegi · 1&rsquor; Sanni Franssi · 57&rsquor; Nerea Eizaguirre · 81&rsquor;","1","0","https://fbref.com/en/matches/41d30f79/Espanyol-Real-Sociedad-May-3-2025-Liga-F","Real Sociedad","Away",NA,990,547,491,56,9,0,1,19,30,7,5,1,0,454,0,3
"Liga F","2025-05-04","Liga F (Matchweek 28)","Atlético Madrid","4-2-3-1",1,0.9,"Gio Garbelini · 54&rsquor;","5","0","Athletic Club","4-3-3",0,0.4,"","2","0","https://fbref.com/en/matches/56c991ff/Atletico-Madrid-Athletic-Club-May-4-2025-Liga-F","Atlético Madrid","Home",NA,990,530,481,47,8,0,0,26,24,8,1,7,0,435,2,9
"Liga F","2025-05-04","Liga F (Matchweek 28)","Atlético Madrid","4-2-3-1",1,0.9,"Gio Garbelini · 54&rsquor;","5","0","Athletic Club","4-3-3",0,0.4,"","2","0","https://fbref.com/en/matches/56c991ff/Atletico-Madrid-Athletic-Club-May-4-2025-Liga-F","Athletic Club","Away",NA,990,439,388,50,16,0,3,12,22,4,4,0,0,340,1,7
"Liga F","2025-05-04","Liga F (Matchweek 28)","Madrid CFF","3-4-3",1,0.7,"Emilie Nautnes · 56&rsquor;","2","0","Levante Las Planas","4-2-3-1",2,2.6,"Sonia García Majarín · 59&rsquor; María Llompart (P) · 74&rsquor;","1","0","https://fbref.com/en/matches/6d40c1cf/Madrid-CFF-Levante-Las-Planas-May-4-2025-Liga-F","Madrid CFF","Home",NA,990,428,372,53,11,1,2,17,24,4,4,0,0,318,3,3
"Liga F","2025-05-04","Liga F (Matchweek 28)","Madrid CFF","3-4-3",1,0.7,"Emilie Nautnes · 56&rsquor;","2","0","Levante Las Planas","4-2-3-1",2,2.6,"Sonia García Majarín · 59&rsquor; María Llompart (P) · 74&rsquor;","1","0","https://fbref.com/en/matches/6d40c1cf/Madrid-CFF-Levante-Las-Planas-May-4-2025-Liga-F","Levante Las Planas","Away",NA,990,419,366,53,11,0,2,9,30,5,5,0,0,330,0,2
"Liga F","2025-05-04","Liga F (Matchweek 28)","Granada","4-4-2",1,0.2,"Edna Imade · 72&rsquor;","2","0","Real Madrid","4-2-3-1",2,3.2,"Caroline Weir · 12&rsquor; Linda Caicedo · 85&rsquor;","0","0","https://fbref.com/en/matches/47a17c97/Granada-Real-Madrid-May-4-2025-Liga-F","Granada","Home",NA,990,411,370,39,9,1,0,16,16,2,1,1,0,328,2,5
"Liga F","2025-05-04","Liga F (Matchweek 28)","Granada","4-4-2",1,0.2,"Edna Imade · 72&rsquor;","2","0","Real Madrid","4-2-3-1",2,3.2,"Caroline Weir · 12&rsquor; Linda Caicedo · 85&rsquor;","0","0","https://fbref.com/en/matches/47a17c97/Granada-Real-Madrid-May-4-2025-Liga-F","Real Madrid","Away",NA,990,582,543,37,9,4,5,15,15,4,3,0,0,495,2,9
"Liga F","2025-05-04","Liga F (Matchweek 28)","Barcelona","4-3-3",4,5.3,"Ewa Pajor · 13&rsquor; Ewa Pajor · 31&rsquor; Alexia Putellas · 72&rsquor; Aitana Bonmatí · 81&rsquor;","0","0","Deportivo La Coruña","3-4-3",0,0,"","0","0","https://fbref.com/en/matches/693045fb/Barcelona-Deportivo-La-Coruna-May-4-2025-Liga-F","Barcelona","Home",NA,990,708,670,38,2,1,0,58,20,15,11,1,0,611,0,10
"Liga F","2025-05-04","Liga F (Matchweek 28)","Barcelona","4-3-3",4,5.3,"Ewa Pajor · 13&rsquor; Ewa Pajor · 31&rsquor; Alexia Putellas · 72&rsquor; Aitana Bonmatí · 81&rsquor;","0","0","Deportivo La Coruña","3-4-3",0,0,"","0","0","https://fbref.com/en/matches/693045fb/Barcelona-Deportivo-La-Coruna-May-4-2025-Liga-F","Deportivo La Coruña","Away",NA,990,209,161,47,9,0,1,0,8,0,0,0,0,133,1,6
"Liga F","2025-05-11","Liga F (Matchweek 29)","Deportivo La Coruña","3-4-3",1,1.4,"Elyse Bennett · 90+2&rsquor;","1","0","Sevilla","4-2-3-1",1,1.2,"Eva Llamas · 90&rsquor;","3","0","https://fbref.com/en/matches/5bcebcb2/Deportivo-La-Coruna-Sevilla-May-11-2025-Liga-F","Deportivo La Coruña","Home",NA,990,332,270,60,12,0,3,16,25,9,8,1,0,219,2,6
"Liga F","2025-05-11","Liga F (Matchweek 29)","Deportivo La Coruña","3-4-3",1,1.4,"Elyse Bennett · 90+2&rsquor;","1","0","Sevilla","4-2-3-1",1,1.2,"Eva Llamas · 90&rsquor;","3","0","https://fbref.com/en/matches/5bcebcb2/Deportivo-La-Coruna-Sevilla-May-11-2025-Liga-F","Sevilla","Away",NA,990,388,337,48,15,0,2,21,21,5,5,0,0,276,3,9
"Liga F","2025-05-11","Liga F (Matchweek 29)","Levante","4-4-2",0,1.8,"","0","0","Madrid CFF","3-5-2",0,0.1,"","1","0","https://fbref.com/en/matches/7aeeeb3f/Levante-Madrid-CFF-May-11-2025-Liga-F","Levante","Home",NA,990,383,334,49,6,0,1,21,27,7,6,1,0,283,0,7
"Liga F","2025-05-11","Liga F (Matchweek 29)","Levante","4-4-2",0,1.8,"","0","0","Madrid CFF","3-5-2",0,0.1,"","1","0","https://fbref.com/en/matches/7aeeeb3f/Levante-Madrid-CFF-May-11-2025-Liga-F","Madrid CFF","Away",NA,990,547,490,57,6,0,4,20,30,8,5,0,0,433,0,15
"Liga F","2025-05-11","Liga F (Matchweek 29)","Real Betis","4-2-2-2",0,0.1,"Paula Vizoso · 27&rsquor;","0","1","Barcelona","4-3-3",9,5.5,"Ewa Pajor · 3&rsquor; Claudia Pina · 6&rsquor; Esmee Brugts · 41&rsquor; Claudia Pina · 49&rsquor; Claudia Pina · 52&rsquor; Aitana Bonmatí · 60&rsquor; Alexia Putellas · 67&rsquor; Ewa Pajor · 83&rsquor; Alexia Putellas · 86&rsquor;","0","0","https://fbref.com/en/matches/764e44c0/Real-Betis-Barcelona-May-11-2025-Liga-F","Real Betis","Home",NA,926,267,209,58,14,0,2,2,14,3,1,0,0,187,0,8
"Liga F","2025-05-11","Liga F (Matchweek 29)","Real Betis","4-2-2-2",0,0.1,"Paula Vizoso · 27&rsquor;","0","1","Barcelona","4-3-3",9,5.5,"Ewa Pajor · 3&rsquor; Claudia Pina · 6&rsquor; Esmee Brugts · 41&rsquor; Claudia Pina · 49&rsquor; Claudia Pina · 52&rsquor; Aitana Bonmatí · 60&rsquor; Alexia Putellas · 67&rsquor; Ewa Pajor · 83&rsquor; Alexia Putellas · 86&rsquor;","0","0","https://fbref.com/en/matches/764e44c0/Real-Betis-Barcelona-May-11-2025-Liga-F","Barcelona","Away",NA,990,601,561,33,3,0,1,36,14,15,1,0,6,512,7,6
"Liga F","2025-05-11","Liga F (Matchweek 29)","Athletic Club","4-3-3",1,1.8,"Maite Valero · 61&rsquor;","3","0","Espanyol","4-3-3",0,0.7,"","2","0","https://fbref.com/en/matches/734cc5c5/Athletic-Club-Espanyol-May-11-2025-Liga-F","Athletic Club","Home",NA,990,690,644,43,10,1,3,15,25,3,2,0,0,589,3,9
"Liga F","2025-05-11","Liga F (Matchweek 29)","Athletic Club","4-3-3",1,1.8,"Maite Valero · 61&rsquor;","3","0","Espanyol","4-3-3",0,0.7,"","2","0","https://fbref.com/en/matches/734cc5c5/Athletic-Club-Espanyol-May-11-2025-Liga-F","Espanyol","Away",NA,990,298,256,41,8,0,0,15,21,2,1,0,0,193,1,8
"Liga F","2025-05-11","Liga F (Matchweek 29)","Real Sociedad","4-3-3",4,3.1,"Amaiur Sarriegi · 5&rsquor; Klára Cahynová · 47&rsquor; Amaiur Sarriegi · 51&rsquor; Claire Lavogez · 90+6&rsquor;","1","0","Granada","4-4-2",2,1.6,"Edna Imade · 71&rsquor; Miku Ito (P) · 90&rsquor;","4","0","https://fbref.com/en/matches/4787a1ef/Real-Sociedad-Granada-May-11-2025-Liga-F","Real Sociedad","Home",NA,990,549,492,52,16,0,1,17,19,6,3,0,1,437,5,11
"Liga F","2025-05-11","Liga F (Matchweek 29)","Real Sociedad","4-3-3",4,3.1,"Amaiur Sarriegi · 5&rsquor; Klára Cahynová · 47&rsquor; Amaiur Sarriegi · 51&rsquor; Claire Lavogez · 90+6&rsquor;","1","0","Granada","4-4-2",2,1.6,"Edna Imade · 71&rsquor; Miku Ito (P) · 90&rsquor;","4","0","https://fbref.com/en/matches/4787a1ef/Real-Sociedad-Granada-May-11-2025-Liga-F","Granada","Away",NA,990,378,324,50,15,1,2,15,17,5,3,2,0,270,4,6
"Liga F","2025-05-11","Liga F (Matchweek 29)","Eibar","3-4-3",0,0.3,"","1","0","Atlético Madrid","4-2-3-1",2,3,"Rasheedat Ajibade · 43&rsquor; Fiamma · 77&rsquor;","2","0","https://fbref.com/en/matches/541aa0b5/Eibar-Atletico-Madrid-May-11-2025-Liga-F","Eibar","Home",NA,990,217,164,50,16,0,1,5,14,3,1,1,1,121,3,4
"Liga F","2025-05-11","Liga F (Matchweek 29)","Eibar","3-4-3",0,0.3,"","1","0","Atlético Madrid","4-2-3-1",2,3,"Rasheedat Ajibade · 43&rsquor; Fiamma · 77&rsquor;","2","0","https://fbref.com/en/matches/541aa0b5/Eibar-Atletico-Madrid-May-11-2025-Liga-F","Atlético Madrid","Away",NA,990,757,715,36,9,0,0,24,16,7,2,4,0,632,6,7
"Liga F","2025-05-11","Liga F (Matchweek 29)","Real Madrid","4-3-3",1,1.7,"Caroline Møller · 89&rsquor;","0","0","UDG Tenerife","3-4-3",1,0.2,"Rinsola Babajide · 62&rsquor;","1","0","https://fbref.com/en/matches/be2e0bb4/Real-Madrid-UDG-Tenerife-May-11-2025-Liga-F","Real Madrid","Home",NA,985,686,643,42,11,0,5,40,20,6,4,1,0,546,1,5
"Liga F","2025-05-11","Liga F (Matchweek 29)","Real Madrid","4-3-3",1,1.7,"Caroline Møller · 89&rsquor;","0","0","UDG Tenerife","3-4-3",1,0.2,"Rinsola Babajide · 62&rsquor;","1","0","https://fbref.com/en/matches/be2e0bb4/Real-Madrid-UDG-Tenerife-May-11-2025-Liga-F","UDG Tenerife","Away",NA,990,204,155,46,3,0,0,6,20,1,0,1,0,104,3,3
"Liga F","2025-05-11","Liga F (Matchweek 29)","Levante Las Planas","4-3-3",1,1.4,"Elena Julve · 47&rsquor;","2","0","Valencia","5-4-1",1,0.5,"Motunrayo Ezekiel · 89&rsquor;","1","0","https://fbref.com/en/matches/666fd1c0/Levante-Las-Planas-Valencia-May-11-2025-Liga-F","Levante Las Planas","Home",NA,990,392,341,48,10,0,3,11,24,3,3,0,0,288,3,6
"Liga F","2025-05-11","Liga F (Matchweek 29)","Levante Las Planas","4-3-3",1,1.4,"Elena Julve · 47&rsquor;","2","0","Valencia","5-4-1",1,0.5,"Motunrayo Ezekiel · 89&rsquor;","1","0","https://fbref.com/en/matches/666fd1c0/Levante-Las-Planas-Valencia-May-11-2025-Liga-F","Valencia","Away",NA,990,323,275,48,14,0,1,14,14,5,4,0,0,198,0,6
"Liga F","2025-05-18","Liga F (Matchweek 30)","UDG Tenerife","5-4-1",4,1.1,"Aleksandra Zaremba · 6&rsquor; Sakina Ouzraoui · 8&rsquor; María José Pérez · 19&rsquor; María José Pérez · 43&rsquor;","1","0","Real Sociedad","4-2-3-1",1,1.1,"Lucia Pardo · 50&rsquor;","1","0","https://fbref.com/en/matches/d293b8be/UDG-Tenerife-Real-Sociedad-May-18-2025-Liga-F","UDG Tenerife","Home",NA,990,300,251,45,12,0,0,8,17,4,2,2,0,165,4,7
"Liga F","2025-05-18","Liga F (Matchweek 30)","UDG Tenerife","5-4-1",4,1.1,"Aleksandra Zaremba · 6&rsquor; Sakina Ouzraoui · 8&rsquor; María José Pérez · 19&rsquor; María José Pérez · 43&rsquor;","1","0","Real Sociedad","4-2-3-1",1,1.1,"Lucia Pardo · 50&rsquor;","1","0","https://fbref.com/en/matches/d293b8be/UDG-Tenerife-Real-Sociedad-May-18-2025-Liga-F","Real Sociedad","Away",NA,990,540,484,54,15,0,0,22,25,6,5,1,0,395,2,18
"Liga F","2025-05-18","Liga F (Matchweek 30)","Valencia","4-2-3-1",2,0.8,"Laia López (OG) · 66&rsquor; Ana Marcos · 89&rsquor;","4","0","Real Madrid","4-2-3-1",2,3.9,"Alba Redondo · 6&rsquor; Alba Redondo · 49&rsquor;","0","0","https://fbref.com/en/matches/414b628d/Valencia-Real-Madrid-May-18-2025-Liga-F","Valencia","Home",NA,990,268,224,43,13,1,1,18,15,3,3,0,0,180,1,5
"Liga F","2025-05-18","Liga F (Matchweek 30)","Valencia","4-2-3-1",2,0.8,"Laia López (OG) · 66&rsquor; Ana Marcos · 89&rsquor;","4","0","Real Madrid","4-2-3-1",2,3.9,"Alba Redondo · 6&rsquor; Alba Redondo · 49&rsquor;","0","0","https://fbref.com/en/matches/414b628d/Valencia-Real-Madrid-May-18-2025-Liga-F","Real Madrid","Away",NA,990,562,511,48,11,2,6,21,12,8,2,3,0,479,3,8
"Liga F","2025-05-18","Liga F (Matchweek 30)","Sevilla","4-3-3",1,2.1,"Nazareth Martín · 41&rsquor; Natalia Padilla-Bidas · 84&rsquor;","2","1","Eibar","3-1-4-2",3,1.5,"Esperanza Pizarro · 14&rsquor; Esperanza Pizarro · 17&rsquor; Patricia Ojeda · 67&rsquor;","2","0","https://fbref.com/en/matches/6c8af85b/Sevilla-Eibar-May-18-2025-Liga-F","Sevilla","Home",NA,940,468,409,57,9,0,1,21,32,6,3,3,0,336,2,4
"Liga F","2025-05-18","Liga F (Matchweek 30)","Sevilla","4-3-3",1,2.1,"Nazareth Martín · 41&rsquor; Natalia Padilla-Bidas · 84&rsquor;","2","1","Eibar","3-1-4-2",3,1.5,"Esperanza Pizarro · 14&rsquor; Esperanza Pizarro · 17&rsquor; Patricia Ojeda · 67&rsquor;","2","0","https://fbref.com/en/matches/6c8af85b/Sevilla-Eibar-May-18-2025-Liga-F","Eibar","Away",NA,990,311,265,46,8,0,0,21,23,4,1,3,0,188,0,4
"Liga F","2025-05-18","Liga F (Matchweek 30)","Granada","4-4-2",0,0.8,"","0","0","Levante","4-4-2",1,0.8,"Paula Fernandez · 90+2&rsquor;","3","0","https://fbref.com/en/matches/7b7be3d3/Granada-Levante-May-18-2025-Liga-F","Granada","Home",NA,990,513,470,42,9,0,1,22,21,6,6,0,0,422,1,8
"Liga F","2025-05-18","Liga F (Matchweek 30)","Granada","4-4-2",0,0.8,"","0","0","Levante","4-4-2",1,0.8,"Paula Fernandez · 90+2&rsquor;","3","0","https://fbref.com/en/matches/7b7be3d3/Granada-Levante-May-18-2025-Liga-F","Levante","Away",NA,990,406,357,48,13,1,1,12,22,1,1,0,0,325,1,9
"Liga F","2025-05-18","Liga F (Matchweek 30)","Madrid CFF","5-3-2",4,1.6,"Núria Mendoza · 15&rsquor; Emilie Nautnes · 20&rsquor; Emilie Nautnes · 86&rsquor; Emilie Nautnes · 90&rsquor;","1","0","Deportivo La Coruña","3-4-3",3,0.9,"Olaya Rodríguez · 71&rsquor; Paula Gutiérrez · 73&rsquor; Ana de Teresa · 82&rsquor;","1","0","https://fbref.com/en/matches/2d160887/Madrid-CFF-Deportivo-La-Coruna-May-18-2025-Liga-F","Madrid CFF","Home",NA,990,420,373,45,9,1,3,14,17,5,3,0,1,303,2,4
"Liga F","2025-05-18","Liga F (Matchweek 30)","Madrid CFF","5-3-2",4,1.6,"Núria Mendoza · 15&rsquor; Emilie Nautnes · 20&rsquor; Emilie Nautnes · 86&rsquor; Emilie Nautnes · 90&rsquor;","1","0","Deportivo La Coruña","3-4-3",3,0.9,"Olaya Rodríguez · 71&rsquor; Paula Gutiérrez · 73&rsquor; Ana de Teresa · 82&rsquor;","1","0","https://fbref.com/en/matches/2d160887/Madrid-CFF-Deportivo-La-Coruna-May-18-2025-Liga-F","Deportivo La Coruña","Away",NA,990,430,381,49,12,0,2,3,23,4,2,0,0,321,0,3
"Liga F","2025-05-18","Liga F (Matchweek 30)","Barcelona","4-3-3",6,3.6,"Aitana Bonmatí · 2&rsquor; Ewa Pajor · 21&rsquor; Ewa Pajor · 37&rsquor; Claudia Pina · 74&rsquor; Claudia Pina · 89&rsquor; Esmee Brugts · 90+1&rsquor;","0","0","Athletic Club","5-3-2",0,0,"","1","0","https://fbref.com/en/matches/22b87f0f/Barcelona-Athletic-Club-May-18-2025-Liga-F","Barcelona","Home",NA,990,636,588,44,4,0,1,31,24,15,3,6,0,535,4,14
"Liga F","2025-05-18","Liga F (Matchweek 30)","Barcelona","4-3-3",6,3.6,"Aitana Bonmatí · 2&rsquor; Ewa Pajor · 21&rsquor; Ewa Pajor · 37&rsquor; Claudia Pina · 74&rsquor; Claudia Pina · 89&rsquor; Esmee Brugts · 90+1&rsquor;","0","0","Athletic Club","5-3-2",0,0,"","1","0","https://fbref.com/en/matches/22b87f0f/Barcelona-Athletic-Club-May-18-2025-Liga-F","Athletic Club","Away",NA,990,285,237,48,13,0,1,1,12,0,0,0,0,192,0,3
"Liga F","2025-05-18","Liga F (Matchweek 30)","Espanyol","4-3-3",6,2.7,"Amanda Uju · 14&rsquor; Cristina Baudet · 29&rsquor; Lice Chamorro · 47&rsquor; Ángeles Del Álamo · 53&rsquor; Júlia Guerra · 69&rsquor; Ángeles Del Álamo · 87&rsquor;","0","0","Real Betis","4-4-2",2,1.9,"Rhiannon Roberts · 18&rsquor; Tiffany Cameron · 74&rsquor; María Ruíz · 89&rsquor;","1","1","https://fbref.com/en/matches/1acacc6d/Espanyol-Real-Betis-May-18-2025-Liga-F","Espanyol","Home",NA,990,226,187,35,10,1,0,8,16,2,1,1,0,160,4,6
"Liga F","2025-05-18","Liga F (Matchweek 30)","Espanyol","4-3-3",6,2.7,"Amanda Uju · 14&rsquor; Cristina Baudet · 29&rsquor; Lice Chamorro · 47&rsquor; Ángeles Del Álamo · 53&rsquor; Júlia Guerra · 69&rsquor; Ángeles Del Álamo · 87&rsquor;","0","0","Real Betis","4-4-2",2,1.9,"Rhiannon Roberts · 18&rsquor; Tiffany Cameron · 74&rsquor; María Ruíz · 89&rsquor;","1","1","https://fbref.com/en/matches/1acacc6d/Espanyol-Real-Betis-May-18-2025-Liga-F","Real Betis","Away",NA,988,511,445,64,17,1,1,7,25,6,3,0,0,415,2,13
"Liga F","2025-05-18","Liga F (Matchweek 30)","Atlético Madrid","4-2-3-1",5,1.2,"Tatiana Pinto · 16&rsquor; Tatiana Pinto · 53&rsquor; Luany · 82&rsquor; Synne Jensen · 84&rsquor; Gabriela García · 86&rsquor;","0","0","Levante Las Planas","4-2-3-1",0,1,"","0","0","https://fbref.com/en/matches/01b67788/Atletico-Madrid-Levante-Las-Planas-May-18-2025-Liga-F","Atlético Madrid","Home",NA,990,593,547,43,7,0,0,19,25,3,3,0,0,515,3,6
"Liga F","2025-05-18","Liga F (Matchweek 30)","Atlético Madrid","4-2-3-1",5,1.2,"Tatiana Pinto · 16&rsquor; Tatiana Pinto · 53&rsquor; Luany · 82&rsquor; Synne Jensen · 84&rsquor; Gabriela García · 86&rsquor;","0","0","Levante Las Planas","4-2-3-1",0,1,"","0","0","https://fbref.com/en/matches/01b67788/Atletico-Madrid-Levante-Las-Planas-May-18-2025-Liga-F","Levante Las Planas","Away",NA,990,369,329,39,13,0,5,7,11,2,2,0,0,300,1,6
