"League","Match_Date","Matchweek","Home_Team","Home_Formation","Home_Score","Home_xG","Home_Goals","Home_Yellow_Cards","Home_Red_Cards","Away_Team","Away_Formation","Away_Score","Away_xG","Away_Goals","Away_Yellow_Cards","Away_Red_Cards","Game_URL","Team","Home_Away","Player_Href","Min","Att","Live_Pass_Types","Dead_Pass_Types","FK_Pass_Types","TB_Pass_Types","Sw_Pass_Types","Crs_Pass_Types","TI_Pass_Types","CK_Pass_Types","In_Corner_Kicks","Out_Corner_Kicks","Str_Corner_Kicks","Cmp_Outcomes","Off_Outcomes","Blocks_Outcomes"
"La Liga","2023-08-11","La Liga (Matchweek 1)","Almería","4-2-3-1",0,1.4,"",1,0,"Rayo Vallecano","4-2-3-1",2,2.1,"Isaac Palazón Camacho (P) · 20&rsquor; Randy Nteka (P) · 28&rsquor;",3,0,"https://fbref.com/en/matches/30d3212e/Almeria-Rayo-Vallecano-August-11-2023-La-Liga","Almería","Home",NA,990,532,473,58,26,1,8,26,19,8,2,5,0,448,1,5
"La Liga","2023-08-11","La Liga (Matchweek 1)","Almería","4-2-3-1",0,1.4,"",1,0,"Rayo Vallecano","4-2-3-1",2,2.1,"Isaac Palazón Camacho (P) · 20&rsquor; Randy Nteka (P) · 28&rsquor;",3,0,"https://fbref.com/en/matches/30d3212e/Almeria-Rayo-Vallecano-August-11-2023-La-Liga","Rayo Vallecano","Away",NA,990,354,312,41,14,0,8,8,14,3,1,1,0,268,1,5
"La Liga","2023-08-11","La Liga (Matchweek 1)","Sevilla","4-2-3-1",1,0.7,"Youssef En-Nesyri · 69&rsquor; Loïc Bade · 81&rsquor;",3,1,"Valencia","4-4-2",2,1.1,"Mouctar Diakhaby · 60&rsquor; Javier Guerra · 88&rsquor;",2,0,"https://fbref.com/en/matches/525758cc/Sevilla-Valencia-August-11-2023-La-Liga","Sevilla","Home",NA,980,474,400,71,17,0,5,34,36,8,1,4,0,339,3,15
"La Liga","2023-08-11","La Liga (Matchweek 1)","Sevilla","4-2-3-1",1,0.7,"Youssef En-Nesyri · 69&rsquor; Loïc Bade · 81&rsquor;",3,1,"Valencia","4-4-2",2,1.1,"Mouctar Diakhaby · 60&rsquor; Javier Guerra · 88&rsquor;",2,0,"https://fbref.com/en/matches/525758cc/Sevilla-Valencia-August-11-2023-La-Liga","Valencia","Away",NA,990,385,329,56,17,3,2,11,28,1,0,0,0,275,0,11
"La Liga","2023-08-12","La Liga (Matchweek 1)","Real Sociedad","4-3-3",1,1,"Takefusa Kubo · 5&rsquor;",2,0,"Girona","4-1-4-1",1,0.8,"Artem Dovbyk · 72&rsquor;",5,0,"https://fbref.com/en/matches/706596c6/Real-Sociedad-Girona-August-12-2023-La-Liga","Real Sociedad","Home",NA,990,415,372,43,11,1,1,10,22,4,3,1,0,331,0,9
"La Liga","2023-08-12","La Liga (Matchweek 1)","Real Sociedad","4-3-3",1,1,"Takefusa Kubo · 5&rsquor;",2,0,"Girona","4-1-4-1",1,0.8,"Artem Dovbyk · 72&rsquor;",5,0,"https://fbref.com/en/matches/706596c6/Real-Sociedad-Girona-August-12-2023-La-Liga","Girona","Away",NA,990,458,391,64,22,1,4,14,23,1,0,0,0,369,3,5
"La Liga","2023-08-12","La Liga (Matchweek 1)","Las Palmas","4-5-1",1,0.9,"Jonathan Viera (P) · 29&rsquor;",3,0,"Mallorca","5-3-2",1,1.6,"Antonio Raillo · 70&rsquor;",2,0,"https://fbref.com/en/matches/8c6555db/Las-Palmas-Mallorca-August-12-2023-La-Liga","Las Palmas","Home",NA,990,636,571,64,27,1,1,5,24,3,0,0,0,542,1,6
"La Liga","2023-08-12","La Liga (Matchweek 1)","Las Palmas","4-5-1",1,0.9,"Jonathan Viera (P) · 29&rsquor;",3,0,"Mallorca","5-3-2",1,1.6,"Antonio Raillo · 70&rsquor;",2,0,"https://fbref.com/en/matches/8c6555db/Las-Palmas-Mallorca-August-12-2023-La-Liga","Mallorca","Away",NA,990,302,254,42,11,3,1,17,22,6,3,2,0,202,6,4
"La Liga","2023-08-12","La Liga (Matchweek 1)","Athletic Club","4-2-3-1",0,0.4,"",3,0,"Real Madrid","4-1-2-1-2",2,0.9,"Rodrygo · 28&rsquor; Jude Bellingham · 36&rsquor;",1,0,"https://fbref.com/en/matches/c31f0a31/Athletic-Club-Real-Madrid-August-12-2023-La-Liga","Athletic Club","Home",NA,990,552,502,48,8,0,3,30,23,7,3,3,0,453,2,10
"La Liga","2023-08-12","La Liga (Matchweek 1)","Athletic Club","4-2-3-1",0,0.4,"",3,0,"Real Madrid","4-1-2-1-2",2,0.9,"Rodrygo · 28&rsquor; Jude Bellingham · 36&rsquor;",1,0,"https://fbref.com/en/matches/c31f0a31/Athletic-Club-Real-Madrid-August-12-2023-La-Liga","Real Madrid","Away",NA,990,639,585,52,19,5,6,9,15,5,2,2,0,556,2,6
"La Liga","2023-08-13","La Liga (Matchweek 1)","Celta Vigo","4-4-2",0,1,"",1,0,"Osasuna","4-3-3",2,1,"Rubén García · 24&rsquor; Moi Gómez · 74&rsquor;",1,0,"https://fbref.com/en/matches/8689fb39/Celta-Vigo-Osasuna-August-13-2023-La-Liga","Celta Vigo","Home",NA,990,531,459,66,16,2,4,22,30,7,3,1,0,414,6,13
"La Liga","2023-08-13","La Liga (Matchweek 1)","Celta Vigo","4-4-2",0,1,"",1,0,"Osasuna","4-3-3",2,1,"Rubén García · 24&rsquor; Moi Gómez · 74&rsquor;",1,0,"https://fbref.com/en/matches/8689fb39/Celta-Vigo-Osasuna-August-13-2023-La-Liga","Osasuna","Away",NA,990,468,416,51,16,0,4,15,19,2,0,2,0,344,1,15
"La Liga","2023-08-13","La Liga (Matchweek 1)","Villarreal","4-3-3",1,0.9,"Jorge Cuenca · 61&rsquor;",1,0,"Real Betis","4-2-3-1",2,1.1,"Ayoze Pérez · 20&rsquor; Willian José · 90+5&rsquor;",3,0,"https://fbref.com/en/matches/b8258a85/Villarreal-Real-Betis-August-13-2023-La-Liga","Villarreal","Home",NA,990,604,547,55,18,1,2,19,21,9,2,6,0,511,2,13
"La Liga","2023-08-13","La Liga (Matchweek 1)","Villarreal","4-3-3",1,0.9,"Jorge Cuenca · 61&rsquor;",1,0,"Real Betis","4-2-3-1",2,1.1,"Ayoze Pérez · 20&rsquor; Willian José · 90+5&rsquor;",3,0,"https://fbref.com/en/matches/b8258a85/Villarreal-Real-Betis-August-13-2023-La-Liga","Real Betis","Away",NA,990,350,309,40,14,1,2,14,14,4,1,2,0,273,1,6
"La Liga","2023-08-13","La Liga (Matchweek 1)","Getafe","4-5-1",0,0.6,"Jaime Mata · 57&rsquor;",9,1,"Barcelona","4-2-3-1",0,1.4,"Raphinha · 42&rsquor; Xavi · 70&rsquor;",2,2,"https://fbref.com/en/matches/b34ff242/Getafe-Barcelona-August-13-2023-La-Liga","Getafe","Home",NA,956,271,222,45,13,1,4,17,14,3,1,2,0,186,4,6
"La Liga","2023-08-13","La Liga (Matchweek 1)","Getafe","4-5-1",0,0.6,"Jaime Mata · 57&rsquor;",9,1,"Barcelona","4-2-3-1",0,1.4,"Raphinha · 42&rsquor; Xavi · 70&rsquor;",2,2,"https://fbref.com/en/matches/b34ff242/Getafe-Barcelona-August-13-2023-La-Liga","Barcelona","Away",NA,941,767,712,53,23,5,5,17,17,4,3,0,0,680,2,2
"La Liga","2023-08-14","La Liga (Matchweek 1)","Cádiz","4-4-2",1,0.7,"Fede San Emeterio · 7&rsquor; Gonzalo Escalante · 88&rsquor;",3,1,"Alavés","5-4-1",0,0.3,"",2,0,"https://fbref.com/en/matches/c36e6859/Cadiz-Alaves-August-14-2023-La-Liga","Cádiz","Home",NA,987,337,288,47,16,1,1,12,22,2,0,1,0,226,2,2
"La Liga","2023-08-14","La Liga (Matchweek 1)","Cádiz","4-4-2",1,0.7,"Fede San Emeterio · 7&rsquor; Gonzalo Escalante · 88&rsquor;",3,1,"Alavés","5-4-1",0,0.3,"",2,0,"https://fbref.com/en/matches/c36e6859/Cadiz-Alaves-August-14-2023-La-Liga","Alavés","Away",NA,990,417,359,56,21,0,5,24,22,4,0,1,0,302,2,9
"La Liga","2023-08-14","La Liga (Matchweek 1)","Atlético Madrid","3-5-2",3,2.4,"Álvaro Morata · 45+4&rsquor; Memphis · 67&rsquor; Marcos Llorente · 90+8&rsquor;",3,0,"Granada","5-3-2",1,0.9,"Samu Omorodion · 62&rsquor;",1,0,"https://fbref.com/en/matches/a96e4e26/Atletico-Madrid-Granada-August-14-2023-La-Liga","Atlético Madrid","Home",NA,990,479,432,44,9,2,7,18,27,3,2,0,0,386,3,10
"La Liga","2023-08-14","La Liga (Matchweek 1)","Atlético Madrid","3-5-2",3,2.4,"Álvaro Morata · 45+4&rsquor; Memphis · 67&rsquor; Marcos Llorente · 90+8&rsquor;",3,0,"Granada","5-3-2",1,0.9,"Samu Omorodion · 62&rsquor;",1,0,"https://fbref.com/en/matches/a96e4e26/Atletico-Madrid-Granada-August-14-2023-La-Liga","Granada","Away",NA,990,561,507,54,17,0,5,12,18,3,2,0,0,458,0,11
"La Liga","2023-08-18","La Liga (Matchweek 2)","Mallorca","5-3-2",0,0.4,"",2,0,"Villarreal","4-3-3",1,1.8,"Gerard Moreno · 62&rsquor;",4,0,"https://fbref.com/en/matches/d447f323/Mallorca-Villarreal-August-18-2023-La-Liga","Mallorca","Home",NA,990,370,325,39,12,0,6,28,11,6,2,3,0,288,6,7
"La Liga","2023-08-18","La Liga (Matchweek 2)","Mallorca","5-3-2",0,0.4,"",2,0,"Villarreal","4-3-3",1,1.8,"Gerard Moreno · 62&rsquor;",4,0,"https://fbref.com/en/matches/d447f323/Mallorca-Villarreal-August-18-2023-La-Liga","Villarreal","Away",NA,990,554,506,47,18,2,3,15,18,5,3,0,0,486,1,4
"La Liga","2023-08-18","La Liga (Matchweek 2)","Valencia","4-4-2",1,1.5,"José Luis García Vayá (P) · 74&rsquor;",0,0,"Las Palmas","4-3-3",0,0.5,"",0,0,"https://fbref.com/en/matches/8766ab05/Valencia-Las-Palmas-August-18-2023-La-Liga","Valencia","Home",NA,990,411,367,42,6,2,10,20,24,6,2,3,0,317,2,5
"La Liga","2023-08-18","La Liga (Matchweek 2)","Valencia","4-4-2",1,1.5,"José Luis García Vayá (P) · 74&rsquor;",0,0,"Las Palmas","4-3-3",0,0.5,"",0,0,"https://fbref.com/en/matches/8766ab05/Valencia-Las-Palmas-August-18-2023-La-Liga","Las Palmas","Away",NA,990,641,589,51,13,1,2,9,24,4,1,1,0,549,1,8
"La Liga","2023-08-19","La Liga (Matchweek 2)","Real Sociedad","4-3-3",1,0.7,"Ander Barrenetxea · 22&rsquor;",2,0,"Celta Vigo","4-4-2",1,1,"Óscar Mingueza · 90+4&rsquor;",1,0,"https://fbref.com/en/matches/406ca8c9/Real-Sociedad-Celta-Vigo-August-19-2023-La-Liga","Real Sociedad","Home",NA,990,468,406,62,14,1,7,18,32,9,4,2,0,341,0,6
"La Liga","2023-08-19","La Liga (Matchweek 2)","Real Sociedad","4-3-3",1,0.7,"Ander Barrenetxea · 22&rsquor;",2,0,"Celta Vigo","4-4-2",1,1,"Óscar Mingueza · 90+4&rsquor;",1,0,"https://fbref.com/en/matches/406ca8c9/Real-Sociedad-Celta-Vigo-August-19-2023-La-Liga","Celta Vigo","Away",NA,990,421,368,50,11,1,1,19,20,7,0,5,0,300,3,10
"La Liga","2023-08-19","La Liga (Matchweek 2)","Almería","4-2-3-1",1,1.3,"Sergio Arribas · 3&rsquor;",1,0,"Real Madrid","4-3-1-2",3,2,"Jude Bellingham · 19&rsquor; Jude Bellingham · 60&rsquor; Vinicius Júnior · 73&rsquor;",0,0,"https://fbref.com/en/matches/33737218/Almeria-Real-Madrid-August-19-2023-La-Liga","Almería","Home",NA,990,471,422,48,17,1,4,26,10,4,0,2,0,394,1,4
"La Liga","2023-08-19","La Liga (Matchweek 2)","Almería","4-2-3-1",1,1.3,"Sergio Arribas · 3&rsquor;",1,0,"Real Madrid","4-3-1-2",3,2,"Jude Bellingham · 19&rsquor; Jude Bellingham · 60&rsquor; Vinicius Júnior · 73&rsquor;",0,0,"https://fbref.com/en/matches/33737218/Almeria-Real-Madrid-August-19-2023-La-Liga","Real Madrid","Away",NA,990,622,572,46,10,1,5,26,19,5,0,5,0,548,4,7
"La Liga","2023-08-19","La Liga (Matchweek 2)","Osasuna","4-3-3",0,1.3,"Ezequiel Ávila · 90+4&rsquor;",1,1,"Athletic Club","4-2-3-1",2,1.5,"Iñaki Williams · 11&rsquor; Gorka Guruzeta · 20&rsquor; Oihan Sancet · 59&rsquor;",6,1,"https://fbref.com/en/matches/0df06b3f/Osasuna-Athletic-Club-August-19-2023-La-Liga","Osasuna","Home",NA,989,608,551,55,12,1,10,39,28,5,4,1,0,474,2,8
"La Liga","2023-08-19","La Liga (Matchweek 2)","Osasuna","4-3-3",0,1.3,"Ezequiel Ávila · 90+4&rsquor;",1,1,"Athletic Club","4-2-3-1",2,1.5,"Iñaki Williams · 11&rsquor; Gorka Guruzeta · 20&rsquor; Oihan Sancet · 59&rsquor;",6,1,"https://fbref.com/en/matches/0df06b3f/Osasuna-Athletic-Club-August-19-2023-La-Liga","Athletic Club","Away",NA,958,361,323,38,10,0,4,13,13,3,0,2,0,249,0,8
"La Liga","2023-08-20","La Liga (Matchweek 2)","Girona","4-1-4-1",3,1.4,"Yangel Herrera · 12&rsquor; Cristhian Stuani · 55&rsquor; Cristhian Stuani · 65&rsquor;",2,0,"Getafe","4-2-3-1",0,0.7,"",6,0,"https://fbref.com/en/matches/e8867e6b/Girona-Getafe-August-20-2023-La-Liga","Girona","Home",NA,990,558,509,46,21,1,5,11,11,3,2,1,0,472,3,3
"La Liga","2023-08-20","La Liga (Matchweek 2)","Girona","4-1-4-1",3,1.4,"Yangel Herrera · 12&rsquor; Cristhian Stuani · 55&rsquor; Cristhian Stuani · 65&rsquor;",2,0,"Getafe","4-2-3-1",0,0.7,"",6,0,"https://fbref.com/en/matches/e8867e6b/Girona-Getafe-August-20-2023-La-Liga","Getafe","Away",NA,990,321,273,46,13,1,5,21,23,2,1,1,0,209,2,9
"La Liga","2023-08-20","La Liga (Matchweek 2)","Barcelona","3-4-3",2,3.4,"Pedri · 82&rsquor; Ferrán Torres · 90+4&rsquor;",4,0,"Cádiz","4-4-2",0,1.1,"",3,0,"https://fbref.com/en/matches/312852e3/Barcelona-Cadiz-August-20-2023-La-Liga","Barcelona","Home",NA,990,659,605,53,21,5,2,29,14,10,3,4,0,585,1,4
"La Liga","2023-08-20","La Liga (Matchweek 2)","Barcelona","3-4-3",2,3.4,"Pedri · 82&rsquor; Ferrán Torres · 90+4&rsquor;",4,0,"Cádiz","4-4-2",0,1.1,"",3,0,"https://fbref.com/en/matches/312852e3/Barcelona-Cadiz-August-20-2023-La-Liga","Cádiz","Away",NA,990,229,188,40,10,0,4,15,13,2,0,0,0,151,1,4
"La Liga","2023-08-20","La Liga (Matchweek 2)","Real Betis","4-2-3-1",0,0.7,"",2,0,"Atlético Madrid","5-3-2",0,0.5,"",2,0,"https://fbref.com/en/matches/95634760/Real-Betis-Atletico-Madrid-August-20-2023-La-Liga","Real Betis","Home",NA,990,598,558,37,10,0,5,17,19,2,1,1,0,511,3,10
"La Liga","2023-08-20","La Liga (Matchweek 2)","Real Betis","4-2-3-1",0,0.7,"",2,0,"Atlético Madrid","5-3-2",0,0.5,"",2,0,"https://fbref.com/en/matches/95634760/Real-Betis-Atletico-Madrid-August-20-2023-La-Liga","Atlético Madrid","Away",NA,990,526,483,41,13,0,3,17,11,7,1,6,0,438,2,8
"La Liga","2023-08-21","La Liga (Matchweek 2)","Alavés","4-4-2",4,1.8,"Luis Rioja · 7&rsquor; Rubén Duarte · 44&rsquor; Kiké · 54&rsquor; Kiké · 59&rsquor;",1,0,"Sevilla","4-2-3-1",3,0.6,"Abdel Abqar (OG) · 15&rsquor; Érik Lamela · 41&rsquor; Rafa Mir · 90+7&rsquor;",2,0,"https://fbref.com/en/matches/8cd38a49/Alaves-Sevilla-August-21-2023-La-Liga","Alavés","Home",NA,990,313,260,53,13,1,5,20,22,4,1,0,0,194,0,3
"La Liga","2023-08-21","La Liga (Matchweek 2)","Alavés","4-4-2",4,1.8,"Luis Rioja · 7&rsquor; Rubén Duarte · 44&rsquor; Kiké · 54&rsquor; Kiké · 59&rsquor;",1,0,"Sevilla","4-2-3-1",3,0.6,"Abdel Abqar (OG) · 15&rsquor; Érik Lamela · 41&rsquor; Rafa Mir · 90+7&rsquor;",2,0,"https://fbref.com/en/matches/8cd38a49/Alaves-Sevilla-August-21-2023-La-Liga","Sevilla","Away",NA,990,618,557,60,12,1,9,28,29,4,2,2,0,500,1,7
"La Liga","2023-08-21","La Liga (Matchweek 2)","Granada","4-3-3",0,1.2,"Antonio Puertas · 86&rsquor;",2,1,"Rayo Vallecano","4-4-2",2,2.1,"Álvaro García · 75&rsquor; Pathé Ciss · 79&rsquor;",1,0,"https://fbref.com/en/matches/bc9648bc/Granada-Rayo-Vallecano-August-21-2023-La-Liga","Granada","Home",NA,985,414,356,57,18,1,3,22,24,5,1,3,0,308,1,9
"La Liga","2023-08-21","La Liga (Matchweek 2)","Granada","4-3-3",0,1.2,"Antonio Puertas · 86&rsquor;",2,1,"Rayo Vallecano","4-4-2",2,2.1,"Álvaro García · 75&rsquor; Pathé Ciss · 79&rsquor;",1,0,"https://fbref.com/en/matches/bc9648bc/Granada-Rayo-Vallecano-August-21-2023-La-Liga","Rayo Vallecano","Away",NA,990,443,378,58,13,2,4,18,28,6,4,1,0,334,7,4
"La Liga","2023-08-25","La Liga (Matchweek 3)","Las Palmas","4-3-3",0,0.9,"",1,0,"Real Sociedad","4-2-3-1",0,1,"",4,0,"https://fbref.com/en/matches/b2340056/Las-Palmas-Real-Sociedad-August-25-2023-La-Liga","Las Palmas","Home",NA,990,501,438,60,31,3,0,12,17,5,3,2,0,396,3,8
"La Liga","2023-08-25","La Liga (Matchweek 3)","Las Palmas","4-3-3",0,0.9,"",1,0,"Real Sociedad","4-2-3-1",0,1,"",4,0,"https://fbref.com/en/matches/b2340056/Las-Palmas-Real-Sociedad-August-25-2023-La-Liga","Real Sociedad","Away",NA,990,465,423,38,9,3,1,19,15,7,1,6,0,359,4,12
"La Liga","2023-08-25","La Liga (Matchweek 3)","Celta Vigo","5-3-2",0,1.2,"",2,0,"Real Madrid","4-1-2-1-2",1,1.4,"Jude Bellingham · 81&rsquor;",3,0,"https://fbref.com/en/matches/f414405a/Celta-Vigo-Real-Madrid-August-25-2023-La-Liga","Celta Vigo","Home",NA,990,394,345,49,17,1,4,22,17,3,1,1,0,302,0,10
"La Liga","2023-08-25","La Liga (Matchweek 3)","Celta Vigo","5-3-2",0,1.2,"",2,0,"Real Madrid","4-1-2-1-2",1,1.4,"Jude Bellingham · 81&rsquor;",3,0,"https://fbref.com/en/matches/f414405a/Celta-Vigo-Real-Madrid-August-25-2023-La-Liga","Real Madrid","Away",NA,990,672,622,47,17,1,5,17,12,5,0,4,0,589,3,5
"La Liga","2023-08-26","La Liga (Matchweek 3)","Cádiz","4-4-2",1,1.6,"Luis Hernández · 59&rsquor; Fede San Emeterio · 90+10&rsquor;",0,1,"Almería","4-2-3-1",1,0.3,"Édgar González · 50&rsquor; Kaiky · 90+5&rsquor;",6,1,"https://fbref.com/en/matches/6a02cbec/Cadiz-Almeria-August-26-2023-La-Liga","Cádiz","Home",NA,989,394,345,49,23,4,4,30,15,7,6,0,0,292,0,6
"La Liga","2023-08-26","La Liga (Matchweek 3)","Cádiz","4-4-2",1,1.6,"Luis Hernández · 59&rsquor; Fede San Emeterio · 90+10&rsquor;",0,1,"Almería","4-2-3-1",1,0.3,"Édgar González · 50&rsquor; Kaiky · 90+5&rsquor;",6,1,"https://fbref.com/en/matches/6a02cbec/Cadiz-Almeria-August-26-2023-La-Liga","Almería","Away",NA,949,368,323,44,15,1,3,13,15,3,2,0,0,274,1,6
"La Liga","2023-08-26","La Liga (Matchweek 3)","Granada","4-4-2",3,1.4,"Miguel Ángel Rubio · 12&rsquor; Bryan Zaragoza · 46&rsquor; Myrto Uzuni (P) · 70&rsquor;",2,0,"Mallorca","5-3-2",2,2.6,"Abdón Prats · 38&rsquor; Samu Costa · 87&rsquor;",7,0,"https://fbref.com/en/matches/e249c708/Granada-Mallorca-August-26-2023-La-Liga","Granada","Home",NA,990,399,334,64,26,1,3,16,24,5,1,0,0,306,1,8
"La Liga","2023-08-26","La Liga (Matchweek 3)","Granada","4-4-2",3,1.4,"Miguel Ángel Rubio · 12&rsquor; Bryan Zaragoza · 46&rsquor; Myrto Uzuni (P) · 70&rsquor;",2,0,"Mallorca","5-3-2",2,2.6,"Abdón Prats · 38&rsquor; Samu Costa · 87&rsquor;",7,0,"https://fbref.com/en/matches/e249c708/Granada-Mallorca-August-26-2023-La-Liga","Mallorca","Away",NA,990,358,313,44,10,4,5,17,19,3,0,3,0,265,1,2
"La Liga","2023-08-26","La Liga (Matchweek 3)","Sevilla","4-2-3-1",1,1.7,"Nemanja Gudelj · 45+2&rsquor;",2,0,"Girona","4-1-4-1",2,1.7,"Yangel Herrera · 16&rsquor; Aleix García · 56&rsquor;",1,0,"https://fbref.com/en/matches/3aed0598/Sevilla-Girona-August-26-2023-La-Liga","Sevilla","Home",NA,990,477,418,55,16,0,7,50,26,6,2,3,0,352,4,16
"La Liga","2023-08-26","La Liga (Matchweek 3)","Sevilla","4-2-3-1",1,1.7,"Nemanja Gudelj · 45+2&rsquor;",2,0,"Girona","4-1-4-1",2,1.7,"Yangel Herrera · 16&rsquor; Aleix García · 56&rsquor;",1,0,"https://fbref.com/en/matches/3aed0598/Sevilla-Girona-August-26-2023-La-Liga","Girona","Away",NA,990,445,394,50,15,2,3,12,13,6,4,0,0,347,1,7
"La Liga","2023-08-27","La Liga (Matchweek 3)","Villarreal","4-4-2",3,1.9,"Juan Foyth · 26&rsquor; Alexander Sørloth · 40&rsquor; Alex Baena · 50&rsquor;",3,0,"Barcelona","4-3-3",4,3.1,"Gavi · 12&rsquor; Frenkie de Jong · 15&rsquor; Ferrán Torres · 68&rsquor; Robert Lewandowski · 71&rsquor;",3,0,"https://fbref.com/en/matches/b10c7abc/Villarreal-Barcelona-August-27-2023-La-Liga","Villarreal","Home",NA,990,413,367,41,16,2,10,8,14,2,0,1,0,344,5,11
"La Liga","2023-08-27","La Liga (Matchweek 3)","Villarreal","4-4-2",3,1.9,"Juan Foyth · 26&rsquor; Alexander Sørloth · 40&rsquor; Alex Baena · 50&rsquor;",3,0,"Barcelona","4-3-3",4,3.1,"Gavi · 12&rsquor; Frenkie de Jong · 15&rsquor; Ferrán Torres · 68&rsquor; Robert Lewandowski · 71&rsquor;",3,0,"https://fbref.com/en/matches/b10c7abc/Villarreal-Barcelona-August-27-2023-La-Liga","Barcelona","Away",NA,990,628,584,41,17,2,7,18,12,6,2,1,1,557,3,7
"La Liga","2023-08-27","La Liga (Matchweek 3)","Valencia","4-4-2",1,1.7,"Hugo Duro · 80&rsquor;",3,0,"Osasuna","4-3-3",2,1.2,"Aimar Oroz (P) · 24&rsquor; Nacho Vidal · 90+5&rsquor;",4,0,"https://fbref.com/en/matches/804cc411/Valencia-Osasuna-August-27-2023-La-Liga","Valencia","Home",NA,990,573,519,51,12,0,3,32,27,6,1,2,0,459,3,9
"La Liga","2023-08-27","La Liga (Matchweek 3)","Valencia","4-4-2",1,1.7,"Hugo Duro · 80&rsquor;",3,0,"Osasuna","4-3-3",2,1.2,"Aimar Oroz (P) · 24&rsquor; Nacho Vidal · 90+5&rsquor;",4,0,"https://fbref.com/en/matches/804cc411/Valencia-Osasuna-August-27-2023-La-Liga","Osasuna","Away",NA,990,317,257,59,15,0,3,9,24,3,0,3,0,213,1,10
"La Liga","2023-08-27","La Liga (Matchweek 3)","Athletic Club","4-2-3-1",4,2.9,"Mikel Vesga (P) · 30&rsquor; Mikel Vesga (P) · 45&rsquor; Gorka Guruzeta · 45+7&rsquor; Unai Gómez · 84&rsquor;",4,0,"Real Betis","4-2-3-1",2,0.4,"Willian José · 2&rsquor; Isco · 10&rsquor;",2,0,"https://fbref.com/en/matches/d99a5d06/Athletic-Club-Real-Betis-August-27-2023-La-Liga","Athletic Club","Home",NA,990,464,403,59,10,2,2,22,35,5,3,1,0,349,2,12
"La Liga","2023-08-27","La Liga (Matchweek 3)","Athletic Club","4-2-3-1",4,2.9,"Mikel Vesga (P) · 30&rsquor; Mikel Vesga (P) · 45&rsquor; Gorka Guruzeta · 45+7&rsquor; Unai Gómez · 84&rsquor;",4,0,"Real Betis","4-2-3-1",2,0.4,"Willian José · 2&rsquor; Isco · 10&rsquor;",2,0,"https://fbref.com/en/matches/d99a5d06/Athletic-Club-Real-Betis-August-27-2023-La-Liga","Real Betis","Away",NA,990,504,439,63,24,3,5,11,18,3,2,0,0,389,2,11
"La Liga","2023-08-28","La Liga (Matchweek 3)","Getafe","4-4-2",1,2.2,"Borja Mayoral (P) · 84&rsquor;",1,0,"Alavés","4-3-3",0,0.7,"",2,0,"https://fbref.com/en/matches/74b34796/Getafe-Alaves-August-28-2023-La-Liga","Getafe","Home",NA,990,351,292,59,17,0,6,12,28,4,2,1,1,226,0,3
"La Liga","2023-08-28","La Liga (Matchweek 3)","Getafe","4-4-2",1,2.2,"Borja Mayoral (P) · 84&rsquor;",1,0,"Alavés","4-3-3",0,0.7,"",2,0,"https://fbref.com/en/matches/74b34796/Getafe-Alaves-August-28-2023-La-Liga","Alavés","Away",NA,990,401,336,62,13,0,2,24,31,5,1,1,0,270,3,6
"La Liga","2023-08-28","La Liga (Matchweek 3)","Rayo Vallecano","4-2-3-1",0,0.6,"",4,0,"Atlético Madrid","5-3-2",7,3.4,"Antoine Griezmann · 2&rsquor; Memphis · 16&rsquor; Nahuel Molina · 36&rsquor; Álvaro Morata · 73&rsquor; Ángel Correa · 79&rsquor; Álvaro Morata · 84&rsquor; Marcos Llorente · 86&rsquor;",3,0,"https://fbref.com/en/matches/bec04e9b/Rayo-Vallecano-Atletico-Madrid-August-28-2023-La-Liga","Rayo Vallecano","Home",NA,990,537,471,63,18,0,10,28,24,8,4,4,0,405,3,16
"La Liga","2023-08-28","La Liga (Matchweek 3)","Rayo Vallecano","4-2-3-1",0,0.6,"",4,0,"Atlético Madrid","5-3-2",7,3.4,"Antoine Griezmann · 2&rsquor; Memphis · 16&rsquor; Nahuel Molina · 36&rsquor; Álvaro Morata · 73&rsquor; Ángel Correa · 79&rsquor; Álvaro Morata · 84&rsquor; Marcos Llorente · 86&rsquor;",3,0,"https://fbref.com/en/matches/bec04e9b/Rayo-Vallecano-Atletico-Madrid-August-28-2023-La-Liga","Atlético Madrid","Away",NA,990,414,362,51,22,5,4,7,15,3,1,1,0,307,1,7
"La Liga","2023-09-01","La Liga (Matchweek 4)","Cádiz","4-4-2",3,2.1,"Chris Ramos · 18&rsquor; Darwin Machís (P) · 30&rsquor; Darwin Machís · 50&rsquor;",5,0,"Villarreal","4-3-3",1,0.3,"Alexander Sørloth · 10&rsquor; Alfonso Pedraza · 22&rsquor;",4,1,"https://fbref.com/en/matches/eb5232b2/Cadiz-Villarreal-September-1-2023-La-Liga","Cádiz","Home",NA,990,347,295,50,16,0,5,29,19,7,3,0,0,251,2,10
"La Liga","2023-09-01","La Liga (Matchweek 4)","Cádiz","4-4-2",3,2.1,"Chris Ramos · 18&rsquor; Darwin Machís (P) · 30&rsquor; Darwin Machís · 50&rsquor;",5,0,"Villarreal","4-3-3",1,0.3,"Alexander Sørloth · 10&rsquor; Alfonso Pedraza · 22&rsquor;",4,1,"https://fbref.com/en/matches/eb5232b2/Cadiz-Villarreal-September-1-2023-La-Liga","Villarreal","Away",NA,921,466,400,64,23,1,4,9,22,3,3,0,0,385,2,9
"La Liga","2023-09-01","La Liga (Matchweek 4)","Almería","4-2-3-1",2,3,"Sergio Akieme · 54&rsquor; Sergio Arribas · 68&rsquor;",1,0,"Celta Vigo","5-4-1",3,1.5,"Unai Núñez · 24&rsquor; Jørgen Strand Larsen · 33&rsquor; Williot Swedberg · 87&rsquor;",1,0,"https://fbref.com/en/matches/979e8388/Almeria-Celta-Vigo-September-1-2023-La-Liga","Almería","Home",NA,990,667,610,56,12,2,4,29,26,6,2,2,0,570,1,11
"La Liga","2023-09-01","La Liga (Matchweek 4)","Almería","4-2-3-1",2,3,"Sergio Akieme · 54&rsquor; Sergio Arribas · 68&rsquor;",1,0,"Celta Vigo","5-4-1",3,1.5,"Unai Núñez · 24&rsquor; Jørgen Strand Larsen · 33&rsquor; Williot Swedberg · 87&rsquor;",1,0,"https://fbref.com/en/matches/979e8388/Almeria-Celta-Vigo-September-1-2023-La-Liga","Celta Vigo","Away",NA,990,399,346,50,9,1,2,23,24,5,0,5,0,308,3,10
"La Liga","2023-09-02","La Liga (Matchweek 4)","Real Sociedad","4-3-3",5,2.3,"Takefusa Kubo · 9&rsquor; Takefusa Kubo · 44&rsquor; Martín Zubimendi · 59&rsquor; Ander Barrenetxea · 67&rsquor; Adri Bosch (OG) · 76&rsquor;",1,0,"Granada","3-4-3",3,0.8,"Robin Le Normand (OG) · 35&rsquor; Lucas Boyé · 83&rsquor; Bryan Zaragoza · 90+9&rsquor;",5,0,"https://fbref.com/en/matches/e1fd4178/Real-Sociedad-Granada-September-2-2023-La-Liga","Real Sociedad","Home",NA,990,583,533,42,19,3,6,13,14,2,0,1,0,478,8,3
"La Liga","2023-09-02","La Liga (Matchweek 4)","Real Sociedad","4-3-3",5,2.3,"Takefusa Kubo · 9&rsquor; Takefusa Kubo · 44&rsquor; Martín Zubimendi · 59&rsquor; Ander Barrenetxea · 67&rsquor; Adri Bosch (OG) · 76&rsquor;",1,0,"Granada","3-4-3",3,0.8,"Robin Le Normand (OG) · 35&rsquor; Lucas Boyé · 83&rsquor; Bryan Zaragoza · 90+9&rsquor;",5,0,"https://fbref.com/en/matches/e1fd4178/Real-Sociedad-Granada-September-2-2023-La-Liga","Granada","Away",NA,990,372,304,63,23,1,2,20,20,5,3,1,0,255,5,10
"La Liga","2023-09-02","La Liga (Matchweek 4)","Real Madrid","4-3-1-2",2,2.8,"Joselu · 47&rsquor; Jude Bellingham · 90+5&rsquor;",2,0,"Getafe","4-1-3-2",1,0.4,"Borja Mayoral · 11&rsquor;",6,0,"https://fbref.com/en/matches/2b3c0a99/Real-Madrid-Getafe-September-2-2023-La-Liga","Real Madrid","Home",NA,990,782,727,53,16,4,7,29,20,11,1,5,0,674,2,11
"La Liga","2023-09-02","La Liga (Matchweek 4)","Real Madrid","4-3-1-2",2,2.8,"Joselu · 47&rsquor; Jude Bellingham · 90+5&rsquor;",2,0,"Getafe","4-1-3-2",1,0.4,"Borja Mayoral · 11&rsquor;",6,0,"https://fbref.com/en/matches/2b3c0a99/Real-Madrid-Getafe-September-2-2023-La-Liga","Getafe","Away",NA,990,253,207,46,14,0,7,12,15,1,1,0,0,164,0,4
"La Liga","2023-09-02","La Liga (Matchweek 4)","Alavés","4-2-3-1",1,1.3,"Cenk Özkacar (OG) · 6&rsquor;",5,0,"Valencia","4-4-2",0,0.8,"",2,0,"https://fbref.com/en/matches/3a3b9504/Alaves-Valencia-September-2-2023-La-Liga","Alavés","Home",NA,990,357,304,50,8,2,3,16,28,1,0,1,0,246,3,9
"La Liga","2023-09-02","La Liga (Matchweek 4)","Alavés","4-2-3-1",1,1.3,"Cenk Özkacar (OG) · 6&rsquor;",5,0,"Valencia","4-4-2",0,0.8,"",2,0,"https://fbref.com/en/matches/3a3b9504/Alaves-Valencia-September-2-2023-La-Liga","Valencia","Away",NA,990,531,477,54,21,0,4,17,20,2,0,0,0,428,0,10
"La Liga","2023-09-02","La Liga (Matchweek 4)","Real Betis","4-2-3-1",1,1,"Willian José · 53&rsquor;",3,0,"Rayo Vallecano","4-4-2",0,1.5,"",5,0,"https://fbref.com/en/matches/b11051a5/Real-Betis-Rayo-Vallecano-September-2-2023-La-Liga","Real Betis","Home",NA,990,515,469,44,23,0,2,14,13,2,1,1,0,428,2,10
"La Liga","2023-09-02","La Liga (Matchweek 4)","Real Betis","4-2-3-1",1,1,"Willian José · 53&rsquor;",3,0,"Rayo Vallecano","4-4-2",0,1.5,"",5,0,"https://fbref.com/en/matches/b11051a5/Real-Betis-Rayo-Vallecano-September-2-2023-La-Liga","Rayo Vallecano","Away",NA,990,420,355,61,23,1,5,13,26,3,1,1,0,319,4,14
"La Liga","2023-09-03","La Liga (Matchweek 4)","Girona","4-1-4-1",1,1,"Portu · 88&rsquor;",3,0,"Las Palmas","4-2-3-1",0,1.1,"",3,0,"https://fbref.com/en/matches/8dd16257/Girona-Las-Palmas-September-3-2023-La-Liga","Girona","Home",NA,990,449,413,32,10,3,0,18,13,3,1,1,0,374,4,9
"La Liga","2023-09-03","La Liga (Matchweek 4)","Girona","4-1-4-1",1,1,"Portu · 88&rsquor;",3,0,"Las Palmas","4-2-3-1",0,1.1,"",3,0,"https://fbref.com/en/matches/8dd16257/Girona-Las-Palmas-September-3-2023-La-Liga","Las Palmas","Away",NA,990,524,476,48,18,2,1,15,18,5,2,1,0,441,0,10
"La Liga","2023-09-03","La Liga (Matchweek 4)","Mallorca","5-3-2",0,0.4,"",0,0,"Athletic Club","4-2-3-1",0,0.6,"",1,0,"https://fbref.com/en/matches/046e92d8/Mallorca-Athletic-Club-September-3-2023-La-Liga","Mallorca","Home",NA,990,275,224,46,19,0,3,9,12,3,0,3,0,159,5,7
"La Liga","2023-09-03","La Liga (Matchweek 4)","Mallorca","5-3-2",0,0.4,"",0,0,"Athletic Club","4-2-3-1",0,0.6,"",1,0,"https://fbref.com/en/matches/046e92d8/Mallorca-Athletic-Club-September-3-2023-La-Liga","Athletic Club","Away",NA,990,547,486,57,17,0,4,31,26,5,1,3,0,427,4,4
"La Liga","2023-09-03","La Liga (Matchweek 4)","Osasuna","4-1-4-1",1,0.8,"Ezequiel Ávila · 76&rsquor; Catena · 84&rsquor;",2,1,"Barcelona","4-3-3",2,2,"Jules Koundé · 45+1&rsquor; Robert Lewandowski (P) · 85&rsquor;",3,0,"https://fbref.com/en/matches/de343043/Osasuna-Barcelona-September-3-2023-La-Liga","Osasuna","Home",NA,983,319,259,58,18,0,1,29,26,8,4,4,0,223,2,7
"La Liga","2023-09-03","La Liga (Matchweek 4)","Osasuna","4-1-4-1",1,0.8,"Ezequiel Ávila · 76&rsquor; Catena · 84&rsquor;",2,1,"Barcelona","4-3-3",2,2,"Jules Koundé · 45+1&rsquor; Robert Lewandowski (P) · 85&rsquor;",3,0,"https://fbref.com/en/matches/de343043/Osasuna-Barcelona-September-3-2023-La-Liga","Barcelona","Away",NA,990,694,654,38,7,0,3,16,21,5,3,1,0,618,2,8
"La Liga","2023-09-15","La Liga (Matchweek 5)","Rayo Vallecano","4-2-3-1",2,2.6,"Isaac Palazón Camacho (P) · 43&rsquor; Jorge de Frutos · 82&rsquor;",2,0,"Alavés","4-2-3-1",0,0.7,"",3,0,"https://fbref.com/en/matches/24453748/Rayo-Vallecano-Alaves-September-15-2023-La-Liga","Rayo Vallecano","Home",NA,990,436,379,57,12,1,2,19,29,5,1,3,0,318,0,10
"La Liga","2023-09-15","La Liga (Matchweek 5)","Rayo Vallecano","4-2-3-1",2,2.6,"Isaac Palazón Camacho (P) · 43&rsquor; Jorge de Frutos · 82&rsquor;",2,0,"Alavés","4-2-3-1",0,0.7,"",3,0,"https://fbref.com/en/matches/24453748/Rayo-Vallecano-Alaves-September-15-2023-La-Liga","Alavés","Away",NA,990,411,352,58,14,0,2,28,29,3,0,2,0,290,1,9
"La Liga","2023-09-16","La Liga (Matchweek 5)","Athletic Club","4-2-3-1",3,2.9,"Gorka Guruzeta · 66&rsquor; Asier Villalibre · 68&rsquor; Iñaki Williams · 90&rsquor;",1,0,"Cádiz","4-4-2",0,0.3,"",4,0,"https://fbref.com/en/matches/9b96c6da/Athletic-Club-Cadiz-September-16-2023-La-Liga","Athletic Club","Home",NA,990,546,485,60,24,1,3,22,29,5,2,2,0,411,1,10
"La Liga","2023-09-16","La Liga (Matchweek 5)","Athletic Club","4-2-3-1",3,2.9,"Gorka Guruzeta · 66&rsquor; Asier Villalibre · 68&rsquor; Iñaki Williams · 90&rsquor;",1,0,"Cádiz","4-4-2",0,0.3,"",4,0,"https://fbref.com/en/matches/9b96c6da/Athletic-Club-Cadiz-September-16-2023-La-Liga","Cádiz","Away",NA,990,295,238,53,10,0,3,9,21,4,2,1,0,182,4,5
"La Liga","2023-09-16","La Liga (Matchweek 5)","Valencia","4-2-3-1",3,1.3,"Hugo Duro · 5&rsquor; Hugo Duro · 34&rsquor; Javier Guerra · 54&rsquor;",1,0,"Atlético Madrid","5-3-2",0,0.6,"",5,0,"https://fbref.com/en/matches/26f7f1a6/Valencia-Atletico-Madrid-September-16-2023-La-Liga","Valencia","Home",NA,990,360,309,51,16,1,1,12,18,5,1,2,0,276,0,10
"La Liga","2023-09-16","La Liga (Matchweek 5)","Valencia","4-2-3-1",3,1.3,"Hugo Duro · 5&rsquor; Hugo Duro · 34&rsquor; Javier Guerra · 54&rsquor;",1,0,"Atlético Madrid","5-3-2",0,0.6,"",5,0,"https://fbref.com/en/matches/26f7f1a6/Valencia-Atletico-Madrid-September-16-2023-La-Liga","Atlético Madrid","Away",NA,990,601,550,51,13,1,1,29,23,8,1,5,0,496,0,18
"La Liga","2023-09-16","La Liga (Matchweek 5)","Celta Vigo","3-4-3",0,1.3,"",1,0,"Mallorca","5-4-1",1,0.8,"Vedat Muriqi · 85&rsquor;",3,0,"https://fbref.com/en/matches/1e04d474/Celta-Vigo-Mallorca-September-16-2023-La-Liga","Celta Vigo","Home",NA,990,577,520,55,15,2,5,31,24,10,5,1,0,456,2,8
"La Liga","2023-09-16","La Liga (Matchweek 5)","Celta Vigo","3-4-3",0,1.3,"",1,0,"Mallorca","5-4-1",1,0.8,"Vedat Muriqi · 85&rsquor;",3,0,"https://fbref.com/en/matches/1e04d474/Celta-Vigo-Mallorca-September-16-2023-La-Liga","Mallorca","Away",NA,990,382,330,52,11,0,1,6,26,1,0,1,0,292,0,5
"La Liga","2023-09-16","La Liga (Matchweek 5)","Barcelona","4-3-3",5,2.4,"João Félix · 25&rsquor; Robert Lewandowski · 32&rsquor; Ferrán Torres · 62&rsquor; Raphinha · 66&rsquor; João Cancelo · 81&rsquor;",1,0,"Real Betis","4-2-3-1",0,0.8,"",2,0,"https://fbref.com/en/matches/91deddae/Barcelona-Real-Betis-September-16-2023-La-Liga","Barcelona","Home",NA,990,692,646,43,10,2,2,16,14,9,4,0,0,619,3,10
"La Liga","2023-09-16","La Liga (Matchweek 5)","Barcelona","4-3-3",5,2.4,"João Félix · 25&rsquor; Robert Lewandowski · 32&rsquor; Ferrán Torres · 62&rsquor; Raphinha · 66&rsquor; João Cancelo · 81&rsquor;",1,0,"Real Betis","4-2-3-1",0,0.8,"",2,0,"https://fbref.com/en/matches/91deddae/Barcelona-Real-Betis-September-16-2023-La-Liga","Real Betis","Away",NA,990,369,327,39,12,0,4,10,9,5,2,1,0,300,3,6
"La Liga","2023-09-17","La Liga (Matchweek 5)","Getafe","4-4-2",3,0.5,"Stefan Mitrović · 36&rsquor; Carmona · 51&rsquor; Nemanja Maksimović · 86&rsquor; Fabrizio Angileri · 90+2&rsquor;",6,1,"Osasuna","4-3-3",2,1.1,"Iker Muñoz · 45&rsquor; Ante Budimir (P) · 57&rsquor;",2,0,"https://fbref.com/en/matches/c12983f1/Getafe-Osasuna-September-17-2023-La-Liga","Getafe","Home",NA,990,398,340,58,18,1,4,21,22,6,3,2,0,262,0,6
"La Liga","2023-09-17","La Liga (Matchweek 5)","Getafe","4-4-2",3,0.5,"Stefan Mitrović · 36&rsquor; Carmona · 51&rsquor; Nemanja Maksimović · 86&rsquor; Fabrizio Angileri · 90+2&rsquor;",6,1,"Osasuna","4-3-3",2,1.1,"Iker Muñoz · 45&rsquor; Ante Budimir (P) · 57&rsquor;",2,0,"https://fbref.com/en/matches/c12983f1/Getafe-Osasuna-September-17-2023-La-Liga","Osasuna","Away",NA,990,498,438,53,13,0,6,15,32,3,1,1,0,357,7,9
"La Liga","2023-09-17","La Liga (Matchweek 5)","Villarreal","4-2-3-1",2,0.9,"Gerard Moreno · 45+5&rsquor; Alexander Sørloth · 90+4&rsquor;",2,0,"Almería","4-2-3-1",1,1.5,"Sergio Akieme · 44&rsquor;",3,0,"https://fbref.com/en/matches/c16dfe0b/Villarreal-Almeria-September-17-2023-La-Liga","Villarreal","Home",NA,990,545,503,41,7,1,4,25,13,6,0,5,0,453,1,11
"La Liga","2023-09-17","La Liga (Matchweek 5)","Villarreal","4-2-3-1",2,0.9,"Gerard Moreno · 45+5&rsquor; Alexander Sørloth · 90+4&rsquor;",2,0,"Almería","4-2-3-1",1,1.5,"Sergio Akieme · 44&rsquor;",3,0,"https://fbref.com/en/matches/c16dfe0b/Villarreal-Almeria-September-17-2023-La-Liga","Almería","Away",NA,990,333,284,48,15,3,1,14,18,6,3,2,0,248,1,7
"La Liga","2023-09-17","La Liga (Matchweek 5)","Sevilla","4-2-3-1",1,1.7,"Dodi Lukebakio · 71&rsquor;",3,0,"Las Palmas","4-2-3-1",0,1,"",5,0,"https://fbref.com/en/matches/b1d20065/Sevilla-Las-Palmas-September-17-2023-La-Liga","Sevilla","Home",NA,990,404,351,47,11,1,4,34,17,7,3,2,0,285,6,13
"La Liga","2023-09-17","La Liga (Matchweek 5)","Sevilla","4-2-3-1",1,1.7,"Dodi Lukebakio · 71&rsquor;",3,0,"Las Palmas","4-2-3-1",0,1,"",5,0,"https://fbref.com/en/matches/b1d20065/Sevilla-Las-Palmas-September-17-2023-La-Liga","Las Palmas","Away",NA,990,526,459,67,19,1,1,12,33,3,1,0,0,420,0,14
"La Liga","2023-09-17","La Liga (Matchweek 5)","Real Madrid","4-1-2-1-2",2,2,"Federico Valverde · 46&rsquor; Joselu · 60&rsquor;",3,0,"Real Sociedad","4-3-3",1,1.6,"Ander Barrenetxea · 5&rsquor;",2,0,"https://fbref.com/en/matches/c0a04549/Real-Madrid-Real-Sociedad-September-17-2023-La-Liga","Real Madrid","Home",NA,990,558,507,48,14,0,6,19,20,4,0,2,0,477,3,4
"La Liga","2023-09-17","La Liga (Matchweek 5)","Real Madrid","4-1-2-1-2",2,2,"Federico Valverde · 46&rsquor; Joselu · 60&rsquor;",3,0,"Real Sociedad","4-3-3",1,1.6,"Ander Barrenetxea · 5&rsquor;",2,0,"https://fbref.com/en/matches/c0a04549/Real-Madrid-Real-Sociedad-September-17-2023-La-Liga","Real Sociedad","Away",NA,990,521,477,42,14,2,5,12,17,3,2,1,0,448,2,5
"La Liga","2023-09-18","La Liga (Matchweek 5)","Granada","4-4-2",2,1.6,"Myrto Uzuni · 63&rsquor; Lucas Boyé · 85&rsquor;",3,0,"Girona","4-1-4-1",4,2.8,"Viktor Tsyhankov · 22&rsquor; Sávio · 31&rsquor; David López · 34&rsquor; Yan Couto · 89&rsquor;",3,0,"https://fbref.com/en/matches/5f245c9f/Granada-Girona-September-18-2023-La-Liga","Granada","Home",NA,990,370,303,64,24,1,0,24,28,4,0,2,0,285,3,11
"La Liga","2023-09-18","La Liga (Matchweek 5)","Granada","4-4-2",2,1.6,"Myrto Uzuni · 63&rsquor; Lucas Boyé · 85&rsquor;",3,0,"Girona","4-1-4-1",4,2.8,"Viktor Tsyhankov · 22&rsquor; Sávio · 31&rsquor; David López · 34&rsquor; Yan Couto · 89&rsquor;",3,0,"https://fbref.com/en/matches/5f245c9f/Granada-Girona-September-18-2023-La-Liga","Girona","Away",NA,990,492,436,51,15,1,4,16,23,5,1,4,0,412,5,7
"La Liga","2023-09-22","La Liga (Matchweek 6)","Alavés","4-2-3-1",0,1.1,"",3,0,"Athletic Club","4-2-3-1",2,1.7,"Iñaki Williams · 18&rsquor; Oihan Sancet · 76&rsquor;",2,0,"https://fbref.com/en/matches/b058555b/Alaves-Athletic-Club-September-22-2023-La-Liga","Alavés","Home",NA,990,422,366,52,9,0,3,17,25,3,1,0,0,294,4,13
"La Liga","2023-09-22","La Liga (Matchweek 6)","Alavés","4-2-3-1",0,1.1,"",3,0,"Athletic Club","4-2-3-1",2,1.7,"Iñaki Williams · 18&rsquor; Oihan Sancet · 76&rsquor;",2,0,"https://fbref.com/en/matches/b058555b/Alaves-Athletic-Club-September-22-2023-La-Liga","Athletic Club","Away",NA,990,547,486,61,16,1,1,15,32,4,1,3,0,429,0,19
"La Liga","2023-09-23","La Liga (Matchweek 6)","Girona","4-1-4-1",5,3.2,"David López · 26&rsquor; Artem Dovbyk (P) · 33&rsquor; Iván Martín · 37&rsquor; Yangel Herrera · 45&rsquor; Sávio · 57&rsquor;",1,0,"Mallorca","5-4-1",3,1.8,"Vedat Muriqi (P) · 4&rsquor; Abdón Prats · 88&rsquor; Abdón Prats · 90+5&rsquor;",5,0,"https://fbref.com/en/matches/d6d3de2f/Girona-Mallorca-September-23-2023-La-Liga","Girona","Home",NA,990,568,522,45,14,2,2,20,15,6,1,3,0,492,1,8
"La Liga","2023-09-23","La Liga (Matchweek 6)","Girona","4-1-4-1",5,3.2,"David López · 26&rsquor; Artem Dovbyk (P) · 33&rsquor; Iván Martín · 37&rsquor; Yangel Herrera · 45&rsquor; Sávio · 57&rsquor;",1,0,"Mallorca","5-4-1",3,1.8,"Vedat Muriqi (P) · 4&rsquor; Abdón Prats · 88&rsquor; Abdón Prats · 90+5&rsquor;",5,0,"https://fbref.com/en/matches/d6d3de2f/Girona-Mallorca-September-23-2023-La-Liga","Mallorca","Away",NA,990,443,394,46,10,2,1,18,14,5,4,1,0,365,3,10
"La Liga","2023-09-23","La Liga (Matchweek 6)","Osasuna","4-3-3",0,1.4,"",2,0,"Sevilla","4-2-3-1",0,0.8,"",3,0,"https://fbref.com/en/matches/72741505/Osasuna-Sevilla-September-23-2023-La-Liga","Osasuna","Home",NA,990,376,310,64,10,0,3,21,28,7,5,0,0,222,2,8
"La Liga","2023-09-23","La Liga (Matchweek 6)","Osasuna","4-3-3",0,1.4,"",2,0,"Sevilla","4-2-3-1",0,0.8,"",3,0,"https://fbref.com/en/matches/72741505/Osasuna-Sevilla-September-23-2023-La-Liga","Sevilla","Away",NA,990,477,423,50,11,1,4,20,24,4,1,1,0,323,4,11
"La Liga","2023-09-23","La Liga (Matchweek 6)","Barcelona","4-3-3",3,1.6,"Robert Lewandowski · 81&rsquor; Robert Lewandowski · 85&rsquor; João Cancelo · 89&rsquor;",2,0,"Celta Vigo","5-3-2",2,1.5,"Jørgen Strand Larsen · 19&rsquor; Anastasios Douvikas · 76&rsquor;",1,0,"https://fbref.com/en/matches/027eed9e/Barcelona-Celta-Vigo-September-23-2023-La-Liga","Barcelona","Home",NA,990,858,813,43,10,2,9,21,20,2,0,2,0,767,2,7
"La Liga","2023-09-23","La Liga (Matchweek 6)","Barcelona","4-3-3",3,1.6,"Robert Lewandowski · 81&rsquor; Robert Lewandowski · 85&rsquor; João Cancelo · 89&rsquor;",2,0,"Celta Vigo","5-3-2",2,1.5,"Jørgen Strand Larsen · 19&rsquor; Anastasios Douvikas · 76&rsquor;",1,0,"https://fbref.com/en/matches/027eed9e/Barcelona-Celta-Vigo-September-23-2023-La-Liga","Celta Vigo","Away",NA,990,302,262,40,12,1,3,11,10,3,2,1,0,218,0,6
"La Liga","2023-09-23","La Liga (Matchweek 6)","Almería","4-2-3-1",2,2.6,"Sergio Arribas · 59&rsquor; Sergio Arribas · 69&rsquor;",4,0,"Valencia","4-2-3-1",2,0.8,"Diego López · 14&rsquor; Javier Guerra · 63&rsquor;",2,0,"https://fbref.com/en/matches/e5d13d76/Almeria-Valencia-September-23-2023-La-Liga","Almería","Home",NA,990,597,549,45,9,0,4,21,22,7,3,4,0,500,3,5
"La Liga","2023-09-23","La Liga (Matchweek 6)","Almería","4-2-3-1",2,2.6,"Sergio Arribas · 59&rsquor; Sergio Arribas · 69&rsquor;",4,0,"Valencia","4-2-3-1",2,0.8,"Diego López · 14&rsquor; Javier Guerra · 63&rsquor;",2,0,"https://fbref.com/en/matches/e5d13d76/Almeria-Valencia-September-23-2023-La-Liga","Valencia","Away",NA,990,386,332,53,15,3,2,11,24,3,0,1,1,278,1,9
"La Liga","2023-09-24","La Liga (Matchweek 6)","Real Sociedad","4-4-2",4,2,"Takefusa Kubo · 2&rsquor; Mikel Oyarzabal (P) · 61&rsquor; Brais Méndez · 66&rsquor; Mikel Oyarzabal · 88&rsquor;",3,0,"Getafe","4-2-3-1",3,1.4,"Carles Aleñá · 39&rsquor; Borja Mayoral (P) · 45+5&rsquor; Juanmi Latasa · 90+2&rsquor;",2,0,"https://fbref.com/en/matches/3e8c7ee8/Real-Sociedad-Getafe-September-24-2023-La-Liga","Real Sociedad","Home",NA,990,528,471,54,23,3,4,12,20,2,1,1,0,420,3,3
"La Liga","2023-09-24","La Liga (Matchweek 6)","Real Sociedad","4-4-2",4,2,"Takefusa Kubo · 2&rsquor; Mikel Oyarzabal (P) · 61&rsquor; Brais Méndez · 66&rsquor; Mikel Oyarzabal · 88&rsquor;",3,0,"Getafe","4-2-3-1",3,1.4,"Carles Aleñá · 39&rsquor; Borja Mayoral (P) · 45+5&rsquor; Juanmi Latasa · 90+2&rsquor;",2,0,"https://fbref.com/en/matches/3e8c7ee8/Real-Sociedad-Getafe-September-24-2023-La-Liga","Getafe","Away",NA,990,339,292,46,15,0,3,17,17,1,0,1,0,223,1,7
"La Liga","2023-09-24","La Liga (Matchweek 6)","Rayo Vallecano","4-2-3-1",1,1.2,"Kike Pérez · 16&rsquor;",2,0,"Villarreal","4-4-2",1,1.6,"Alexander Sørloth · 15&rsquor; Alberto Moreno · 77&rsquor;",4,1,"https://fbref.com/en/matches/3ad7ddfb/Rayo-Vallecano-Villarreal-September-24-2023-La-Liga","Rayo Vallecano","Home",NA,990,366,312,48,18,1,6,12,17,2,1,0,0,276,6,7
"La Liga","2023-09-24","La Liga (Matchweek 6)","Rayo Vallecano","4-2-3-1",1,1.2,"Kike Pérez · 16&rsquor;",2,0,"Villarreal","4-4-2",1,1.6,"Alexander Sørloth · 15&rsquor; Alberto Moreno · 77&rsquor;",4,1,"https://fbref.com/en/matches/3ad7ddfb/Rayo-Vallecano-Villarreal-September-24-2023-La-Liga","Villarreal","Away",NA,976,508,452,54,27,2,4,20,11,8,6,2,0,422,2,8
"La Liga","2023-09-24","La Liga (Matchweek 6)","Las Palmas","4-5-1",1,0.6,"Mika Mármol · 58&rsquor; Kirian Rodríguez · 90+2&rsquor;",8,1,"Granada","4-4-1-1",0,0,"",4,0,"https://fbref.com/en/matches/0cfa1fb6/Las-Palmas-Granada-September-24-2023-La-Liga","Las Palmas","Home",NA,957,474,424,46,22,0,4,15,10,6,4,1,0,376,4,7
"La Liga","2023-09-24","La Liga (Matchweek 6)","Las Palmas","4-5-1",1,0.6,"Mika Mármol · 58&rsquor; Kirian Rodríguez · 90+2&rsquor;",8,1,"Granada","4-4-1-1",0,0,"",4,0,"https://fbref.com/en/matches/0cfa1fb6/Las-Palmas-Granada-September-24-2023-La-Liga","Granada","Away",NA,990,366,307,54,16,2,3,23,22,7,4,1,0,240,5,11
"La Liga","2023-09-24","La Liga (Matchweek 6)","Real Betis","4-2-3-1",1,1.8,"Guido Rodríguez · 60&rsquor;",2,0,"Cádiz","4-4-2",1,0.2,"Chris Ramos · 41&rsquor;",3,0,"https://fbref.com/en/matches/a41377f4/Real-Betis-Cadiz-September-24-2023-La-Liga","Real Betis","Home",NA,990,549,496,52,17,2,5,34,15,11,5,4,0,475,1,10
"La Liga","2023-09-24","La Liga (Matchweek 6)","Real Betis","4-2-3-1",1,1.8,"Guido Rodríguez · 60&rsquor;",2,0,"Cádiz","4-4-2",1,0.2,"Chris Ramos · 41&rsquor;",3,0,"https://fbref.com/en/matches/a41377f4/Real-Betis-Cadiz-September-24-2023-La-Liga","Cádiz","Away",NA,990,328,274,49,11,0,2,23,12,8,7,1,0,235,5,9
"La Liga","2023-09-24","La Liga (Matchweek 6)","Atlético Madrid","5-3-2",3,1.4,"Álvaro Morata · 4&rsquor; Antoine Griezmann · 18&rsquor; Álvaro Morata · 46&rsquor;",1,0,"Real Madrid","4-1-2-1-2",1,1,"Toni Kroos · 35&rsquor;",3,0,"https://fbref.com/en/matches/f535ba0a/El-Derbi-Madrileno-Atletico-Madrid-Real-Madrid-September-24-2023-La-Liga","Atlético Madrid","Home",NA,990,384,332,51,11,1,10,15,19,6,4,2,0,310,1,9
"La Liga","2023-09-24","La Liga (Matchweek 6)","Atlético Madrid","5-3-2",3,1.4,"Álvaro Morata · 4&rsquor; Antoine Griezmann · 18&rsquor; Álvaro Morata · 46&rsquor;",1,0,"Real Madrid","4-1-2-1-2",1,1,"Toni Kroos · 35&rsquor;",3,0,"https://fbref.com/en/matches/f535ba0a/El-Derbi-Madrileno-Atletico-Madrid-Real-Madrid-September-24-2023-La-Liga","Real Madrid","Away",NA,990,654,603,50,13,3,2,33,16,11,7,0,0,584,1,12
"La Liga","2023-09-26","La Liga (Matchweek 7)","Sevilla","4-2-3-1",5,2.2,"Youssef En-Nesyri · 7&rsquor; Dodi Lukebakio · 8&rsquor; Suso · 38&rsquor; Érik Lamela · 51&rsquor; Kike Salas · 90+2&rsquor;",3,0,"Almería","4-4-2",1,1.8,"Luis Javier Suárez (P) · 71&rsquor;",2,0,"https://fbref.com/en/matches/1a0a12f3/Sevilla-Almeria-September-26-2023-La-Liga","Sevilla","Home",NA,990,408,357,51,17,1,11,24,16,9,3,3,0,315,0,3
"La Liga","2023-09-26","La Liga (Matchweek 7)","Sevilla","4-2-3-1",5,2.2,"Youssef En-Nesyri · 7&rsquor; Dodi Lukebakio · 8&rsquor; Suso · 38&rsquor; Érik Lamela · 51&rsquor; Kike Salas · 90+2&rsquor;",3,0,"Almería","4-4-2",1,1.8,"Luis Javier Suárez (P) · 71&rsquor;",2,0,"https://fbref.com/en/matches/1a0a12f3/Sevilla-Almeria-September-26-2023-La-Liga","Almería","Away",NA,990,477,421,54,14,0,5,23,25,4,3,1,0,381,2,7
"La Liga","2023-09-26","La Liga (Matchweek 7)","Mallorca","5-3-2",2,0.8,"Vedat Muriqi · 8&rsquor; Abdón Prats · 45+3&rsquor; Pablo Maffeo · 90+8&rsquor;",5,1,"Barcelona","4-3-3",2,1.9,"Raphinha · 41&rsquor; Fermin López · 75&rsquor;",1,0,"https://fbref.com/en/matches/c95852d8/Mallorca-Barcelona-September-26-2023-La-Liga","Mallorca","Home",NA,990,278,233,39,6,2,3,14,11,7,1,5,1,164,6,11
"La Liga","2023-09-26","La Liga (Matchweek 7)","Mallorca","5-3-2",2,0.8,"Vedat Muriqi · 8&rsquor; Abdón Prats · 45+3&rsquor; Pablo Maffeo · 90+8&rsquor;",5,1,"Barcelona","4-3-3",2,1.9,"Raphinha · 41&rsquor; Fermin López · 75&rsquor;",1,0,"https://fbref.com/en/matches/c95852d8/Mallorca-Barcelona-September-26-2023-La-Liga","Barcelona","Away",NA,990,621,565,55,25,6,11,11,22,2,1,0,0,524,1,9
"La Liga","2023-09-27","La Liga (Matchweek 7)","Real Madrid","4-3-1-2",2,1.7,"Brahim Díaz · 45+3&rsquor; Joselu · 54&rsquor;",0,0,"Las Palmas","4-5-1",0,0.7,"",1,0,"https://fbref.com/en/matches/73c339f6/Real-Madrid-Las-Palmas-September-27-2023-La-Liga","Real Madrid","Home",NA,990,618,568,44,11,4,3,16,17,7,3,3,0,534,6,5
"La Liga","2023-09-27","La Liga (Matchweek 7)","Real Madrid","4-3-1-2",2,1.7,"Brahim Díaz · 45+3&rsquor; Joselu · 54&rsquor;",0,0,"Las Palmas","4-5-1",0,0.7,"",1,0,"https://fbref.com/en/matches/73c339f6/Real-Madrid-Las-Palmas-September-27-2023-La-Liga","Las Palmas","Away",NA,990,680,650,28,12,2,3,8,8,2,0,0,0,615,2,7
"La Liga","2023-09-27","La Liga (Matchweek 7)","Villarreal","4-4-2",1,1.8,"Daniel Parejo (P) · 49&rsquor;",3,0,"Girona","4-1-4-1",2,2.1,"Artem Dovbyk · 56&rsquor; Eric García · 61&rsquor;",2,0,"https://fbref.com/en/matches/7c83c807/Villarreal-Girona-September-27-2023-La-Liga","Villarreal","Home",NA,990,508,456,48,10,0,2,22,18,5,4,1,0,434,4,12
"La Liga","2023-09-27","La Liga (Matchweek 7)","Villarreal","4-4-2",1,1.8,"Daniel Parejo (P) · 49&rsquor;",3,0,"Girona","4-1-4-1",2,2.1,"Artem Dovbyk · 56&rsquor; Eric García · 61&rsquor;",2,0,"https://fbref.com/en/matches/7c83c807/Villarreal-Girona-September-27-2023-La-Liga","Girona","Away",NA,990,442,401,41,13,0,5,20,14,6,2,2,0,379,0,8
"La Liga","2023-09-27","La Liga (Matchweek 7)","Athletic Club","4-2-3-1",2,0.7,"Yuri Berchiche · 6&rsquor; Oihan Sancet · 45+1&rsquor; Iñaki Williams · 62&rsquor;",5,1,"Getafe","5-4-1",2,1.4,"Gastón Álvarez · 51&rsquor; Juanmi Latasa · 83&rsquor;",6,0,"https://fbref.com/en/matches/5541c885/Athletic-Club-Getafe-September-27-2023-La-Liga","Athletic Club","Home",NA,944,434,373,55,20,2,3,22,22,5,2,1,0,321,6,6
"La Liga","2023-09-27","La Liga (Matchweek 7)","Athletic Club","4-2-3-1",2,0.7,"Yuri Berchiche · 6&rsquor; Oihan Sancet · 45+1&rsquor; Iñaki Williams · 62&rsquor;",5,1,"Getafe","5-4-1",2,1.4,"Gastón Álvarez · 51&rsquor; Juanmi Latasa · 83&rsquor;",6,0,"https://fbref.com/en/matches/5541c885/Athletic-Club-Getafe-September-27-2023-La-Liga","Getafe","Away",NA,990,456,407,48,15,1,6,30,21,4,3,0,0,326,1,10
"La Liga","2023-09-27","La Liga (Matchweek 7)","Valencia","4-2-3-1",0,0.4,"Selim Amallah · 45&rsquor;",5,1,"Real Sociedad","4-3-3",1,0.2,"Carlos Fernández · 32&rsquor;",7,0,"https://fbref.com/en/matches/572551e5/Valencia-Real-Sociedad-September-27-2023-La-Liga","Valencia","Home",NA,944,393,341,49,17,0,4,8,26,0,0,0,0,282,3,12
"La Liga","2023-09-27","La Liga (Matchweek 7)","Valencia","4-2-3-1",0,0.4,"Selim Amallah · 45&rsquor;",5,1,"Real Sociedad","4-3-3",1,0.2,"Carlos Fernández · 32&rsquor;",7,0,"https://fbref.com/en/matches/572551e5/Valencia-Real-Sociedad-September-27-2023-La-Liga","Real Sociedad","Away",NA,990,646,593,51,17,1,2,11,26,2,0,2,0,535,2,14
"La Liga","2023-09-27","La Liga (Matchweek 7)","Cádiz","4-4-2",0,0.6,"",5,0,"Rayo Vallecano","4-2-3-1",0,0.3,"Abdul Mumin · 88&rsquor;",6,1,"https://fbref.com/en/matches/2d774dd9/Cadiz-Rayo-Vallecano-September-27-2023-La-Liga","Cádiz","Home",NA,990,459,406,52,15,0,3,21,26,1,0,1,0,326,1,13
"La Liga","2023-09-27","La Liga (Matchweek 7)","Cádiz","4-4-2",0,0.6,"",5,0,"Rayo Vallecano","4-2-3-1",0,0.3,"Abdul Mumin · 88&rsquor;",6,1,"https://fbref.com/en/matches/2d774dd9/Cadiz-Rayo-Vallecano-September-27-2023-La-Liga","Rayo Vallecano","Away",NA,987,430,372,56,15,0,3,13,26,2,1,0,0,297,2,10
"La Liga","2023-09-28","La Liga (Matchweek 7)","Granada","4-4-2",1,1.8,"Lucas Boyé · 67&rsquor;",2,0,"Real Betis","4-2-3-1",1,0.9,"Assane Diao · 51&rsquor;",1,0,"https://fbref.com/en/matches/6f6cb00d/Granada-Real-Betis-September-28-2023-La-Liga","Granada","Home",NA,990,365,318,45,11,1,0,24,16,5,2,3,0,275,2,10
"La Liga","2023-09-28","La Liga (Matchweek 7)","Granada","4-4-2",1,1.8,"Lucas Boyé · 67&rsquor;",2,0,"Real Betis","4-2-3-1",1,0.9,"Assane Diao · 51&rsquor;",1,0,"https://fbref.com/en/matches/6f6cb00d/Granada-Real-Betis-September-28-2023-La-Liga","Real Betis","Away",NA,990,565,511,52,16,3,5,21,19,7,2,3,0,465,2,11
"La Liga","2023-09-28","La Liga (Matchweek 7)","Celta Vigo","5-3-2",1,0.6,"Rafa Marín (OG) · 35&rsquor; Luca de la Torre · 68&rsquor;",7,1,"Alavés","4-2-3-1",1,2.6,"Samu Omorodion · 73&rsquor;",3,0,"https://fbref.com/en/matches/4f005fa8/Celta-Vigo-Alaves-September-28-2023-La-Liga","Celta Vigo","Home",NA,967,428,374,54,11,2,3,9,25,2,1,1,0,333,0,6
"La Liga","2023-09-28","La Liga (Matchweek 7)","Celta Vigo","5-3-2",1,0.6,"Rafa Marín (OG) · 35&rsquor; Luca de la Torre · 68&rsquor;",7,1,"Alavés","4-2-3-1",1,2.6,"Samu Omorodion · 73&rsquor;",3,0,"https://fbref.com/en/matches/4f005fa8/Celta-Vigo-Alaves-September-28-2023-La-Liga","Alavés","Away",NA,990,497,452,43,8,0,1,28,19,8,2,3,0,409,2,13
"La Liga","2023-09-28","La Liga (Matchweek 7)","Osasuna","4-3-3",0,1,"Ezequiel Ávila · 85&rsquor;",3,1,"Atlético Madrid","5-3-2",2,1.5,"Antoine Griezmann · 20&rsquor; Rodrigo Riquelme · 81&rsquor; Álvaro Morata · 85&rsquor;",4,1,"https://fbref.com/en/matches/006cb34c/Osasuna-Atletico-Madrid-September-28-2023-La-Liga","Osasuna","Home",NA,984,570,521,47,8,1,1,38,26,7,4,2,0,447,2,13
"La Liga","2023-09-28","La Liga (Matchweek 7)","Osasuna","4-3-3",0,1,"Ezequiel Ávila · 85&rsquor;",3,1,"Atlético Madrid","5-3-2",2,1.5,"Antoine Griezmann · 20&rsquor; Rodrigo Riquelme · 81&rsquor; Álvaro Morata · 85&rsquor;",4,1,"https://fbref.com/en/matches/006cb34c/Osasuna-Atletico-Madrid-September-28-2023-La-Liga","Atlético Madrid","Away",NA,984,472,421,46,16,1,2,3,14,2,1,0,0,366,5,8
"La Liga","2023-09-29","La Liga (Matchweek 8)","Barcelona","4-3-3",1,2.4,"Sergio Ramos (OG) · 76&rsquor;",2,0,"Sevilla","4-2-3-1",0,1.1,"",3,0,"https://fbref.com/en/matches/c5fbae8a/Barcelona-Sevilla-September-29-2023-La-Liga","Barcelona","Home",NA,990,519,453,65,18,4,7,21,26,13,4,2,0,431,1,9
"La Liga","2023-09-29","La Liga (Matchweek 8)","Barcelona","4-3-3",1,2.4,"Sergio Ramos (OG) · 76&rsquor;",2,0,"Sevilla","4-2-3-1",0,1.1,"",3,0,"https://fbref.com/en/matches/c5fbae8a/Barcelona-Sevilla-September-29-2023-La-Liga","Sevilla","Away",NA,990,378,319,56,12,1,5,24,31,3,1,2,0,280,3,7
"La Liga","2023-09-30","La Liga (Matchweek 8)","Getafe","4-4-2",0,0.9,"",2,0,"Villarreal","4-4-2",0,0.1,"Alex Baena · 23&rsquor;",4,1,"https://fbref.com/en/matches/2fbd5e47/Getafe-Villarreal-September-30-2023-La-Liga","Getafe","Home",NA,990,533,488,43,12,0,10,44,17,6,3,1,0,426,2,10
"La Liga","2023-09-30","La Liga (Matchweek 8)","Getafe","4-4-2",0,0.9,"",2,0,"Villarreal","4-4-2",0,0.1,"Alex Baena · 23&rsquor;",4,1,"https://fbref.com/en/matches/2fbd5e47/Getafe-Villarreal-September-30-2023-La-Liga","Villarreal","Away",NA,922,302,236,65,21,1,1,11,18,4,3,1,0,209,1,5
"La Liga","2023-09-30","La Liga (Matchweek 8)","Rayo Vallecano","4-2-3-1",2,2.3,"Álvaro García · 4&rsquor; Radamel Falcao (P) · 90+12&rsquor;",2,0,"Mallorca","4-4-2",2,1.5,"Vedat Muriqi · 44&rsquor; Antonio Sánchez · 59&rsquor;",5,0,"https://fbref.com/en/matches/32801dbc/Rayo-Vallecano-Mallorca-September-30-2023-La-Liga","Rayo Vallecano","Home",NA,990,541,490,50,18,0,7,21,18,5,3,1,0,434,1,2
"La Liga","2023-09-30","La Liga (Matchweek 8)","Rayo Vallecano","4-2-3-1",2,2.3,"Álvaro García · 4&rsquor; Radamel Falcao (P) · 90+12&rsquor;",2,0,"Mallorca","4-4-2",2,1.5,"Vedat Muriqi · 44&rsquor; Antonio Sánchez · 59&rsquor;",5,0,"https://fbref.com/en/matches/32801dbc/Rayo-Vallecano-Mallorca-September-30-2023-La-Liga","Mallorca","Away",NA,990,356,303,51,13,2,3,7,16,0,0,0,0,238,2,9
"La Liga","2023-09-30","La Liga (Matchweek 8)","Girona","4-1-4-1",0,1.6,"",2,0,"Real Madrid","4-3-1-2",3,2.3,"Joselu · 17&rsquor; Aurélien Tchouaméni · 21&rsquor; Jude Bellingham · 71&rsquor; Nacho · 90+4&rsquor;",2,1,"https://fbref.com/en/matches/253621ab/Girona-Real-Madrid-September-30-2023-La-Liga","Girona","Home",NA,990,602,556,46,13,2,8,25,22,1,0,1,0,529,0,13
"La Liga","2023-09-30","La Liga (Matchweek 8)","Girona","4-1-4-1",0,1.6,"",2,0,"Real Madrid","4-3-1-2",3,2.3,"Joselu · 17&rsquor; Aurélien Tchouaméni · 21&rsquor; Jude Bellingham · 71&rsquor; Nacho · 90+4&rsquor;",2,1,"https://fbref.com/en/matches/253621ab/Girona-Real-Madrid-September-30-2023-La-Liga","Real Madrid","Away",NA,989,546,498,48,13,1,4,9,13,4,2,2,0,483,0,3
"La Liga","2023-09-30","La Liga (Matchweek 8)","Real Sociedad","4-4-2",3,1.4,"Robin Le Normand · 30&rsquor; Takefusa Kubo · 48&rsquor; Mikel Oyarzabal · 66&rsquor;",2,0,"Athletic Club","4-2-3-1",0,1.8,"",2,0,"https://fbref.com/en/matches/9689cb22/Real-Sociedad-Athletic-Club-September-30-2023-La-Liga","Real Sociedad","Home",NA,990,443,392,49,10,1,4,16,23,5,3,0,0,323,2,7
"La Liga","2023-09-30","La Liga (Matchweek 8)","Real Sociedad","4-4-2",3,1.4,"Robin Le Normand · 30&rsquor; Takefusa Kubo · 48&rsquor; Mikel Oyarzabal · 66&rsquor;",2,0,"Athletic Club","4-2-3-1",0,1.8,"",2,0,"https://fbref.com/en/matches/9689cb22/Real-Sociedad-Athletic-Club-September-30-2023-La-Liga","Athletic Club","Away",NA,990,426,365,59,22,1,1,21,23,7,1,5,0,316,2,7
"La Liga","2023-10-01","La Liga (Matchweek 8)","Almería","4-3-3",3,2.9,"Luis Javier Suárez · 41&rsquor; Luis Javier Suárez · 44&rsquor; Luis Javier Suárez · 45+1&rsquor;",2,0,"Granada","4-4-2",3,2.9,"Bryan Zaragoza (P) · 66&rsquor; Ricard Sánchez · 70&rsquor; Myrto Uzuni · 86&rsquor;",1,0,"https://fbref.com/en/matches/dd504406/Almeria-Granada-October-1-2023-La-Liga","Almería","Home",NA,990,402,350,52,18,0,2,23,18,1,0,1,0,301,0,8
"La Liga","2023-10-01","La Liga (Matchweek 8)","Almería","4-3-3",3,2.9,"Luis Javier Suárez · 41&rsquor; Luis Javier Suárez · 44&rsquor; Luis Javier Suárez · 45+1&rsquor;",2,0,"Granada","4-4-2",3,2.9,"Bryan Zaragoza (P) · 66&rsquor; Ricard Sánchez · 70&rsquor; Myrto Uzuni · 86&rsquor;",1,0,"https://fbref.com/en/matches/dd504406/Almeria-Granada-October-1-2023-La-Liga","Granada","Away",NA,990,425,367,54,16,2,2,15,22,5,2,1,0,330,4,6
"La Liga","2023-10-01","La Liga (Matchweek 8)","Alavés","4-2-3-1",0,1.5,"Antonio Blanco · 49&rsquor;",2,1,"Osasuna","4-3-3",2,1.1,"José Arnaiz · 36&rsquor; Ante Budimir · 90&rsquor;",3,0,"https://fbref.com/en/matches/3d120d0b/Alaves-Osasuna-October-1-2023-La-Liga","Alavés","Home",NA,948,410,357,48,13,1,3,26,20,4,1,2,0,288,5,6
"La Liga","2023-10-01","La Liga (Matchweek 8)","Alavés","4-2-3-1",0,1.5,"Antonio Blanco · 49&rsquor;",2,1,"Osasuna","4-3-3",2,1.1,"José Arnaiz · 36&rsquor; Ante Budimir · 90&rsquor;",3,0,"https://fbref.com/en/matches/3d120d0b/Alaves-Osasuna-October-1-2023-La-Liga","Osasuna","Away",NA,990,478,427,50,17,2,3,13,17,2,1,1,0,368,1,7
"La Liga","2023-10-01","La Liga (Matchweek 8)","Real Betis","4-2-3-1",3,1.6,"Assane Diao · 41&rsquor; Marc Roca · 52&rsquor; Abde Ezzalzouli · 85&rsquor;",2,0,"Valencia","4-2-3-1",0,0.7,"",2,0,"https://fbref.com/en/matches/5668709c/Real-Betis-Valencia-October-1-2023-La-Liga","Real Betis","Home",NA,990,544,498,41,11,2,5,16,17,5,1,2,0,459,5,6
"La Liga","2023-10-01","La Liga (Matchweek 8)","Real Betis","4-2-3-1",3,1.6,"Assane Diao · 41&rsquor; Marc Roca · 52&rsquor; Abde Ezzalzouli · 85&rsquor;",2,0,"Valencia","4-2-3-1",0,0.7,"",2,0,"https://fbref.com/en/matches/5668709c/Real-Betis-Valencia-October-1-2023-La-Liga","Valencia","Away",NA,990,441,388,51,16,2,2,13,21,3,1,2,0,347,2,9
"La Liga","2023-10-01","La Liga (Matchweek 8)","Atlético Madrid","3-5-2",3,2.7,"Ángel Correa · 32&rsquor; Nahuel Molina · 46&rsquor; Ángel Correa · 66&rsquor;",1,0,"Cádiz","5-3-2",2,0.8,"Lucas · 12&rsquor; Roger Martí · 27&rsquor;",3,0,"https://fbref.com/en/matches/0f112739/Atletico-Madrid-Cadiz-October-1-2023-La-Liga","Atlético Madrid","Home",NA,990,771,726,43,9,2,5,15,15,5,0,4,0,658,2,9
"La Liga","2023-10-01","La Liga (Matchweek 8)","Atlético Madrid","3-5-2",3,2.7,"Ángel Correa · 32&rsquor; Nahuel Molina · 46&rsquor; Ángel Correa · 66&rsquor;",1,0,"Cádiz","5-3-2",2,0.8,"Lucas · 12&rsquor; Roger Martí · 27&rsquor;",3,0,"https://fbref.com/en/matches/0f112739/Atletico-Madrid-Cadiz-October-1-2023-La-Liga","Cádiz","Away",NA,990,339,298,41,7,0,1,17,16,3,0,2,0,235,0,9
"La Liga","2023-10-02","La Liga (Matchweek 8)","Las Palmas","4-5-1",2,1.7,"Jonathan Viera (P) · 84&rsquor; Marc Cardona · 90+7&rsquor;",2,0,"Celta Vigo","5-3-2",1,1.5,"Anastasios Douvikas · 67&rsquor;",1,0,"https://fbref.com/en/matches/b5b5ee07/Las-Palmas-Celta-Vigo-October-2-2023-La-Liga","Las Palmas","Home",NA,990,791,731,58,15,2,5,28,32,4,1,2,0,687,2,9
"La Liga","2023-10-02","La Liga (Matchweek 8)","Las Palmas","4-5-1",2,1.7,"Jonathan Viera (P) · 84&rsquor; Marc Cardona · 90+7&rsquor;",2,0,"Celta Vigo","5-3-2",1,1.5,"Anastasios Douvikas · 67&rsquor;",1,0,"https://fbref.com/en/matches/b5b5ee07/Las-Palmas-Celta-Vigo-October-2-2023-La-Liga","Celta Vigo","Away",NA,990,286,240,44,14,4,3,12,13,5,3,2,0,193,2,6
"La Liga","2023-10-06","La Liga (Matchweek 9)","Athletic Club","4-2-3-1",3,1.9,"Gorka Guruzeta · 10&rsquor; Dani García · 63&rsquor; Oihan Sancet · 81&rsquor;",2,0,"Almería","4-4-2",0,0.1,"",0,0,"https://fbref.com/en/matches/001383d7/Athletic-Club-Almeria-October-6-2023-La-Liga","Athletic Club","Home",NA,990,557,515,42,9,1,3,27,20,6,2,4,0,461,0,8
"La Liga","2023-10-06","La Liga (Matchweek 9)","Athletic Club","4-2-3-1",3,1.9,"Gorka Guruzeta · 10&rsquor; Dani García · 63&rsquor; Oihan Sancet · 81&rsquor;",2,0,"Almería","4-4-2",0,0.1,"",0,0,"https://fbref.com/en/matches/001383d7/Athletic-Club-Almeria-October-6-2023-La-Liga","Almería","Away",NA,990,391,338,51,11,0,1,8,21,2,0,2,0,289,2,10
"La Liga","2023-10-07","La Liga (Matchweek 9)","Cádiz","4-4-2",0,0.4,"Darwin Machís · 10&rsquor;",1,1,"Girona","3-4-3",1,1.2,"Aleix García · 59&rsquor;",3,0,"https://fbref.com/en/matches/2459c550/Cadiz-Girona-October-7-2023-La-Liga","Cádiz","Home",NA,909,243,197,46,16,0,3,21,13,5,2,3,0,136,0,7
"La Liga","2023-10-07","La Liga (Matchweek 9)","Cádiz","4-4-2",0,0.4,"Darwin Machís · 10&rsquor;",1,1,"Girona","3-4-3",1,1.2,"Aleix García · 59&rsquor;",3,0,"https://fbref.com/en/matches/2459c550/Cadiz-Girona-October-7-2023-La-Liga","Girona","Away",NA,990,666,625,38,11,0,4,31,10,5,2,0,0,571,3,6
"La Liga","2023-10-07","La Liga (Matchweek 9)","Real Madrid","4-3-1-2",4,3.2,"Jude Bellingham · 9&rsquor; Jude Bellingham · 54&rsquor; Vinicius Júnior · 65&rsquor; Joselu · 70&rsquor;",2,0,"Osasuna","4-3-3",0,0.5,"",2,0,"https://fbref.com/en/matches/cf81ed94/Real-Madrid-Osasuna-October-7-2023-La-Liga","Real Madrid","Home",NA,990,745,701,42,6,8,7,13,21,5,1,3,0,673,2,8
"La Liga","2023-10-07","La Liga (Matchweek 9)","Real Madrid","4-3-1-2",4,3.2,"Jude Bellingham · 9&rsquor; Jude Bellingham · 54&rsquor; Vinicius Júnior · 65&rsquor; Joselu · 70&rsquor;",2,0,"Osasuna","4-3-3",0,0.5,"",2,0,"https://fbref.com/en/matches/cf81ed94/Real-Madrid-Osasuna-October-7-2023-La-Liga","Osasuna","Away",NA,990,371,326,44,11,0,3,14,13,4,3,0,0,294,1,9
"La Liga","2023-10-07","La Liga (Matchweek 9)","Mallorca","4-4-2",1,0.6,"Dani Rodríguez · 5&rsquor;",2,0,"Valencia","4-4-2",1,0.5,"Diego López · 45+3&rsquor;",1,0,"https://fbref.com/en/matches/65eed22a/Mallorca-Valencia-October-7-2023-La-Liga","Mallorca","Home",NA,990,488,437,47,11,2,5,14,28,3,1,0,0,381,4,7
"La Liga","2023-10-07","La Liga (Matchweek 9)","Mallorca","4-4-2",1,0.6,"Dani Rodríguez · 5&rsquor;",2,0,"Valencia","4-4-2",1,0.5,"Diego López · 45+3&rsquor;",1,0,"https://fbref.com/en/matches/65eed22a/Mallorca-Valencia-October-7-2023-La-Liga","Valencia","Away",NA,990,509,457,52,18,0,1,15,24,6,0,2,0,400,0,9
"La Liga","2023-10-07","La Liga (Matchweek 9)","Sevilla","4-2-3-1",2,1,"Djibril Sow · 50&rsquor; Youssef En-Nesyri · 90+6&rsquor;",5,0,"Rayo Vallecano","4-4-2",2,1,"Óscar Valentín · 21&rsquor; Álvaro García · 26&rsquor;",2,0,"https://fbref.com/en/matches/faf557c5/Sevilla-Rayo-Vallecano-October-7-2023-La-Liga","Sevilla","Home",NA,990,507,435,70,20,0,4,48,30,12,6,3,0,389,2,8
"La Liga","2023-10-07","La Liga (Matchweek 9)","Sevilla","4-2-3-1",2,1,"Djibril Sow · 50&rsquor; Youssef En-Nesyri · 90+6&rsquor;",5,0,"Rayo Vallecano","4-4-2",2,1,"Óscar Valentín · 21&rsquor; Álvaro García · 26&rsquor;",2,0,"https://fbref.com/en/matches/faf557c5/Sevilla-Rayo-Vallecano-October-7-2023-La-Liga","Rayo Vallecano","Away",NA,990,291,229,61,17,0,4,13,21,2,0,0,0,184,1,13
"La Liga","2023-10-08","La Liga (Matchweek 9)","Villarreal","4-2-3-1",1,1,"Gerard Moreno · 90+2&rsquor;",4,0,"Las Palmas","4-5-1",2,1.1,"Saúl Coco · 45+2&rsquor; Marc Cardona (P) · 51&rsquor;",4,0,"https://fbref.com/en/matches/539efe2f/Villarreal-Las-Palmas-October-8-2023-La-Liga","Villarreal","Home",NA,990,461,410,47,12,4,2,19,20,7,6,1,0,374,4,12
"La Liga","2023-10-08","La Liga (Matchweek 9)","Villarreal","4-2-3-1",1,1,"Gerard Moreno · 90+2&rsquor;",4,0,"Las Palmas","4-5-1",2,1.1,"Saúl Coco · 45+2&rsquor; Marc Cardona (P) · 51&rsquor;",4,0,"https://fbref.com/en/matches/539efe2f/Villarreal-Las-Palmas-October-8-2023-La-Liga","Las Palmas","Away",NA,990,472,427,40,19,3,3,11,12,2,2,0,0,398,5,3
"La Liga","2023-10-08","La Liga (Matchweek 9)","Atlético Madrid","3-5-2",2,2.2,"Samuel Lino · 22&rsquor; Antoine Griezmann (P) · 89&rsquor;",3,0,"Real Sociedad","4-3-3",1,1.2,"Mikel Oyarzabal · 73&rsquor;",3,0,"https://fbref.com/en/matches/d0fec34b/Atletico-Madrid-Real-Sociedad-October-8-2023-La-Liga","Atlético Madrid","Home",NA,990,369,317,52,13,2,8,5,23,1,1,0,0,270,0,13
"La Liga","2023-10-08","La Liga (Matchweek 9)","Atlético Madrid","3-5-2",2,2.2,"Samuel Lino · 22&rsquor; Antoine Griezmann (P) · 89&rsquor;",3,0,"Real Sociedad","4-3-3",1,1.2,"Mikel Oyarzabal · 73&rsquor;",3,0,"https://fbref.com/en/matches/d0fec34b/Atletico-Madrid-Real-Sociedad-October-8-2023-La-Liga","Real Sociedad","Away",NA,990,604,561,41,8,1,4,18,17,4,2,1,0,513,2,13
"La Liga","2023-10-08","La Liga (Matchweek 9)","Alavés","4-2-3-1",1,1.3,"Héctor Bellerín (OG) · 35&rsquor;",3,0,"Real Betis","4-2-3-1",1,0.9,"Ayoze Pérez · 32&rsquor; Willian José · 90+3&rsquor;",3,1,"https://fbref.com/en/matches/68a32c10/Alaves-Real-Betis-October-8-2023-La-Liga","Alavés","Home",NA,990,389,344,44,8,2,2,23,23,5,1,0,0,285,1,10
"La Liga","2023-10-08","La Liga (Matchweek 9)","Alavés","4-2-3-1",1,1.3,"Héctor Bellerín (OG) · 35&rsquor;",3,0,"Real Betis","4-2-3-1",1,0.9,"Ayoze Pérez · 32&rsquor; Willian José · 90+3&rsquor;",3,1,"https://fbref.com/en/matches/68a32c10/Alaves-Real-Betis-October-8-2023-La-Liga","Real Betis","Away",NA,989,592,539,52,13,1,2,15,18,3,2,1,0,486,1,13
"La Liga","2023-10-08","La Liga (Matchweek 9)","Celta Vigo","4-4-2",2,3.1,"Jonathan Bamba · 24&rsquor; Jørgen Strand Larsen · 42&rsquor;",1,0,"Getafe","4-4-2",2,0.7,"Borja Mayoral · 2&rsquor; Domingos Duarte · 30&rsquor; Mason Greenwood · 33&rsquor;",9,1,"https://fbref.com/en/matches/deb9ac58/Celta-Vigo-Getafe-October-8-2023-La-Liga","Celta Vigo","Home",NA,990,658,593,62,21,2,2,33,23,13,2,7,0,540,3,10
"La Liga","2023-10-08","La Liga (Matchweek 9)","Celta Vigo","4-4-2",2,3.1,"Jonathan Bamba · 24&rsquor; Jørgen Strand Larsen · 42&rsquor;",1,0,"Getafe","4-4-2",2,0.7,"Borja Mayoral · 2&rsquor; Domingos Duarte · 30&rsquor; Mason Greenwood · 33&rsquor;",9,1,"https://fbref.com/en/matches/deb9ac58/Celta-Vigo-Getafe-October-8-2023-La-Liga","Getafe","Away",NA,929,230,185,43,16,0,1,7,11,1,1,0,0,124,2,7
"La Liga","2023-10-08","La Liga (Matchweek 9)","Granada","5-4-1",2,0.8,"Bryan Zaragoza · 1&rsquor; Bryan Zaragoza · 29&rsquor;",6,0,"Barcelona","4-3-3",2,3,"Lamine Yamal · 45+1&rsquor; Sergi Roberto · 85&rsquor;",1,0,"https://fbref.com/en/matches/e2ce9278/Granada-Barcelona-October-8-2023-La-Liga","Granada","Home",NA,990,205,163,40,11,0,1,6,13,1,0,1,0,131,2,10
"La Liga","2023-10-08","La Liga (Matchweek 9)","Granada","5-4-1",2,0.8,"Bryan Zaragoza · 1&rsquor; Bryan Zaragoza · 29&rsquor;",6,0,"Barcelona","4-3-3",2,3,"Lamine Yamal · 45+1&rsquor; Sergi Roberto · 85&rsquor;",1,0,"https://fbref.com/en/matches/e2ce9278/Granada-Barcelona-October-8-2023-La-Liga","Barcelona","Away",NA,990,823,767,52,13,3,5,28,20,11,5,4,0,725,4,14
"La Liga","2023-10-20","La Liga (Matchweek 10)","Osasuna","4-3-3",2,2.1,"Ante Budimir · 11&rsquor; Ante Budimir (P) · 59&rsquor;",3,0,"Granada","4-2-3-1",0,0.6,"Lucas Boyé · 76&rsquor;",4,1,"https://fbref.com/en/matches/43b34260/Osasuna-Granada-October-20-2023-La-Liga","Osasuna","Home",NA,990,562,509,50,13,4,2,18,34,1,1,0,0,432,3,14
"La Liga","2023-10-20","La Liga (Matchweek 10)","Osasuna","4-3-3",2,2.1,"Ante Budimir · 11&rsquor; Ante Budimir (P) · 59&rsquor;",3,0,"Granada","4-2-3-1",0,0.6,"Lucas Boyé · 76&rsquor;",4,1,"https://fbref.com/en/matches/43b34260/Osasuna-Granada-October-20-2023-La-Liga","Granada","Away",NA,975,408,355,52,22,1,6,19,15,7,1,4,0,294,1,11
"La Liga","2023-10-21","La Liga (Matchweek 10)","Real Sociedad","4-4-2",1,1.3,"Brais Méndez · 64&rsquor;",3,0,"Mallorca","5-3-2",0,1.9,"",3,0,"https://fbref.com/en/matches/a4774fc2/Real-Sociedad-Mallorca-October-21-2023-La-Liga","Real Sociedad","Home",NA,990,441,389,51,20,1,2,11,23,2,1,1,0,330,1,6
"La Liga","2023-10-21","La Liga (Matchweek 10)","Real Sociedad","4-4-2",1,1.3,"Brais Méndez · 64&rsquor;",3,0,"Mallorca","5-3-2",0,1.9,"",3,0,"https://fbref.com/en/matches/a4774fc2/Real-Sociedad-Mallorca-October-21-2023-La-Liga","Mallorca","Away",NA,990,343,287,51,14,1,4,20,19,5,2,2,0,225,5,2
"La Liga","2023-10-21","La Liga (Matchweek 10)","Getafe","4-4-2",1,1.5,"Borja Mayoral · 17&rsquor;",5,0,"Real Betis","4-2-3-1",1,1.1,"Marc Roca · 1&rsquor;",2,0,"https://fbref.com/en/matches/0d187cb4/Getafe-Real-Betis-October-21-2023-La-Liga","Getafe","Home",NA,990,389,334,53,12,2,2,18,21,4,3,0,0,275,2,6
"La Liga","2023-10-21","La Liga (Matchweek 10)","Getafe","4-4-2",1,1.5,"Borja Mayoral · 17&rsquor;",5,0,"Real Betis","4-2-3-1",1,1.1,"Marc Roca · 1&rsquor;",2,0,"https://fbref.com/en/matches/0d187cb4/Getafe-Real-Betis-October-21-2023-La-Liga","Real Betis","Away",NA,990,475,418,56,19,7,6,17,21,8,1,3,1,372,1,9
"La Liga","2023-10-21","La Liga (Matchweek 10)","Sevilla","4-3-3",1,1.5,"David Alaba (OG) · 74&rsquor;",5,0,"Real Madrid","4-1-2-1-2",1,1.6,"Dani Carvajal · 78&rsquor;",3,0,"https://fbref.com/en/matches/a1453e00/Sevilla-Real-Madrid-October-21-2023-La-Liga","Sevilla","Home",NA,990,511,473,37,7,1,14,26,15,4,1,0,0,445,1,10
"La Liga","2023-10-21","La Liga (Matchweek 10)","Sevilla","4-3-3",1,1.5,"David Alaba (OG) · 74&rsquor;",5,0,"Real Madrid","4-1-2-1-2",1,1.6,"Dani Carvajal · 78&rsquor;",3,0,"https://fbref.com/en/matches/a1453e00/Sevilla-Real-Madrid-October-21-2023-La-Liga","Real Madrid","Away",NA,990,535,476,58,14,3,2,16,21,6,3,2,0,469,1,6
"La Liga","2023-10-21","La Liga (Matchweek 10)","Celta Vigo","4-3-3",0,0.9,"Iván Villar · 25&rsquor;",3,1,"Atlético Madrid","3-5-2",3,1.8,"Antoine Griezmann (P) · 29&rsquor; Antoine Griezmann · 64&rsquor; Antoine Griezmann · 70&rsquor;",2,0,"https://fbref.com/en/matches/7e7af068/Celta-Vigo-Atletico-Madrid-October-21-2023-La-Liga","Celta Vigo","Home",NA,924,456,415,41,16,0,2,27,10,7,0,6,0,375,0,7
"La Liga","2023-10-21","La Liga (Matchweek 10)","Celta Vigo","4-3-3",0,0.9,"Iván Villar · 25&rsquor;",3,1,"Atlético Madrid","3-5-2",3,1.8,"Antoine Griezmann (P) · 29&rsquor; Antoine Griezmann · 64&rsquor; Antoine Griezmann · 70&rsquor;",2,0,"https://fbref.com/en/matches/7e7af068/Celta-Vigo-Atletico-Madrid-October-21-2023-La-Liga","Atlético Madrid","Away",NA,990,807,762,39,9,0,8,12,14,5,0,0,0,723,6,6
"La Liga","2023-10-22","La Liga (Matchweek 10)","Las Palmas","4-5-1",0,1.3,"",4,0,"Rayo Vallecano","4-4-2",1,1.4,"Bebé (P) · 90+1&rsquor; Óscar Valentín · 90+4&rsquor;",4,1,"https://fbref.com/en/matches/75aaa3ef/Las-Palmas-Rayo-Vallecano-October-22-2023-La-Liga","Las Palmas","Home",NA,990,607,562,43,12,0,0,23,12,10,6,1,0,493,2,15
"La Liga","2023-10-22","La Liga (Matchweek 10)","Las Palmas","4-5-1",0,1.3,"",4,0,"Rayo Vallecano","4-4-2",1,1.4,"Bebé (P) · 90+1&rsquor; Óscar Valentín · 90+4&rsquor;",4,1,"https://fbref.com/en/matches/75aaa3ef/Las-Palmas-Rayo-Vallecano-October-22-2023-La-Liga","Rayo Vallecano","Away",NA,989,404,355,47,11,1,3,14,28,5,1,4,0,296,2,4
"La Liga","2023-10-22","La Liga (Matchweek 10)","Girona","3-4-3",5,1.9,"Iván Martín · 37&rsquor; Artem Dovbyk · 39&rsquor; Artem Dovbyk · 43&rsquor; Sávio · 71&rsquor; Cristhian Stuani · 85&rsquor;",1,0,"Almería","4-2-3-1",2,1,"Léo Baptistão · 2&rsquor; Léo Baptistão · 24&rsquor;",2,0,"https://fbref.com/en/matches/eadb4a85/Girona-Almeria-October-22-2023-La-Liga","Girona","Home",NA,990,664,619,42,12,4,6,25,11,9,4,4,0,578,3,5
"La Liga","2023-10-22","La Liga (Matchweek 10)","Girona","3-4-3",5,1.9,"Iván Martín · 37&rsquor; Artem Dovbyk · 39&rsquor; Artem Dovbyk · 43&rsquor; Sávio · 71&rsquor; Cristhian Stuani · 85&rsquor;",1,0,"Almería","4-2-3-1",2,1,"Léo Baptistão · 2&rsquor; Léo Baptistão · 24&rsquor;",2,0,"https://fbref.com/en/matches/eadb4a85/Girona-Almeria-October-22-2023-La-Liga","Almería","Away",NA,990,335,284,50,14,0,2,17,14,6,5,0,0,243,1,8
"La Liga","2023-10-22","La Liga (Matchweek 10)","Villarreal","3-1-4-2",1,1.5,"Gerard Moreno (P) · 65&rsquor;",4,0,"Alavés","4-2-3-1",1,1.7,"Samu Omorodion · 48&rsquor;",3,0,"https://fbref.com/en/matches/f86dfb97/Villarreal-Alaves-October-22-2023-La-Liga","Villarreal","Home",NA,990,629,573,54,10,1,4,29,22,9,1,7,0,540,2,6
"La Liga","2023-10-22","La Liga (Matchweek 10)","Villarreal","3-1-4-2",1,1.5,"Gerard Moreno (P) · 65&rsquor;",4,0,"Alavés","4-2-3-1",1,1.7,"Samu Omorodion · 48&rsquor;",3,0,"https://fbref.com/en/matches/f86dfb97/Villarreal-Alaves-October-22-2023-La-Liga","Alavés","Away",NA,990,299,255,43,16,2,8,15,18,3,2,0,0,200,1,6
"La Liga","2023-10-22","La Liga (Matchweek 10)","Barcelona","4-3-3",1,1.3,"Marc Guiu · 80&rsquor;",3,0,"Athletic Club","4-2-3-1",0,0.4,"",3,0,"https://fbref.com/en/matches/5be40f3e/Barcelona-Athletic-Club-October-22-2023-La-Liga","Barcelona","Home",NA,990,576,516,56,22,3,10,13,21,4,1,2,0,484,4,9
"La Liga","2023-10-22","La Liga (Matchweek 10)","Barcelona","4-3-3",1,1.3,"Marc Guiu · 80&rsquor;",3,0,"Athletic Club","4-2-3-1",0,0.4,"",3,0,"https://fbref.com/en/matches/5be40f3e/Barcelona-Athletic-Club-October-22-2023-La-Liga","Athletic Club","Away",NA,990,354,301,49,14,2,5,21,18,7,3,4,0,260,4,8
"La Liga","2023-10-23","La Liga (Matchweek 10)","Valencia","4-2-3-1",2,1.5,"José Luis Gayà · 4&rsquor; Hugo Duro · 25&rsquor;",0,0,"Cádiz","4-4-2",0,0.6,"Roberto Navarro · 22&rsquor;",3,1,"https://fbref.com/en/matches/39c4605e/Valencia-Cadiz-October-23-2023-La-Liga","Valencia","Home",NA,990,590,545,41,17,1,3,14,15,4,0,2,0,507,4,9
"La Liga","2023-10-23","La Liga (Matchweek 10)","Valencia","4-2-3-1",2,1.5,"José Luis Gayà · 4&rsquor; Hugo Duro · 25&rsquor;",0,0,"Cádiz","4-4-2",0,0.6,"Roberto Navarro · 22&rsquor;",3,1,"https://fbref.com/en/matches/39c4605e/Valencia-Cadiz-October-23-2023-La-Liga","Cádiz","Away",NA,921,371,319,50,19,2,2,23,13,5,3,1,0,278,2,7
"La Liga","2023-10-27","La Liga (Matchweek 11)","Girona","3-4-3",1,0.6,"Yangel Herrera · 90+1&rsquor;",3,0,"Celta Vigo","4-4-2",0,0.2,"",2,0,"https://fbref.com/en/matches/390bde4a/Girona-Celta-Vigo-October-27-2023-La-Liga","Girona","Home",NA,990,652,603,49,12,0,11,32,24,10,0,9,0,552,0,9
"La Liga","2023-10-27","La Liga (Matchweek 11)","Girona","3-4-3",1,0.6,"Yangel Herrera · 90+1&rsquor;",3,0,"Celta Vigo","4-4-2",0,0.2,"",2,0,"https://fbref.com/en/matches/390bde4a/Girona-Celta-Vigo-October-27-2023-La-Liga","Celta Vigo","Away",NA,990,345,303,42,15,1,4,11,16,1,0,1,0,251,0,7
"La Liga","2023-10-28","La Liga (Matchweek 11)","Almería","4-2-3-1",1,0.3,"Largie Ramazani · 73&rsquor;",3,0,"Las Palmas","4-5-1",2,0.9,"Munir El Haddadi · 23&rsquor; Sory Kaba · 90+4&rsquor;",1,0,"https://fbref.com/en/matches/22d80391/Almeria-Las-Palmas-October-28-2023-La-Liga","Almería","Home",NA,990,438,373,59,19,1,0,21,28,3,2,1,0,308,6,11
"La Liga","2023-10-28","La Liga (Matchweek 11)","Almería","4-2-3-1",1,0.3,"Largie Ramazani · 73&rsquor;",3,0,"Las Palmas","4-5-1",2,0.9,"Munir El Haddadi · 23&rsquor; Sory Kaba · 90+4&rsquor;",1,0,"https://fbref.com/en/matches/22d80391/Almeria-Las-Palmas-October-28-2023-La-Liga","Las Palmas","Away",NA,990,625,573,51,19,3,1,20,25,2,0,1,0,507,1,10
"La Liga","2023-10-28","La Liga (Matchweek 11)","Barcelona","3-4-1-2",1,1.5,"İlkay Gündoğan · 6&rsquor;",2,0,"Real Madrid","4-1-3-2",2,1.1,"Jude Bellingham · 68&rsquor; Jude Bellingham · 90+2&rsquor;",1,0,"https://fbref.com/en/matches/59b0e4f0/El-Clasico-Barcelona-Real-Madrid-October-28-2023-La-Liga","Barcelona","Home",NA,990,591,538,52,15,3,9,14,23,6,3,2,0,503,1,13
"La Liga","2023-10-28","La Liga (Matchweek 11)","Barcelona","3-4-1-2",1,1.5,"İlkay Gündoğan · 6&rsquor;",2,0,"Real Madrid","4-1-3-2",2,1.1,"Jude Bellingham · 68&rsquor; Jude Bellingham · 90+2&rsquor;",1,0,"https://fbref.com/en/matches/59b0e4f0/El-Clasico-Barcelona-Real-Madrid-October-28-2023-La-Liga","Real Madrid","Away",NA,990,533,494,39,16,4,1,10,10,3,2,0,0,469,0,5
"La Liga","2023-10-28","La Liga (Matchweek 11)","Mallorca","4-4-2",0,0.9,"",0,0,"Getafe","4-4-2",0,0.2,"",1,0,"https://fbref.com/en/matches/eda40c8e/Mallorca-Getafe-October-28-2023-La-Liga","Mallorca","Home",NA,990,448,376,65,24,3,4,31,25,7,3,3,0,306,7,8
"La Liga","2023-10-28","La Liga (Matchweek 11)","Mallorca","4-4-2",0,0.9,"",0,0,"Getafe","4-4-2",0,0.2,"",1,0,"https://fbref.com/en/matches/eda40c8e/Mallorca-Getafe-October-28-2023-La-Liga","Getafe","Away",NA,990,315,263,51,17,0,2,14,21,3,3,0,0,174,1,4
"La Liga","2023-10-28","La Liga (Matchweek 11)","Cádiz","4-4-2",2,1.1,"Chris Ramos · 8&rsquor; Darwin Machís · 28&rsquor;",6,0,"Sevilla","4-3-3",2,1.2,"Lucas Ocampos · 37&rsquor; Ivan Rakitić · 60&rsquor;",4,0,"https://fbref.com/en/matches/11176e0f/Cadiz-Sevilla-October-28-2023-La-Liga","Cádiz","Home",NA,990,315,278,34,16,1,8,13,9,2,2,0,0,204,3,3
"La Liga","2023-10-28","La Liga (Matchweek 11)","Cádiz","4-4-2",2,1.1,"Chris Ramos · 8&rsquor; Darwin Machís · 28&rsquor;",6,0,"Sevilla","4-3-3",2,1.2,"Lucas Ocampos · 37&rsquor; Ivan Rakitić · 60&rsquor;",4,0,"https://fbref.com/en/matches/11176e0f/Cadiz-Sevilla-October-28-2023-La-Liga","Sevilla","Away",NA,990,603,536,63,21,0,7,31,32,4,2,2,0,492,4,14
"La Liga","2023-10-29","La Liga (Matchweek 11)","Real Betis","4-2-3-1",2,1.2,"Willian José · 45+1&rsquor; Isco · 90+4&rsquor;",3,0,"Osasuna","4-2-3-1",1,0.4,"Rubén García · 85&rsquor;",4,0,"https://fbref.com/en/matches/0c248bda/Real-Betis-Osasuna-October-29-2023-La-Liga","Real Betis","Home",NA,990,488,416,71,26,0,4,22,30,6,3,0,0,381,1,12
"La Liga","2023-10-29","La Liga (Matchweek 11)","Real Betis","4-2-3-1",2,1.2,"Willian José · 45+1&rsquor; Isco · 90+4&rsquor;",3,0,"Osasuna","4-2-3-1",1,0.4,"Rubén García · 85&rsquor;",4,0,"https://fbref.com/en/matches/0c248bda/Real-Betis-Osasuna-October-29-2023-La-Liga","Osasuna","Away",NA,990,471,428,42,11,1,2,16,17,3,0,3,0,354,1,13
"La Liga","2023-10-29","La Liga (Matchweek 11)","Rayo Vallecano","4-4-1-1",2,1,"Abdul Mumin · 31&rsquor; Bebé · 90+1&rsquor;",3,0,"Real Sociedad","4-1-4-1",2,2,"Mikel Oyarzabal · 41&rsquor; Mikel Oyarzabal (P) · 66&rsquor;",2,0,"https://fbref.com/en/matches/0e7c5910/Rayo-Vallecano-Real-Sociedad-October-29-2023-La-Liga","Rayo Vallecano","Home",NA,990,488,425,61,16,1,7,18,29,4,0,1,1,383,2,10
"La Liga","2023-10-29","La Liga (Matchweek 11)","Rayo Vallecano","4-4-1-1",2,1,"Abdul Mumin · 31&rsquor; Bebé · 90+1&rsquor;",3,0,"Real Sociedad","4-1-4-1",2,2,"Mikel Oyarzabal · 41&rsquor; Mikel Oyarzabal (P) · 66&rsquor;",2,0,"https://fbref.com/en/matches/0e7c5910/Rayo-Vallecano-Real-Sociedad-October-29-2023-La-Liga","Real Sociedad","Away",NA,990,396,333,60,17,0,3,14,28,5,2,3,0,279,3,11
"La Liga","2023-10-29","La Liga (Matchweek 11)","Athletic Club","4-2-3-1",2,1.9,"Óscar de Marcos · 32&rsquor; Álex Berenguer · 90+7&rsquor;",3,0,"Valencia","4-4-2",2,1.9,"Francisco Perez · 62&rsquor; Hugo Duro · 68&rsquor;",1,0,"https://fbref.com/en/matches/73bdd066/Athletic-Club-Valencia-October-29-2023-La-Liga","Athletic Club","Home",NA,990,564,500,61,11,2,2,29,31,10,3,4,0,446,3,6
"La Liga","2023-10-29","La Liga (Matchweek 11)","Athletic Club","4-2-3-1",2,1.9,"Óscar de Marcos · 32&rsquor; Álex Berenguer · 90+7&rsquor;",3,0,"Valencia","4-4-2",2,1.9,"Francisco Perez · 62&rsquor; Hugo Duro · 68&rsquor;",1,0,"https://fbref.com/en/matches/73bdd066/Athletic-Club-Valencia-October-29-2023-La-Liga","Valencia","Away",NA,990,423,366,55,14,1,3,11,26,4,1,1,0,303,2,12
"La Liga","2023-10-29","La Liga (Matchweek 11)","Atlético Madrid","3-5-2",2,1.3,"Rodrigo Riquelme · 26&rsquor; Álvaro Morata · 45+1&rsquor;",3,0,"Alavés","4-2-3-1",1,0.5,"Ander Guevara · 90+6&rsquor;",2,0,"https://fbref.com/en/matches/a4771eec/Atletico-Madrid-Alaves-October-29-2023-La-Liga","Atlético Madrid","Home",NA,990,774,728,41,12,6,6,16,17,4,2,1,0,682,5,6
"La Liga","2023-10-29","La Liga (Matchweek 11)","Atlético Madrid","3-5-2",2,1.3,"Rodrigo Riquelme · 26&rsquor; Álvaro Morata · 45+1&rsquor;",3,0,"Alavés","4-2-3-1",1,0.5,"Ander Guevara · 90+6&rsquor;",2,0,"https://fbref.com/en/matches/a4771eec/Atletico-Madrid-Alaves-October-29-2023-La-Liga","Alavés","Away",NA,990,448,400,47,15,0,3,27,17,4,2,0,0,352,1,11
"La Liga","2023-10-30","La Liga (Matchweek 11)","Granada","4-2-3-1",2,2.1,"Ricard Sánchez · 29&rsquor; Myrto Uzuni · 34&rsquor;",0,0,"Villarreal","4-4-2",3,1.6,"Gerard Moreno · 18&rsquor; Gerard Moreno (P) · 23&rsquor; Alexander Sørloth · 28&rsquor;",4,0,"https://fbref.com/en/matches/c3aa20c5/Granada-Villarreal-October-30-2023-La-Liga","Granada","Home",NA,990,451,397,54,19,4,3,28,25,4,2,0,0,355,0,6
"La Liga","2023-10-30","La Liga (Matchweek 11)","Granada","4-2-3-1",2,2.1,"Ricard Sánchez · 29&rsquor; Myrto Uzuni · 34&rsquor;",0,0,"Villarreal","4-4-2",3,1.6,"Gerard Moreno · 18&rsquor; Gerard Moreno (P) · 23&rsquor; Alexander Sørloth · 28&rsquor;",4,0,"https://fbref.com/en/matches/c3aa20c5/Granada-Villarreal-October-30-2023-La-Liga","Villarreal","Away",NA,990,537,485,48,13,3,2,8,22,1,0,0,0,450,4,10
"La Liga","2023-11-03","La Liga (Matchweek 12)","Las Palmas","4-5-1",2,0.4,"Kirian Rodríguez · 51&rsquor; Benito Ramírez · 75&rsquor;",0,0,"Atlético Madrid","5-3-2",1,1.2,"Álvaro Morata · 83&rsquor;",3,0,"https://fbref.com/en/matches/52e1b035/Las-Palmas-Atletico-Madrid-November-3-2023-La-Liga","Las Palmas","Home",NA,990,583,547,35,12,1,3,12,17,3,0,2,0,488,1,13
"La Liga","2023-11-03","La Liga (Matchweek 12)","Las Palmas","4-5-1",2,0.4,"Kirian Rodríguez · 51&rsquor; Benito Ramírez · 75&rsquor;",0,0,"Atlético Madrid","5-3-2",1,1.2,"Álvaro Morata · 83&rsquor;",3,0,"https://fbref.com/en/matches/52e1b035/Las-Palmas-Atletico-Madrid-November-3-2023-La-Liga","Atlético Madrid","Away",NA,990,533,476,54,13,6,7,17,24,4,0,3,0,415,3,17
"La Liga","2023-11-04","La Liga (Matchweek 12)","Osasuna","4-2-3-1",2,1.4,"Ante Budimir · 25&rsquor; Ante Budimir · 55&rsquor;",5,0,"Girona","3-4-3",4,2.2,"Iván Martín · 16&rsquor; Artem Dovbyk · 71&rsquor; Viktor Tsyhankov · 80&rsquor; Aleix García · 90&rsquor;",3,0,"https://fbref.com/en/matches/2060ad55/Osasuna-Girona-November-4-2023-La-Liga","Osasuna","Home",NA,990,478,423,55,15,0,6,19,18,2,0,2,0,381,0,11
"La Liga","2023-11-04","La Liga (Matchweek 12)","Osasuna","4-2-3-1",2,1.4,"Ante Budimir · 25&rsquor; Ante Budimir · 55&rsquor;",5,0,"Girona","3-4-3",4,2.2,"Iván Martín · 16&rsquor; Artem Dovbyk · 71&rsquor; Viktor Tsyhankov · 80&rsquor; Aleix García · 90&rsquor;",3,0,"https://fbref.com/en/matches/2060ad55/Osasuna-Girona-November-4-2023-La-Liga","Girona","Away",NA,990,475,433,37,12,0,4,24,8,7,3,3,0,391,5,4
"La Liga","2023-11-04","La Liga (Matchweek 12)","Real Betis","4-2-3-1",2,2.2,"Willian José · 7&rsquor; Ayoze Pérez · 65&rsquor;",1,0,"Mallorca","5-3-2",0,0.6,"Omar Mascarell · 45&rsquor;",5,1,"https://fbref.com/en/matches/0d1db511/Real-Betis-Mallorca-November-4-2023-La-Liga","Real Betis","Home",NA,990,527,476,49,17,0,9,16,16,6,2,3,0,445,2,5
"La Liga","2023-11-04","La Liga (Matchweek 12)","Real Betis","4-2-3-1",2,2.2,"Willian José · 7&rsquor; Ayoze Pérez · 65&rsquor;",1,0,"Mallorca","5-3-2",0,0.6,"Omar Mascarell · 45&rsquor;",5,1,"https://fbref.com/en/matches/0d1db511/Real-Betis-Mallorca-November-4-2023-La-Liga","Mallorca","Away",NA,944,403,352,49,13,0,4,17,19,1,0,1,0,302,2,10
"La Liga","2023-11-04","La Liga (Matchweek 12)","Celta Vigo","4-4-2",1,2.1,"Carl Starfelt · 22&rsquor; Renato Tapia · 65&rsquor;",3,1,"Sevilla","4-3-3",1,0.9,"Youssef En-Nesyri · 84&rsquor;",5,0,"https://fbref.com/en/matches/133dffca/Celta-Vigo-Sevilla-November-4-2023-La-Liga","Celta Vigo","Home",NA,964,387,342,44,10,1,0,17,20,4,3,1,0,287,1,13
"La Liga","2023-11-04","La Liga (Matchweek 12)","Celta Vigo","4-4-2",1,2.1,"Carl Starfelt · 22&rsquor; Renato Tapia · 65&rsquor;",3,1,"Sevilla","4-3-3",1,0.9,"Youssef En-Nesyri · 84&rsquor;",5,0,"https://fbref.com/en/matches/133dffca/Celta-Vigo-Sevilla-November-4-2023-La-Liga","Sevilla","Away",NA,990,608,544,63,14,0,8,42,31,6,1,4,0,485,1,17
"La Liga","2023-11-04","La Liga (Matchweek 12)","Real Sociedad","4-3-3",0,0.9,"",3,0,"Barcelona","3-4-1-2",1,1.2,"Ronald Araújo · 90+2&rsquor;",3,0,"https://fbref.com/en/matches/a81185c4/Real-Sociedad-Barcelona-November-4-2023-La-Liga","Real Sociedad","Home",NA,990,442,397,43,9,1,3,20,20,8,5,2,0,351,2,9
"La Liga","2023-11-04","La Liga (Matchweek 12)","Real Sociedad","4-3-3",0,0.9,"",3,0,"Barcelona","3-4-1-2",1,1.2,"Ronald Araújo · 90+2&rsquor;",3,0,"https://fbref.com/en/matches/a81185c4/Real-Sociedad-Barcelona-November-4-2023-La-Liga","Barcelona","Away",NA,990,423,373,49,17,0,2,8,19,3,0,3,0,354,1,4
"La Liga","2023-11-05","La Liga (Matchweek 12)","Alavés","4-2-3-1",1,2.4,"Aleksandar Sedlar · 79&rsquor;",2,0,"Almería","4-2-3-1",0,0.5,"",3,0,"https://fbref.com/en/matches/f68f1f5c/Alaves-Almeria-November-5-2023-La-Liga","Alavés","Home",NA,990,401,333,67,14,0,4,32,33,12,2,5,0,296,1,10
"La Liga","2023-11-05","La Liga (Matchweek 12)","Alavés","4-2-3-1",1,2.4,"Aleksandar Sedlar · 79&rsquor;",2,0,"Almería","4-2-3-1",0,0.5,"",3,0,"https://fbref.com/en/matches/f68f1f5c/Alaves-Almeria-November-5-2023-La-Liga","Almería","Away",NA,990,309,246,62,12,0,1,14,23,6,3,1,0,213,1,9
"La Liga","2023-11-05","La Liga (Matchweek 12)","Valencia","4-4-2",1,1.2,"José Luis García Vayá (P) · 45+7&rsquor;",3,0,"Granada","4-2-3-1",0,0.5,"",5,0,"https://fbref.com/en/matches/6bc552c2/Valencia-Granada-November-5-2023-La-Liga","Valencia","Home",NA,990,444,392,51,14,2,4,6,31,0,0,0,0,331,1,8
"La Liga","2023-11-05","La Liga (Matchweek 12)","Valencia","4-4-2",1,1.2,"José Luis García Vayá (P) · 45+7&rsquor;",3,0,"Granada","4-2-3-1",0,0.5,"",5,0,"https://fbref.com/en/matches/6bc552c2/Valencia-Granada-November-5-2023-La-Liga","Granada","Away",NA,990,428,360,66,19,2,1,14,34,4,2,2,0,320,2,10
"La Liga","2023-11-05","La Liga (Matchweek 12)","Villarreal","4-4-2",2,2.1,"Gerard Moreno · 86&rsquor; Alexander Sørloth · 87&rsquor;",4,0,"Athletic Club","4-2-3-1",3,2.3,"Iñigo Ruiz de Galarreta · 2&rsquor; Nico Williams · 22&rsquor; Iñaki Williams · 30&rsquor;",4,0,"https://fbref.com/en/matches/d3edf2ae/Villarreal-Athletic-Club-November-5-2023-La-Liga","Villarreal","Home",NA,990,575,507,63,23,3,5,21,19,9,7,1,0,481,5,12
"La Liga","2023-11-05","La Liga (Matchweek 12)","Villarreal","4-4-2",2,2.1,"Gerard Moreno · 86&rsquor; Alexander Sørloth · 87&rsquor;",4,0,"Athletic Club","4-2-3-1",3,2.3,"Iñigo Ruiz de Galarreta · 2&rsquor; Nico Williams · 22&rsquor; Iñaki Williams · 30&rsquor;",4,0,"https://fbref.com/en/matches/d3edf2ae/Villarreal-Athletic-Club-November-5-2023-La-Liga","Athletic Club","Away",NA,990,425,371,49,16,5,2,12,17,3,3,0,0,315,5,7
"La Liga","2023-11-05","La Liga (Matchweek 12)","Real Madrid","4-3-1-2",0,2.2,"",3,0,"Rayo Vallecano","4-1-4-1",0,0.1,"",5,0,"https://fbref.com/en/matches/ff452d69/Real-Madrid-Rayo-Vallecano-November-5-2023-La-Liga","Real Madrid","Home",NA,990,598,543,53,15,5,8,31,24,11,3,4,0,501,2,15
"La Liga","2023-11-05","La Liga (Matchweek 12)","Real Madrid","4-3-1-2",0,2.2,"",3,0,"Rayo Vallecano","4-1-4-1",0,0.1,"",5,0,"https://fbref.com/en/matches/ff452d69/Real-Madrid-Rayo-Vallecano-November-5-2023-La-Liga","Rayo Vallecano","Away",NA,990,351,299,50,14,0,1,9,17,1,0,0,1,259,2,11
"La Liga","2023-11-06","La Liga (Matchweek 12)","Getafe","4-4-2",1,1.2,"Djené · 44&rsquor; Borja Mayoral · 76&rsquor;",8,1,"Cádiz","4-4-2",0,0.5,"",1,0,"https://fbref.com/en/matches/ed5f02e2/Getafe-Cadiz-November-6-2023-La-Liga","Getafe","Home",NA,943,367,303,63,16,0,7,18,28,6,3,3,0,246,1,6
"La Liga","2023-11-06","La Liga (Matchweek 12)","Getafe","4-4-2",1,1.2,"Djené · 44&rsquor; Borja Mayoral · 76&rsquor;",8,1,"Cádiz","4-4-2",0,0.5,"",1,0,"https://fbref.com/en/matches/ed5f02e2/Getafe-Cadiz-November-6-2023-La-Liga","Cádiz","Away",NA,990,441,382,54,19,0,7,20,22,3,2,0,0,314,5,10
"La Liga","2023-11-10","La Liga (Matchweek 13)","Athletic Club","4-2-3-1",4,4.6,"Oihan Sancet · 37&rsquor; Gorka Guruzeta · 45+5&rsquor; Gorka Guruzeta · 52&rsquor; Álex Berenguer (P) · 90+8&rsquor;",2,0,"Celta Vigo","4-4-2",3,2.1,"Iago Aspas · 25&rsquor; Jonathan Bamba · 41&rsquor; Jørgen Strand Larsen · 66&rsquor;",2,0,"https://fbref.com/en/matches/bdde04ef/Athletic-Club-Celta-Vigo-November-10-2023-La-Liga","Athletic Club","Home",NA,990,546,493,51,15,1,6,31,20,7,2,3,0,434,2,9
"La Liga","2023-11-10","La Liga (Matchweek 13)","Athletic Club","4-2-3-1",4,4.6,"Oihan Sancet · 37&rsquor; Gorka Guruzeta · 45+5&rsquor; Gorka Guruzeta · 52&rsquor; Álex Berenguer (P) · 90+8&rsquor;",2,0,"Celta Vigo","4-4-2",3,2.1,"Iago Aspas · 25&rsquor; Jonathan Bamba · 41&rsquor; Jørgen Strand Larsen · 66&rsquor;",2,0,"https://fbref.com/en/matches/bdde04ef/Athletic-Club-Celta-Vigo-November-10-2023-La-Liga","Celta Vigo","Away",NA,990,403,354,46,16,1,3,8,18,2,1,1,0,288,3,8
"La Liga","2023-11-11","La Liga (Matchweek 13)","Rayo Vallecano","4-4-2",1,1.7,"Álvaro García · 5&rsquor;",1,0,"Girona","3-4-3",2,4.5,"Artem Dovbyk · 42&rsquor; Sávio · 65&rsquor;",2,0,"https://fbref.com/en/matches/5f383bb2/Rayo-Vallecano-Girona-November-11-2023-La-Liga","Rayo Vallecano","Home",NA,990,483,427,55,14,1,8,29,21,8,4,2,0,389,1,7
"La Liga","2023-11-11","La Liga (Matchweek 13)","Rayo Vallecano","4-4-2",1,1.7,"Álvaro García · 5&rsquor;",1,0,"Girona","3-4-3",2,4.5,"Artem Dovbyk · 42&rsquor; Sávio · 65&rsquor;",2,0,"https://fbref.com/en/matches/5f383bb2/Rayo-Vallecano-Girona-November-11-2023-La-Liga","Girona","Away",NA,990,563,506,56,15,1,4,20,22,3,1,2,0,481,1,6
"La Liga","2023-11-11","La Liga (Matchweek 13)","Almería","4-2-3-1",1,0.4,"Sergio Arribas · 76&rsquor;",3,0,"Real Sociedad","4-1-3-2",3,2.4,"Mikel Oyarzabal · 62&rsquor; Carlos Fernández (P) · 90+1&rsquor; Martín Zubimendi · 90+5&rsquor;",2,0,"https://fbref.com/en/matches/499da981/Almeria-Real-Sociedad-November-11-2023-La-Liga","Almería","Home",NA,990,344,281,58,22,0,2,16,19,5,3,1,0,225,5,7
"La Liga","2023-11-11","La Liga (Matchweek 13)","Almería","4-2-3-1",1,0.4,"Sergio Arribas · 76&rsquor;",3,0,"Real Sociedad","4-1-3-2",3,2.4,"Mikel Oyarzabal · 62&rsquor; Carlos Fernández (P) · 90+1&rsquor; Martín Zubimendi · 90+5&rsquor;",2,0,"https://fbref.com/en/matches/499da981/Almeria-Real-Sociedad-November-11-2023-La-Liga","Real Sociedad","Away",NA,990,395,335,56,21,1,7,18,23,5,1,4,0,291,4,9
"La Liga","2023-11-11","La Liga (Matchweek 13)","Granada","4-2-2-2",1,1.7,"Gonzalo Villar · 45+4&rsquor;",4,0,"Getafe","4-2-3-1",1,2.3,"Borja Mayoral · 2&rsquor;",2,0,"https://fbref.com/en/matches/da4c3931/Granada-Getafe-November-11-2023-La-Liga","Granada","Home",NA,990,520,466,49,12,1,2,14,25,3,2,0,0,379,5,8
"La Liga","2023-11-11","La Liga (Matchweek 13)","Granada","4-2-2-2",1,1.7,"Gonzalo Villar · 45+4&rsquor;",4,0,"Getafe","4-2-3-1",1,2.3,"Borja Mayoral · 2&rsquor;",2,0,"https://fbref.com/en/matches/da4c3931/Granada-Getafe-November-11-2023-La-Liga","Getafe","Away",NA,990,379,320,56,19,0,9,18,24,5,1,4,0,240,3,12
"La Liga","2023-11-11","La Liga (Matchweek 13)","Osasuna","4-2-3-1",1,1,"Ante Budimir · 73&rsquor;",1,0,"Las Palmas","4-1-4-1",1,0.4,"Alberto Moleiro · 70&rsquor;",1,0,"https://fbref.com/en/matches/52845bb5/Osasuna-Las-Palmas-November-11-2023-La-Liga","Osasuna","Home",NA,990,474,427,46,13,1,2,29,21,8,5,2,0,338,1,12
"La Liga","2023-11-11","La Liga (Matchweek 13)","Osasuna","4-2-3-1",1,1,"Ante Budimir · 73&rsquor;",1,0,"Las Palmas","4-1-4-1",1,0.4,"Alberto Moleiro · 70&rsquor;",1,0,"https://fbref.com/en/matches/52845bb5/Osasuna-Las-Palmas-November-11-2023-La-Liga","Las Palmas","Away",NA,990,563,502,58,25,1,2,10,18,3,1,0,0,438,3,12
"La Liga","2023-11-11","La Liga (Matchweek 13)","Real Madrid","4-4-2",5,1.7,"Dani Carvajal · 3&rsquor; Vinicius Júnior · 42&rsquor; Vinicius Júnior · 49&rsquor; Rodrygo · 50&rsquor; Rodrygo · 84&rsquor;",1,0,"Valencia","4-2-3-1",1,1.7,"Hugo Duro · 88&rsquor;",3,0,"https://fbref.com/en/matches/1cb4d5cc/Real-Madrid-Valencia-November-11-2023-La-Liga","Real Madrid","Home",NA,990,589,534,51,23,3,10,7,15,4,1,0,0,522,4,4
"La Liga","2023-11-11","La Liga (Matchweek 13)","Real Madrid","4-4-2",5,1.7,"Dani Carvajal · 3&rsquor; Vinicius Júnior · 42&rsquor; Vinicius Júnior · 49&rsquor; Rodrygo · 50&rsquor; Rodrygo · 84&rsquor;",1,0,"Valencia","4-2-3-1",1,1.7,"Hugo Duro · 88&rsquor;",3,0,"https://fbref.com/en/matches/1cb4d5cc/Real-Madrid-Valencia-November-11-2023-La-Liga","Valencia","Away",NA,990,470,423,47,11,2,3,21,20,4,0,1,0,393,0,8
"La Liga","2023-11-12","La Liga (Matchweek 13)","Barcelona","4-2-3-1",2,1.6,"Robert Lewandowski · 53&rsquor; Robert Lewandowski (P) · 78&rsquor;",2,0,"Alavés","5-4-1",1,1.7,"Samu Omorodion · 1&rsquor;",1,0,"https://fbref.com/en/matches/3541e819/Barcelona-Alaves-November-12-2023-La-Liga","Barcelona","Home",NA,990,793,753,37,10,7,5,24,15,2,2,0,0,691,3,13
"La Liga","2023-11-12","La Liga (Matchweek 13)","Barcelona","4-2-3-1",2,1.6,"Robert Lewandowski · 53&rsquor; Robert Lewandowski (P) · 78&rsquor;",2,0,"Alavés","5-4-1",1,1.7,"Samu Omorodion · 1&rsquor;",1,0,"https://fbref.com/en/matches/3541e819/Barcelona-Alaves-November-12-2023-La-Liga","Alavés","Away",NA,990,317,277,38,13,0,3,9,8,1,0,1,0,209,2,9
"La Liga","2023-11-12","La Liga (Matchweek 13)","Sevilla","4-1-4-1",1,0.7,"Ivan Rakitić · 79&rsquor;",1,0,"Real Betis","4-2-3-1",1,1.8,"Ayoze Pérez · 72&rsquor;",1,0,"https://fbref.com/en/matches/f4e8506b/Sevilla-Real-Betis-November-12-2023-La-Liga","Sevilla","Home",NA,990,528,464,60,14,1,6,37,28,9,4,4,0,415,4,15
"La Liga","2023-11-12","La Liga (Matchweek 13)","Sevilla","4-1-4-1",1,0.7,"Ivan Rakitić · 79&rsquor;",1,0,"Real Betis","4-2-3-1",1,1.8,"Ayoze Pérez · 72&rsquor;",1,0,"https://fbref.com/en/matches/f4e8506b/Sevilla-Real-Betis-November-12-2023-La-Liga","Real Betis","Away",NA,990,341,284,56,21,1,2,18,18,5,2,3,0,252,1,7
"La Liga","2023-11-12","La Liga (Matchweek 13)","Atlético Madrid","3-5-2",3,3.9,"Axel Witsel · 45+1&rsquor; Antoine Griezmann · 80&rsquor; Samuel Lino · 85&rsquor;",0,0,"Villarreal","4-4-2",1,0.8,"Gerard Moreno · 20&rsquor;",2,0,"https://fbref.com/en/matches/cadb3e6a/Atletico-Madrid-Villarreal-November-12-2023-La-Liga","Atlético Madrid","Home",NA,990,608,566,35,9,0,3,37,14,6,2,3,0,517,7,9
"La Liga","2023-11-12","La Liga (Matchweek 13)","Atlético Madrid","3-5-2",3,3.9,"Axel Witsel · 45+1&rsquor; Antoine Griezmann · 80&rsquor; Samuel Lino · 85&rsquor;",0,0,"Villarreal","4-4-2",1,0.8,"Gerard Moreno · 20&rsquor;",2,0,"https://fbref.com/en/matches/cadb3e6a/Atletico-Madrid-Villarreal-November-12-2023-La-Liga","Villarreal","Away",NA,990,612,562,49,15,1,5,3,11,3,2,0,0,537,1,9
"La Liga","2023-11-24","La Liga (Matchweek 14)","Alavés","4-2-3-1",3,0.8,"Raúl Torrente (OG) · 11&rsquor; Abderrahman Rebbach · 38&rsquor; Samu Omorodion · 55&rsquor;",1,0,"Granada","4-3-3",1,1.1,"Myrto Uzuni (P) · 86&rsquor;",3,0,"https://fbref.com/en/matches/7e1b64b6/Alaves-Granada-November-24-2023-La-Liga","Alavés","Home",NA,990,387,337,48,14,3,4,17,21,6,4,1,0,284,2,9
"La Liga","2023-11-24","La Liga (Matchweek 14)","Alavés","4-2-3-1",3,0.8,"Raúl Torrente (OG) · 11&rsquor; Abderrahman Rebbach · 38&rsquor; Samu Omorodion · 55&rsquor;",1,0,"Granada","4-3-3",1,1.1,"Myrto Uzuni (P) · 86&rsquor;",3,0,"https://fbref.com/en/matches/7e1b64b6/Alaves-Granada-November-24-2023-La-Liga","Granada","Away",NA,990,515,463,51,11,4,6,17,27,2,1,1,0,420,1,9
"La Liga","2023-11-25","La Liga (Matchweek 14)","Rayo Vallecano","4-4-2",1,0.7,"Unai López · 39&rsquor;",3,0,"Barcelona","4-2-3-1",1,1,"Florian Lejeune (OG) · 82&rsquor;",4,0,"https://fbref.com/en/matches/01f34256/Rayo-Vallecano-Barcelona-November-25-2023-La-Liga","Rayo Vallecano","Home",NA,990,322,277,43,15,4,1,7,14,1,1,0,0,231,2,11
"La Liga","2023-11-25","La Liga (Matchweek 14)","Rayo Vallecano","4-4-2",1,0.7,"Unai López · 39&rsquor;",3,0,"Barcelona","4-2-3-1",1,1,"Florian Lejeune (OG) · 82&rsquor;",4,0,"https://fbref.com/en/matches/01f34256/Rayo-Vallecano-Barcelona-November-25-2023-La-Liga","Barcelona","Away",NA,990,640,583,55,24,7,4,12,20,4,0,3,0,564,2,13
"La Liga","2023-11-25","La Liga (Matchweek 14)","Valencia","4-4-2",0,0.5,"",3,0,"Celta Vigo","4-4-2",0,0.8,"",2,0,"https://fbref.com/en/matches/c7b4a2f1/Valencia-Celta-Vigo-November-25-2023-La-Liga","Valencia","Home",NA,990,528,477,51,7,1,4,21,29,5,1,1,0,411,0,14
"La Liga","2023-11-25","La Liga (Matchweek 14)","Valencia","4-4-2",0,0.5,"",3,0,"Celta Vigo","4-4-2",0,0.8,"",2,0,"https://fbref.com/en/matches/c7b4a2f1/Valencia-Celta-Vigo-November-25-2023-La-Liga","Celta Vigo","Away",NA,990,439,387,51,12,0,2,17,22,7,5,2,0,312,1,15
"La Liga","2023-11-25","La Liga (Matchweek 14)","Getafe","4-4-2",2,1.2,"Mason Greenwood · 33&rsquor; Borja Mayoral · 45&rsquor;",2,0,"Almería","4-2-3-1",1,1.8,"Largie Ramazani · 7&rsquor;",4,0,"https://fbref.com/en/matches/db6cf568/Getafe-Almeria-November-25-2023-La-Liga","Getafe","Home",NA,990,470,422,47,11,1,10,18,22,3,1,1,0,342,1,13
"La Liga","2023-11-25","La Liga (Matchweek 14)","Getafe","4-4-2",2,1.2,"Mason Greenwood · 33&rsquor; Borja Mayoral · 45&rsquor;",2,0,"Almería","4-2-3-1",1,1.8,"Largie Ramazani · 7&rsquor;",4,0,"https://fbref.com/en/matches/db6cf568/Getafe-Almeria-November-25-2023-La-Liga","Almería","Away",NA,990,415,351,60,13,6,1,16,28,6,3,1,0,273,4,6
"La Liga","2023-11-25","La Liga (Matchweek 14)","Atlético Madrid","3-4-3",1,1.7,"Antoine Griezmann · 64&rsquor;",0,0,"Mallorca","5-4-1",0,1.1,"",0,0,"https://fbref.com/en/matches/16b9ac5f/Atletico-Madrid-Mallorca-November-25-2023-La-Liga","Atlético Madrid","Home",NA,990,706,649,55,20,2,5,21,18,7,1,3,0,598,2,16
"La Liga","2023-11-25","La Liga (Matchweek 14)","Atlético Madrid","3-4-3",1,1.7,"Antoine Griezmann · 64&rsquor;",0,0,"Mallorca","5-4-1",0,1.1,"",0,0,"https://fbref.com/en/matches/16b9ac5f/Atletico-Madrid-Mallorca-November-25-2023-La-Liga","Mallorca","Away",NA,990,338,290,47,9,3,1,16,16,3,3,0,0,252,1,6
"La Liga","2023-11-26","La Liga (Matchweek 14)","Villarreal","4-4-2",3,2.4,"José Luis Morales · 57&rsquor; José Luis Morales · 71&rsquor; José Luis Morales · 80&rsquor;",0,0,"Osasuna","4-2-3-1",1,1,"Catena · 78&rsquor;",0,0,"https://fbref.com/en/matches/39aeccb8/Villarreal-Osasuna-November-26-2023-La-Liga","Villarreal","Home",NA,990,495,439,53,17,2,8,11,21,2,1,0,0,401,3,8
"La Liga","2023-11-26","La Liga (Matchweek 14)","Villarreal","4-4-2",3,2.4,"José Luis Morales · 57&rsquor; José Luis Morales · 71&rsquor; José Luis Morales · 80&rsquor;",0,0,"Osasuna","4-2-3-1",1,1,"Catena · 78&rsquor;",0,0,"https://fbref.com/en/matches/39aeccb8/Villarreal-Osasuna-November-26-2023-La-Liga","Osasuna","Away",NA,990,607,563,41,12,2,7,36,19,4,2,1,0,492,3,9
"La Liga","2023-11-26","La Liga (Matchweek 14)","Real Sociedad","4-4-2",2,0.7,"Marko Dmitrović (OG) · 3&rsquor; Umar Sadiq · 22&rsquor;",2,0,"Sevilla","4-2-3-1",1,0.6,"Youssef En-Nesyri · 60&rsquor; Sergio Ramos · 88&rsquor; Jesús Navas · 88&rsquor;",1,2,"https://fbref.com/en/matches/6693ba62/Real-Sociedad-Sevilla-November-26-2023-La-Liga","Real Sociedad","Home",NA,990,442,391,51,9,3,3,11,30,4,2,0,0,331,0,6
"La Liga","2023-11-26","La Liga (Matchweek 14)","Real Sociedad","4-4-2",2,0.7,"Marko Dmitrović (OG) · 3&rsquor; Umar Sadiq · 22&rsquor;",2,0,"Sevilla","4-2-3-1",1,0.6,"Youssef En-Nesyri · 60&rsquor; Sergio Ramos · 88&rsquor; Jesús Navas · 88&rsquor;",1,2,"https://fbref.com/en/matches/6693ba62/Real-Sociedad-Sevilla-November-26-2023-La-Liga","Sevilla","Away",NA,984,461,400,59,22,1,8,21,24,4,1,3,0,343,2,12
"La Liga","2023-11-26","La Liga (Matchweek 14)","Cádiz","5-4-1",0,1.2,"",3,0,"Real Madrid","4-2-2-2",3,1.6,"Rodrygo · 14&rsquor; Rodrygo · 64&rsquor; Jude Bellingham · 74&rsquor;",3,0,"https://fbref.com/en/matches/5d52e4e2/Cadiz-Real-Madrid-November-26-2023-La-Liga","Cádiz","Home",NA,990,448,402,45,14,0,8,24,16,4,2,0,0,370,1,8
"La Liga","2023-11-26","La Liga (Matchweek 14)","Cádiz","5-4-1",0,1.2,"",3,0,"Real Madrid","4-2-2-2",3,1.6,"Rodrygo · 14&rsquor; Rodrygo · 64&rsquor; Jude Bellingham · 74&rsquor;",3,0,"https://fbref.com/en/matches/5d52e4e2/Cadiz-Real-Madrid-November-26-2023-La-Liga","Real Madrid","Away",NA,990,687,646,40,16,2,5,12,13,4,0,3,0,622,1,6
"La Liga","2023-11-26","La Liga (Matchweek 14)","Real Betis","4-2-3-1",1,1.4,"Willian José · 19&rsquor;",1,0,"Las Palmas","4-1-4-1",0,0.6,"",2,0,"https://fbref.com/en/matches/835e91b9/Real-Betis-Las-Palmas-November-26-2023-La-Liga","Real Betis","Home",NA,990,442,390,47,16,1,1,13,13,7,2,3,1,352,5,9
"La Liga","2023-11-26","La Liga (Matchweek 14)","Real Betis","4-2-3-1",1,1.4,"Willian José · 19&rsquor;",1,0,"Las Palmas","4-1-4-1",0,0.6,"",2,0,"https://fbref.com/en/matches/835e91b9/Real-Betis-Las-Palmas-November-26-2023-La-Liga","Las Palmas","Away",NA,990,678,635,39,12,2,1,25,14,6,1,4,1,579,4,17
"La Liga","2023-11-27","La Liga (Matchweek 14)","Girona","4-4-1-1",1,1.3,"Viktor Tsyhankov · 55&rsquor;",1,0,"Athletic Club","4-2-3-1",1,1.5,"Iñaki Williams · 67&rsquor;",1,0,"https://fbref.com/en/matches/aef6bb51/Girona-Athletic-Club-November-27-2023-La-Liga","Girona","Home",NA,990,655,615,38,18,1,13,15,13,2,2,0,0,575,2,8
"La Liga","2023-11-27","La Liga (Matchweek 14)","Girona","4-4-1-1",1,1.3,"Viktor Tsyhankov · 55&rsquor;",1,0,"Athletic Club","4-2-3-1",1,1.5,"Iñaki Williams · 67&rsquor;",1,0,"https://fbref.com/en/matches/aef6bb51/Girona-Athletic-Club-November-27-2023-La-Liga","Athletic Club","Away",NA,990,440,391,47,10,1,2,32,19,6,2,3,0,349,2,5
"La Liga","2023-11-29","La Liga (Matchweek 13)","Mallorca","5-3-2",1,1.1,"Abdón Prats · 45+1&rsquor;",2,0,"Cádiz","4-4-2",1,0.3,"Rubén Alcaraz · 12&rsquor;",3,0,"https://fbref.com/en/matches/12f1bd76/Mallorca-Cadiz-November-29-2023-La-Liga","Mallorca","Home",NA,990,507,440,63,17,3,10,35,31,7,3,3,0,374,4,8
"La Liga","2023-11-29","La Liga (Matchweek 13)","Mallorca","5-3-2",1,1.1,"Abdón Prats · 45+1&rsquor;",2,0,"Cádiz","4-4-2",1,0.3,"Rubén Alcaraz · 12&rsquor;",3,0,"https://fbref.com/en/matches/12f1bd76/Mallorca-Cadiz-November-29-2023-La-Liga","Cádiz","Away",NA,990,245,191,54,16,0,2,8,20,0,0,0,0,139,0,4
"La Liga","2023-12-01","La Liga (Matchweek 15)","Las Palmas","4-5-1",2,1.5,"Julian Araujo · 43&rsquor; Cristian Herrera · 90+2&rsquor;",0,0,"Getafe","4-4-1-1",0,0.9,"Omar Alderete · 48&rsquor;",5,1,"https://fbref.com/en/matches/43a9a3f9/Las-Palmas-Getafe-December-1-2023-La-Liga","Las Palmas","Home",NA,990,716,671,41,10,7,2,8,18,4,1,3,0,612,4,7
"La Liga","2023-12-01","La Liga (Matchweek 15)","Las Palmas","4-5-1",2,1.5,"Julian Araujo · 43&rsquor; Cristian Herrera · 90+2&rsquor;",0,0,"Getafe","4-4-1-1",0,0.9,"Omar Alderete · 48&rsquor;",5,1,"https://fbref.com/en/matches/43a9a3f9/Las-Palmas-Getafe-December-1-2023-La-Liga","Getafe","Away",NA,947,313,261,50,15,0,10,18,22,4,4,0,0,198,2,5
"La Liga","2023-12-02","La Liga (Matchweek 15)","Girona","3-4-3",2,1.6,"Cristhian Stuani · 82&rsquor; Cristhian Stuani · 88&rsquor;",3,0,"Valencia","4-4-2",1,1,"Hugo Duro · 56&rsquor;",3,0,"https://fbref.com/en/matches/3a6cf7d9/Girona-Valencia-December-2-2023-La-Liga","Girona","Home",NA,990,730,686,36,8,1,17,33,19,3,3,0,0,624,8,8
"La Liga","2023-12-02","La Liga (Matchweek 15)","Girona","3-4-3",2,1.6,"Cristhian Stuani · 82&rsquor; Cristhian Stuani · 88&rsquor;",3,0,"Valencia","4-4-2",1,1,"Hugo Duro · 56&rsquor;",3,0,"https://fbref.com/en/matches/3a6cf7d9/Girona-Valencia-December-2-2023-La-Liga","Valencia","Away",NA,990,244,196,46,14,1,0,5,19,2,0,1,0,164,2,7
"La Liga","2023-12-02","La Liga (Matchweek 15)","Athletic Club","4-2-3-1",4,1.3,"Gorka Guruzeta · 23&rsquor; Alfonso Espino (OG) · 47&rsquor; Iñaki Williams · 64&rsquor; Nico Williams · 68&rsquor;",1,0,"Rayo Vallecano","4-2-3-1",0,0.5,"",2,0,"https://fbref.com/en/matches/b88a35df/Athletic-Club-Rayo-Vallecano-December-2-2023-La-Liga","Athletic Club","Home",NA,990,525,465,55,13,3,4,20,23,7,3,2,0,406,5,11
"La Liga","2023-12-02","La Liga (Matchweek 15)","Athletic Club","4-2-3-1",4,1.3,"Gorka Guruzeta · 23&rsquor; Alfonso Espino (OG) · 47&rsquor; Iñaki Williams · 64&rsquor; Nico Williams · 68&rsquor;",1,0,"Rayo Vallecano","4-2-3-1",0,0.5,"",2,0,"https://fbref.com/en/matches/b88a35df/Athletic-Club-Rayo-Vallecano-December-2-2023-La-Liga","Rayo Vallecano","Away",NA,990,512,464,46,19,3,2,14,13,2,0,2,0,395,2,11
"La Liga","2023-12-02","La Liga (Matchweek 15)","Real Madrid","4-4-2",2,1.8,"Brahim Díaz · 26&rsquor; Rodrygo · 57&rsquor;",2,0,"Granada","4-4-2",0,0.1,"",1,0,"https://fbref.com/en/matches/bc316609/Real-Madrid-Granada-December-2-2023-La-Liga","Real Madrid","Home",NA,990,855,804,44,14,4,13,18,18,6,3,1,0,781,7,9
"La Liga","2023-12-02","La Liga (Matchweek 15)","Real Madrid","4-4-2",2,1.8,"Brahim Díaz · 26&rsquor; Rodrygo · 57&rsquor;",2,0,"Granada","4-4-2",0,0.1,"",1,0,"https://fbref.com/en/matches/bc316609/Real-Madrid-Granada-December-2-2023-La-Liga","Granada","Away",NA,990,355,314,39,17,0,1,2,12,0,0,0,0,294,2,4
"La Liga","2023-12-02","La Liga (Matchweek 15)","Osasuna","5-3-2",1,0.7,"Moi Gómez · 2&rsquor;",3,0,"Real Sociedad","4-3-3",1,1.7,"Umar Sadiq · 41&rsquor;",3,0,"https://fbref.com/en/matches/5d28eb72/Osasuna-Real-Sociedad-December-2-2023-La-Liga","Osasuna","Home",NA,990,271,215,55,15,0,2,13,23,1,0,1,0,171,1,8
"La Liga","2023-12-02","La Liga (Matchweek 15)","Osasuna","5-3-2",1,0.7,"Moi Gómez · 2&rsquor;",3,0,"Real Sociedad","4-3-3",1,1.7,"Umar Sadiq · 41&rsquor;",3,0,"https://fbref.com/en/matches/5d28eb72/Osasuna-Real-Sociedad-December-2-2023-La-Liga","Real Sociedad","Away",NA,990,655,602,48,11,0,5,35,21,8,6,0,0,551,5,7
"La Liga","2023-12-03","La Liga (Matchweek 15)","Mallorca","4-2-3-1",0,0.8,"",4,0,"Alavés","4-2-3-1",0,0.3,"",2,0,"https://fbref.com/en/matches/aa2065ac/Mallorca-Alaves-December-3-2023-La-Liga","Mallorca","Home",NA,990,562,507,54,15,0,3,34,28,5,0,5,0,433,1,11
"La Liga","2023-12-03","La Liga (Matchweek 15)","Mallorca","4-2-3-1",0,0.8,"",4,0,"Alavés","4-2-3-1",0,0.3,"",2,0,"https://fbref.com/en/matches/aa2065ac/Mallorca-Alaves-December-3-2023-La-Liga","Alavés","Away",NA,990,327,283,44,15,0,1,16,16,4,1,0,1,220,0,12
"La Liga","2023-12-03","La Liga (Matchweek 15)","Almería","4-2-3-1",0,2.4,"",0,0,"Real Betis","4-4-1-1",0,0.5,"Héctor Bellerín · 27&rsquor;",3,1,"https://fbref.com/en/matches/90d64d3b/Almeria-Real-Betis-December-3-2023-La-Liga","Almería","Home",NA,990,560,515,41,8,0,6,26,24,4,2,2,0,442,4,16
"La Liga","2023-12-03","La Liga (Matchweek 15)","Almería","4-2-3-1",0,2.4,"",0,0,"Real Betis","4-4-1-1",0,0.5,"Héctor Bellerín · 27&rsquor;",3,1,"https://fbref.com/en/matches/90d64d3b/Almeria-Real-Betis-December-3-2023-La-Liga","Real Betis","Away",NA,926,349,288,60,16,0,3,12,27,6,4,2,0,232,1,5
"La Liga","2023-12-03","La Liga (Matchweek 15)","Sevilla","4-3-3",1,1.8,"Kike Salas · 75&rsquor;",3,0,"Villarreal","4-4-2",1,1.2,"José Luis Morales · 77&rsquor;",3,0,"https://fbref.com/en/matches/98ae1fe6/Sevilla-Villarreal-December-3-2023-La-Liga","Sevilla","Home",NA,990,567,523,43,15,1,7,59,16,8,0,5,0,475,1,10
"La Liga","2023-12-03","La Liga (Matchweek 15)","Sevilla","4-3-3",1,1.8,"Kike Salas · 75&rsquor;",3,0,"Villarreal","4-4-2",1,1.2,"José Luis Morales · 77&rsquor;",3,0,"https://fbref.com/en/matches/98ae1fe6/Sevilla-Villarreal-December-3-2023-La-Liga","Villarreal","Away",NA,990,435,395,40,6,4,4,9,12,4,1,2,0,363,0,8
"La Liga","2023-12-03","La Liga (Matchweek 15)","Barcelona","4-3-3",1,2.6,"João Félix · 28&rsquor;",5,0,"Atlético Madrid","5-3-2",0,0.6,"",4,0,"https://fbref.com/en/matches/0012462a/Barcelona-Atletico-Madrid-December-3-2023-La-Liga","Barcelona","Home",NA,990,648,606,41,15,2,4,16,13,7,4,0,0,578,1,16
"La Liga","2023-12-03","La Liga (Matchweek 15)","Barcelona","4-3-3",1,2.6,"João Félix · 28&rsquor;",5,0,"Atlético Madrid","5-3-2",0,0.6,"",4,0,"https://fbref.com/en/matches/0012462a/Barcelona-Atletico-Madrid-December-3-2023-La-Liga","Atlético Madrid","Away",NA,990,465,417,44,15,5,6,14,15,2,0,2,0,385,4,8
"La Liga","2023-12-04","La Liga (Matchweek 15)","Celta Vigo","4-4-2",1,2.4,"Jørgen Strand Larsen · 57&rsquor;",1,0,"Cádiz","4-4-2",1,0.3,"Chris Ramos · 16&rsquor; Víctor Chust · 33&rsquor;",6,1,"https://fbref.com/en/matches/2618d749/Celta-Vigo-Cadiz-December-4-2023-La-Liga","Celta Vigo","Home",NA,990,637,580,55,16,3,2,46,22,12,2,4,0,523,2,15
"La Liga","2023-12-04","La Liga (Matchweek 15)","Celta Vigo","4-4-2",1,2.4,"Jørgen Strand Larsen · 57&rsquor;",1,0,"Cádiz","4-4-2",1,0.3,"Chris Ramos · 16&rsquor; Víctor Chust · 33&rsquor;",6,1,"https://fbref.com/en/matches/2618d749/Celta-Vigo-Cadiz-December-4-2023-La-Liga","Cádiz","Away",NA,932,303,256,46,16,1,6,12,11,1,0,1,0,202,1,9
"La Liga","2023-12-08","La Liga (Matchweek 16)","Getafe","4-4-2",1,0.7,"Borja Mayoral · 87&rsquor; Domingos Duarte · 90+3&rsquor;",2,1,"Valencia","4-4-2",0,0.1,"Gabriel Paulista · 50&rsquor; Javier Guerra · 88&rsquor;",5,2,"https://fbref.com/en/matches/ecf11fd1/Getafe-Valencia-December-8-2023-La-Liga","Getafe","Home",NA,989,652,593,57,16,1,5,38,26,7,5,1,0,495,2,10
"La Liga","2023-12-08","La Liga (Matchweek 16)","Getafe","4-4-2",1,0.7,"Borja Mayoral · 87&rsquor; Domingos Duarte · 90+3&rsquor;",2,1,"Valencia","4-4-2",0,0.1,"Gabriel Paulista · 50&rsquor; Javier Guerra · 88&rsquor;",5,2,"https://fbref.com/en/matches/ecf11fd1/Getafe-Valencia-December-8-2023-La-Liga","Valencia","Away",NA,946,316,270,45,16,0,1,6,19,0,0,0,0,178,1,8
"La Liga","2023-12-09","La Liga (Matchweek 16)","Alavés","4-4-1-1",0,1.9,"",3,0,"Las Palmas","4-5-1",1,0.4,"Kirian Rodríguez · 31&rsquor;",4,0,"https://fbref.com/en/matches/06bb7e90/Alaves-Las-Palmas-December-9-2023-La-Liga","Alavés","Home",NA,990,361,298,56,15,4,4,25,18,12,2,7,0,261,7,12
"La Liga","2023-12-09","La Liga (Matchweek 16)","Alavés","4-4-1-1",0,1.9,"",3,0,"Las Palmas","4-5-1",1,0.4,"Kirian Rodríguez · 31&rsquor;",4,0,"https://fbref.com/en/matches/06bb7e90/Alaves-Las-Palmas-December-9-2023-La-Liga","Las Palmas","Away",NA,990,510,465,42,19,0,3,15,12,3,2,1,0,425,3,7
"La Liga","2023-12-09","La Liga (Matchweek 16)","Real Betis","4-2-3-1",1,1.3,"Aitor Ruibal · 66&rsquor;",2,0,"Real Madrid","4-2-3-1",1,1,"Jude Bellingham · 53&rsquor;",1,0,"https://fbref.com/en/matches/872da7fb/Real-Betis-Real-Madrid-December-9-2023-La-Liga","Real Betis","Home",NA,990,452,413,39,8,3,5,17,13,7,2,4,0,370,0,15
"La Liga","2023-12-09","La Liga (Matchweek 16)","Real Betis","4-2-3-1",1,1.3,"Aitor Ruibal · 66&rsquor;",2,0,"Real Madrid","4-2-3-1",1,1,"Jude Bellingham · 53&rsquor;",1,0,"https://fbref.com/en/matches/872da7fb/Real-Betis-Real-Madrid-December-9-2023-La-Liga","Real Madrid","Away",NA,990,765,718,46,13,5,11,10,21,6,2,3,0,681,1,7
"La Liga","2023-12-09","La Liga (Matchweek 16)","Villarreal","4-4-2",0,2.2,"",2,0,"Real Sociedad","4-1-4-1",3,1.5,"Mikel Merino · 38&rsquor; Martín Zubimendi · 41&rsquor; Takefusa Kubo · 45+4&rsquor;",1,0,"https://fbref.com/en/matches/7c91b9cb/Villarreal-Real-Sociedad-December-9-2023-La-Liga","Villarreal","Home",NA,990,492,418,67,22,3,4,25,30,5,1,3,0,387,7,12
"La Liga","2023-12-09","La Liga (Matchweek 16)","Villarreal","4-4-2",0,2.2,"",2,0,"Real Sociedad","4-1-4-1",3,1.5,"Mikel Merino · 38&rsquor; Martín Zubimendi · 41&rsquor; Takefusa Kubo · 45+4&rsquor;",1,0,"https://fbref.com/en/matches/7c91b9cb/Villarreal-Real-Sociedad-December-9-2023-La-Liga","Real Sociedad","Away",NA,990,444,403,39,17,0,4,15,13,3,2,0,0,355,2,3
"La Liga","2023-12-09","La Liga (Matchweek 16)","Mallorca","3-5-1-1",1,0.5,"Cyle Larin · 11&rsquor;",2,0,"Sevilla","4-3-3",0,0.6,"",2,0,"https://fbref.com/en/matches/7dacfd9b/Mallorca-Sevilla-December-9-2023-La-Liga","Mallorca","Home",NA,990,335,288,44,6,1,4,11,21,4,2,1,1,223,3,8
"La Liga","2023-12-09","La Liga (Matchweek 16)","Mallorca","3-5-1-1",1,0.5,"Cyle Larin · 11&rsquor;",2,0,"Sevilla","4-3-3",0,0.6,"",2,0,"https://fbref.com/en/matches/7dacfd9b/Mallorca-Sevilla-December-9-2023-La-Liga","Sevilla","Away",NA,990,636,583,52,17,0,4,42,18,12,3,6,0,525,1,12
"La Liga","2023-12-10","La Liga (Matchweek 16)","Atlético Madrid","3-4-3",2,2.2,"Álvaro Morata · 17&rsquor; Ángel Correa · 22&rsquor;",1,0,"Almería","3-4-1-2",1,1.3,"Léo Baptistão · 62&rsquor;",0,0,"https://fbref.com/en/matches/381f0556/Atletico-Madrid-Almeria-December-10-2023-La-Liga","Atlético Madrid","Home",NA,990,574,525,45,12,2,3,14,17,3,1,1,0,471,4,12
"La Liga","2023-12-10","La Liga (Matchweek 16)","Atlético Madrid","3-4-3",2,2.2,"Álvaro Morata · 17&rsquor; Ángel Correa · 22&rsquor;",1,0,"Almería","3-4-1-2",1,1.3,"Léo Baptistão · 62&rsquor;",0,0,"https://fbref.com/en/matches/381f0556/Atletico-Madrid-Almeria-December-10-2023-La-Liga","Almería","Away",NA,990,437,368,67,17,2,2,30,23,15,4,6,0,320,2,13
"La Liga","2023-12-10","La Liga (Matchweek 16)","Cádiz","4-4-2",1,0.9,"Roger Martí · 19&rsquor;",1,0,"Osasuna","4-3-3",1,1.6,"Ante Budimir (P) · 70&rsquor;",2,0,"https://fbref.com/en/matches/7c80b72c/Cadiz-Osasuna-December-10-2023-La-Liga","Cádiz","Home",NA,990,367,301,58,17,0,1,19,33,2,1,1,0,228,8,10
"La Liga","2023-12-10","La Liga (Matchweek 16)","Cádiz","4-4-2",1,0.9,"Roger Martí · 19&rsquor;",1,0,"Osasuna","4-3-3",1,1.6,"Ante Budimir (P) · 70&rsquor;",2,0,"https://fbref.com/en/matches/7c80b72c/Cadiz-Osasuna-December-10-2023-La-Liga","Osasuna","Away",NA,990,449,387,60,22,0,4,20,25,4,2,1,1,324,2,7
"La Liga","2023-12-10","La Liga (Matchweek 16)","Barcelona","4-3-3",2,3.7,"Robert Lewandowski · 19&rsquor; İlkay Gündoğan · 90+2&rsquor;",1,0,"Girona","3-4-3",4,2.5,"Artem Dovbyk · 12&rsquor; Miguel Gutiérrez · 40&rsquor; Valery Fernández · 80&rsquor; Cristhian Stuani · 90+5&rsquor;",2,0,"https://fbref.com/en/matches/36e35f1b/Barcelona-Girona-December-10-2023-La-Liga","Barcelona","Home",NA,990,576,522,53,10,5,2,26,22,8,6,0,0,500,1,9
"La Liga","2023-12-10","La Liga (Matchweek 16)","Barcelona","4-3-3",2,3.7,"Robert Lewandowski · 19&rsquor; İlkay Gündoğan · 90+2&rsquor;",1,0,"Girona","3-4-3",4,2.5,"Artem Dovbyk · 12&rsquor; Miguel Gutiérrez · 40&rsquor; Valery Fernández · 80&rsquor; Cristhian Stuani · 90+5&rsquor;",2,0,"https://fbref.com/en/matches/36e35f1b/Barcelona-Girona-December-10-2023-La-Liga","Girona","Away",NA,990,498,462,34,7,2,2,11,12,3,3,0,0,424,2,9
"La Liga","2023-12-11","La Liga (Matchweek 16)","Granada","4-2-3-1",1,0.7,"Iñigo Ruiz de Galarreta (OG) · 55&rsquor;",0,0,"Athletic Club","4-2-3-1",1,1.1,"Iñaki Williams · 6&rsquor;",2,0,"https://fbref.com/en/matches/2e13f78e/Granada-Athletic-Club-December-11-2023-La-Liga","Granada","Home",NA,990,489,436,51,12,3,1,9,21,1,0,0,0,381,2,6
"La Liga","2023-12-11","La Liga (Matchweek 16)","Granada","4-2-3-1",1,0.7,"Iñigo Ruiz de Galarreta (OG) · 55&rsquor;",0,0,"Athletic Club","4-2-3-1",1,1.1,"Iñaki Williams · 6&rsquor;",2,0,"https://fbref.com/en/matches/2e13f78e/Granada-Athletic-Club-December-11-2023-La-Liga","Athletic Club","Away",NA,990,521,473,47,11,1,5,31,20,8,4,4,0,402,1,15
"La Liga","2023-12-11","La Liga (Matchweek 16)","Rayo Vallecano","4-2-3-1",0,1.2,"",3,0,"Celta Vigo","4-4-2",0,0.1,"",0,0,"https://fbref.com/en/matches/8561242b/Rayo-Vallecano-Celta-Vigo-December-11-2023-La-Liga","Rayo Vallecano","Home",NA,990,654,597,54,10,1,0,37,28,8,3,3,0,531,3,13
"La Liga","2023-12-11","La Liga (Matchweek 16)","Rayo Vallecano","4-2-3-1",0,1.2,"",3,0,"Celta Vigo","4-4-2",0,0.1,"",0,0,"https://fbref.com/en/matches/8561242b/Rayo-Vallecano-Celta-Vigo-December-11-2023-La-Liga","Celta Vigo","Away",NA,990,384,338,46,18,2,3,11,17,1,1,0,0,273,0,10
"La Liga","2023-12-15","La Liga (Matchweek 17)","Osasuna","4-3-3",1,1.2,"Raúl · 90+5&rsquor;",2,0,"Rayo Vallecano","4-4-2",0,0.7,"",3,0,"https://fbref.com/en/matches/781d0d19/Osasuna-Rayo-Vallecano-December-15-2023-La-Liga","Osasuna","Home",NA,990,497,441,56,16,0,2,29,22,9,5,4,0,365,0,9
"La Liga","2023-12-15","La Liga (Matchweek 17)","Osasuna","4-3-3",1,1.2,"Raúl · 90+5&rsquor;",2,0,"Rayo Vallecano","4-4-2",0,0.7,"",3,0,"https://fbref.com/en/matches/781d0d19/Osasuna-Rayo-Vallecano-December-15-2023-La-Liga","Rayo Vallecano","Away",NA,990,326,274,49,16,3,1,12,22,1,1,0,0,217,3,4
"La Liga","2023-12-16","La Liga (Matchweek 17)","Celta Vigo","4-4-2",1,1.4,"Jørgen Strand Larsen · 20&rsquor; Iago Aspas · 80&rsquor;",6,1,"Granada","4-2-3-1",0,0.5,"",2,0,"https://fbref.com/en/matches/57110974/Celta-Vigo-Granada-December-16-2023-La-Liga","Celta Vigo","Home",NA,979,338,285,50,18,2,5,18,16,7,1,6,0,227,3,10
"La Liga","2023-12-16","La Liga (Matchweek 17)","Celta Vigo","4-4-2",1,1.4,"Jørgen Strand Larsen · 20&rsquor; Iago Aspas · 80&rsquor;",6,1,"Granada","4-2-3-1",0,0.5,"",2,0,"https://fbref.com/en/matches/57110974/Celta-Vigo-Granada-December-16-2023-La-Liga","Granada","Away",NA,990,527,464,63,23,0,0,16,31,1,1,0,0,423,0,14
"La Liga","2023-12-16","La Liga (Matchweek 17)","Athletic Club","4-2-3-1",2,2.4,"Gorka Guruzeta · 51&rsquor; Nico Williams · 64&rsquor;",0,0,"Atlético Madrid","3-5-2",0,0.4,"",1,0,"https://fbref.com/en/matches/f21edbdb/Athletic-Club-Atletico-Madrid-December-16-2023-La-Liga","Athletic Club","Home",NA,990,423,383,39,13,4,0,16,16,3,3,0,0,304,1,10
"La Liga","2023-12-16","La Liga (Matchweek 17)","Athletic Club","4-2-3-1",2,2.4,"Gorka Guruzeta · 51&rsquor; Nico Williams · 64&rsquor;",0,0,"Atlético Madrid","3-5-2",0,0.4,"",1,0,"https://fbref.com/en/matches/f21edbdb/Athletic-Club-Atletico-Madrid-December-16-2023-La-Liga","Atlético Madrid","Away",NA,990,687,638,45,8,0,4,22,21,7,2,4,0,565,4,6
"La Liga","2023-12-16","La Liga (Matchweek 17)","Sevilla","5-3-2",0,1,"",3,0,"Getafe","4-4-2",3,2.4,"Borja Mayoral (P) · 5&rsquor; Jaime Mata · 37&rsquor; Mason Greenwood (P) · 80&rsquor;",3,0,"https://fbref.com/en/matches/4d8d0ba8/Sevilla-Getafe-December-16-2023-La-Liga","Sevilla","Home",NA,990,538,480,52,17,2,2,18,21,4,2,1,0,404,6,6
"La Liga","2023-12-16","La Liga (Matchweek 17)","Sevilla","5-3-2",0,1,"",3,0,"Getafe","4-4-2",3,2.4,"Borja Mayoral (P) · 5&rsquor; Jaime Mata · 37&rsquor; Mason Greenwood (P) · 80&rsquor;",3,0,"https://fbref.com/en/matches/4d8d0ba8/Sevilla-Getafe-December-16-2023-La-Liga","Getafe","Away",NA,990,406,352,54,21,2,9,20,20,2,0,1,0,280,0,9
"La Liga","2023-12-16","La Liga (Matchweek 17)","Valencia","4-4-2",1,0.5,"Hugo Guillamón · 70&rsquor;",1,0,"Barcelona","4-3-3",1,3.2,"João Félix · 55&rsquor;",2,0,"https://fbref.com/en/matches/ab58d4c0/Valencia-Barcelona-December-16-2023-La-Liga","Valencia","Home",NA,990,348,297,48,13,0,1,19,21,4,2,2,0,246,3,5
"La Liga","2023-12-16","La Liga (Matchweek 17)","Valencia","4-4-2",1,0.5,"Hugo Guillamón · 70&rsquor;",1,0,"Barcelona","4-3-3",1,3.2,"João Félix · 55&rsquor;",2,0,"https://fbref.com/en/matches/ab58d4c0/Valencia-Barcelona-December-16-2023-La-Liga","Barcelona","Away",NA,990,601,551,47,12,3,5,17,21,6,1,4,0,512,3,8
"La Liga","2023-12-17","La Liga (Matchweek 17)","Almería","3-4-3",0,0.3,"",3,0,"Mallorca","3-4-3",0,1.9,"",1,0,"https://fbref.com/en/matches/29830e6b/Almeria-Mallorca-December-17-2023-La-Liga","Almería","Home",NA,990,433,379,53,9,0,2,14,26,4,2,2,0,312,1,7
"La Liga","2023-12-17","La Liga (Matchweek 17)","Almería","3-4-3",0,0.3,"",3,0,"Mallorca","3-4-3",0,1.9,"",1,0,"https://fbref.com/en/matches/29830e6b/Almeria-Mallorca-December-17-2023-La-Liga","Mallorca","Away",NA,990,390,334,54,11,1,2,27,31,4,2,1,0,265,2,5
"La Liga","2023-12-17","La Liga (Matchweek 17)","Real Sociedad","4-3-3",0,1.1,"",3,0,"Real Betis","4-2-3-1",0,1.1,"",4,0,"https://fbref.com/en/matches/5c3fe234/Real-Sociedad-Real-Betis-December-17-2023-La-Liga","Real Sociedad","Home",NA,990,541,495,41,12,0,2,13,20,2,2,0,0,453,5,10
"La Liga","2023-12-17","La Liga (Matchweek 17)","Real Sociedad","4-3-3",0,1.1,"",3,0,"Real Betis","4-2-3-1",0,1.1,"",4,0,"https://fbref.com/en/matches/5c3fe234/Real-Sociedad-Real-Betis-December-17-2023-La-Liga","Real Betis","Away",NA,990,401,352,48,17,1,1,14,17,7,3,1,0,308,1,11
"La Liga","2023-12-17","La Liga (Matchweek 17)","Las Palmas","4-5-1",1,0.7,"Pejiño · 7&rsquor;",1,0,"Cádiz","4-4-2",1,1.6,"Chris Ramos · 83&rsquor;",3,0,"https://fbref.com/en/matches/08036869/Las-Palmas-Cadiz-December-17-2023-La-Liga","Las Palmas","Home",NA,990,619,569,47,13,2,2,20,21,4,2,1,0,496,3,15
"La Liga","2023-12-17","La Liga (Matchweek 17)","Las Palmas","4-5-1",1,0.7,"Pejiño · 7&rsquor;",1,0,"Cádiz","4-4-2",1,1.6,"Chris Ramos · 83&rsquor;",3,0,"https://fbref.com/en/matches/08036869/Las-Palmas-Cadiz-December-17-2023-La-Liga","Cádiz","Away",NA,990,352,295,52,12,5,4,27,24,6,3,3,0,235,5,10
"La Liga","2023-12-17","La Liga (Matchweek 17)","Real Madrid","4-4-2",4,2.3,"Jude Bellingham · 25&rsquor; Rodrygo · 37&rsquor; Brahim Díaz · 64&rsquor; Luka Modrić · 68&rsquor;",2,0,"Villarreal","4-4-2",1,0.8,"José Luis Morales · 54&rsquor;",3,0,"https://fbref.com/en/matches/7cbfb8ee/Real-Madrid-Villarreal-December-17-2023-La-Liga","Real Madrid","Home",NA,990,679,636,39,11,2,10,19,6,14,2,6,0,604,4,9
"La Liga","2023-12-17","La Liga (Matchweek 17)","Real Madrid","4-4-2",4,2.3,"Jude Bellingham · 25&rsquor; Rodrygo · 37&rsquor; Brahim Díaz · 64&rsquor; Luka Modrić · 68&rsquor;",2,0,"Villarreal","4-4-2",1,0.8,"José Luis Morales · 54&rsquor;",3,0,"https://fbref.com/en/matches/7cbfb8ee/Real-Madrid-Villarreal-December-17-2023-La-Liga","Villarreal","Away",NA,990,458,412,46,18,2,3,7,14,0,0,0,0,383,0,14
"La Liga","2023-12-18","La Liga (Matchweek 17)","Girona","3-4-3",3,1.7,"Artem Dovbyk · 23&rsquor; Portu · 42&rsquor; Artem Dovbyk (P) · 59&rsquor;",0,0,"Alavés","3-4-3",0,0.7,"",1,0,"https://fbref.com/en/matches/b26778b7/Girona-Alaves-December-18-2023-La-Liga","Girona","Home",NA,990,738,696,39,7,1,5,13,18,3,0,2,0,656,3,9
"La Liga","2023-12-18","La Liga (Matchweek 17)","Girona","3-4-3",3,1.7,"Artem Dovbyk · 23&rsquor; Portu · 42&rsquor; Artem Dovbyk (P) · 59&rsquor;",0,0,"Alavés","3-4-3",0,0.7,"",1,0,"https://fbref.com/en/matches/b26778b7/Girona-Alaves-December-18-2023-La-Liga","Alavés","Away",NA,990,376,334,41,12,2,4,17,17,2,1,0,0,307,1,8
"La Liga","2023-12-19","La Liga (Matchweek 18)","Rayo Vallecano","4-4-2",0,0.3,"",2,0,"Valencia","4-4-2",1,0.3,"Sergi Canós · 61&rsquor; Thierry Correia · 90+1&rsquor;",5,1,"https://fbref.com/en/matches/25af4fd3/Rayo-Vallecano-Valencia-December-19-2023-La-Liga","Rayo Vallecano","Home",NA,990,530,470,58,18,2,6,29,24,7,4,3,0,395,2,12
"La Liga","2023-12-19","La Liga (Matchweek 18)","Rayo Vallecano","4-4-2",0,0.3,"",2,0,"Valencia","4-4-2",1,0.3,"Sergi Canós · 61&rsquor; Thierry Correia · 90+1&rsquor;",5,1,"https://fbref.com/en/matches/25af4fd3/Rayo-Vallecano-Valencia-December-19-2023-La-Liga","Valencia","Away",NA,989,369,318,49,17,1,4,13,21,1,0,1,0,253,2,6
"La Liga","2023-12-19","La Liga (Matchweek 18)","Atlético Madrid","3-5-2",3,2,"Stefan Savić · 38&rsquor; Antoine Griezmann · 44&rsquor; Álvaro Morata · 63&rsquor; Antoine Griezmann (P) · 69&rsquor;",4,1,"Getafe","4-4-2",3,2,"Borja Mayoral · 53&rsquor; Óscar Rodríguez Arnaiz · 87&rsquor; Borja Mayoral (P) · 90+3&rsquor;",3,0,"https://fbref.com/en/matches/23fb1e35/Atletico-Madrid-Getafe-December-19-2023-La-Liga","Atlético Madrid","Home",NA,937,421,364,47,13,1,1,7,14,1,0,1,0,318,10,12
"La Liga","2023-12-19","La Liga (Matchweek 18)","Atlético Madrid","3-5-2",3,2,"Stefan Savić · 38&rsquor; Antoine Griezmann · 44&rsquor; Álvaro Morata · 63&rsquor; Antoine Griezmann (P) · 69&rsquor;",4,1,"Getafe","4-4-2",3,2,"Borja Mayoral · 53&rsquor; Óscar Rodríguez Arnaiz · 87&rsquor; Borja Mayoral (P) · 90+3&rsquor;",3,0,"https://fbref.com/en/matches/23fb1e35/Atletico-Madrid-Getafe-December-19-2023-La-Liga","Getafe","Away",NA,990,591,536,55,15,0,7,34,20,12,2,4,0,477,0,12
"La Liga","2023-12-19","La Liga (Matchweek 18)","Granada","4-1-4-1",0,0.9,"",2,0,"Sevilla","3-5-2",3,0.5,"Adrià Pedrosa · 23&rsquor; Lucas Ocampos · 32&rsquor; Sergio Ramos · 49&rsquor;",1,0,"https://fbref.com/en/matches/9a19af2d/Granada-Sevilla-December-19-2023-La-Liga","Granada","Home",NA,990,559,490,67,20,2,5,29,32,6,2,2,0,450,2,14
"La Liga","2023-12-19","La Liga (Matchweek 18)","Granada","4-1-4-1",0,0.9,"",2,0,"Sevilla","3-5-2",3,0.5,"Adrià Pedrosa · 23&rsquor; Lucas Ocampos · 32&rsquor; Sergio Ramos · 49&rsquor;",1,0,"https://fbref.com/en/matches/9a19af2d/Granada-Sevilla-December-19-2023-La-Liga","Sevilla","Away",NA,990,519,478,39,11,0,7,12,16,4,2,2,0,423,2,13
"La Liga","2023-12-20","La Liga (Matchweek 18)","Barcelona","4-3-3",3,3.4,"Raphinha · 33&rsquor; Sergi Roberto · 60&rsquor; Sergi Roberto · 83&rsquor;",3,0,"Almería","5-3-2",2,1.6,"Léo Baptistão · 41&rsquor; Édgar González · 71&rsquor;",3,0,"https://fbref.com/en/matches/cb6ccdca/Barcelona-Almeria-December-20-2023-La-Liga","Barcelona","Home",NA,990,621,574,44,11,1,2,16,14,12,0,11,0,547,3,5
"La Liga","2023-12-20","La Liga (Matchweek 18)","Barcelona","4-3-3",3,3.4,"Raphinha · 33&rsquor; Sergi Roberto · 60&rsquor; Sergi Roberto · 83&rsquor;",3,0,"Almería","5-3-2",2,1.6,"Léo Baptistão · 41&rsquor; Édgar González · 71&rsquor;",3,0,"https://fbref.com/en/matches/cb6ccdca/Barcelona-Almeria-December-20-2023-La-Liga","Almería","Away",NA,990,335,288,44,18,0,2,7,7,0,0,0,0,243,3,10
"La Liga","2023-12-20","La Liga (Matchweek 18)","Athletic Club","4-2-3-1",1,3.4,"Unai Gómez · 90+4&rsquor;",1,0,"Las Palmas","4-5-1",0,0.3,"",3,0,"https://fbref.com/en/matches/1b8fc92b/Athletic-Club-Las-Palmas-December-20-2023-La-Liga","Athletic Club","Home",NA,990,521,472,46,14,5,3,28,20,5,3,2,0,388,3,12
"La Liga","2023-12-20","La Liga (Matchweek 18)","Athletic Club","4-2-3-1",1,3.4,"Unai Gómez · 90+4&rsquor;",1,0,"Las Palmas","4-5-1",0,0.3,"",3,0,"https://fbref.com/en/matches/1b8fc92b/Athletic-Club-Las-Palmas-December-20-2023-La-Liga","Las Palmas","Away",NA,990,515,462,49,14,1,0,13,22,2,1,1,0,374,4,17
"La Liga","2023-12-20","La Liga (Matchweek 18)","Villarreal","4-4-2",3,2.4,"Alfonso Pedraza · 13&rsquor; Aïssa Mandi · 40&rsquor; Daniel Parejo (P) · 48&rsquor;",2,0,"Celta Vigo","4-4-2",2,1.3,"Anastasios Douvikas · 52&rsquor; Jørgen Strand Larsen · 57&rsquor;",4,0,"https://fbref.com/en/matches/9f6ecef6/Villarreal-Celta-Vigo-December-20-2023-La-Liga","Villarreal","Home",NA,990,511,448,63,14,4,7,14,35,4,1,0,0,415,0,13
"La Liga","2023-12-20","La Liga (Matchweek 18)","Villarreal","4-4-2",3,2.4,"Alfonso Pedraza · 13&rsquor; Aïssa Mandi · 40&rsquor; Daniel Parejo (P) · 48&rsquor;",2,0,"Celta Vigo","4-4-2",2,1.3,"Anastasios Douvikas · 52&rsquor; Jørgen Strand Larsen · 57&rsquor;",4,0,"https://fbref.com/en/matches/9f6ecef6/Villarreal-Celta-Vigo-December-20-2023-La-Liga","Celta Vigo","Away",NA,990,541,491,50,16,0,5,30,19,7,1,4,0,449,0,14
"La Liga","2023-12-21","La Liga (Matchweek 18)","Real Betis","4-2-3-1",1,1.5,"Germán Pezzella · 88&rsquor;",2,0,"Girona","4-2-3-1",1,1.7,"Artem Dovbyk (P) · 39&rsquor;",2,0,"https://fbref.com/en/matches/ce152000/Real-Betis-Girona-December-21-2023-La-Liga","Real Betis","Home",NA,990,560,520,39,12,0,2,20,13,7,3,3,0,474,1,9
"La Liga","2023-12-21","La Liga (Matchweek 18)","Real Betis","4-2-3-1",1,1.5,"Germán Pezzella · 88&rsquor;",2,0,"Girona","4-2-3-1",1,1.7,"Artem Dovbyk (P) · 39&rsquor;",2,0,"https://fbref.com/en/matches/ce152000/Real-Betis-Girona-December-21-2023-La-Liga","Girona","Away",NA,990,624,582,39,6,2,2,19,17,6,2,4,0,552,3,14
"La Liga","2023-12-21","La Liga (Matchweek 18)","Cádiz","4-4-2",0,1,"",3,0,"Real Sociedad","4-1-4-1",0,0.5,"",1,0,"https://fbref.com/en/matches/58612cde/Cadiz-Real-Sociedad-December-21-2023-La-Liga","Cádiz","Home",NA,990,323,272,50,17,0,6,23,19,7,1,6,0,223,1,10
"La Liga","2023-12-21","La Liga (Matchweek 18)","Cádiz","4-4-2",0,1,"",3,0,"Real Sociedad","4-1-4-1",0,0.5,"",1,0,"https://fbref.com/en/matches/58612cde/Cadiz-Real-Sociedad-December-21-2023-La-Liga","Real Sociedad","Away",NA,990,482,427,53,15,0,0,20,25,5,1,2,0,361,2,13
"La Liga","2023-12-21","La Liga (Matchweek 18)","Mallorca","3-4-3",3,1.1,"Matija Nastasić · 12&rsquor; Dani Rodríguez · 53&rsquor; Antonio Raillo · 62&rsquor;",3,0,"Osasuna","4-3-3",2,1.6,"Pablo Ibáñez · 7&rsquor; Raúl · 90+1&rsquor;",1,0,"https://fbref.com/en/matches/cc0b697d/Mallorca-Osasuna-December-21-2023-La-Liga","Mallorca","Home",NA,990,369,322,44,12,0,2,24,21,6,1,5,0,251,3,8
"La Liga","2023-12-21","La Liga (Matchweek 18)","Mallorca","3-4-3",3,1.1,"Matija Nastasić · 12&rsquor; Dani Rodríguez · 53&rsquor; Antonio Raillo · 62&rsquor;",3,0,"Osasuna","4-3-3",2,1.6,"Pablo Ibáñez · 7&rsquor; Raúl · 90+1&rsquor;",1,0,"https://fbref.com/en/matches/cc0b697d/Mallorca-Osasuna-December-21-2023-La-Liga","Osasuna","Away",NA,990,505,448,57,13,0,2,21,29,0,0,0,0,385,0,7
"La Liga","2023-12-21","La Liga (Matchweek 18)","Alavés","4-2-3-1",0,0.6,"",3,0,"Real Madrid","4-3-1-2",1,0.6,"Nacho · 54&rsquor; Lucas Vázquez · 90+2&rsquor;",1,1,"https://fbref.com/en/matches/4dec0026/Alaves-Real-Madrid-December-21-2023-La-Liga","Alavés","Home",NA,990,386,342,43,13,0,2,27,13,3,1,1,0,301,1,14
"La Liga","2023-12-21","La Liga (Matchweek 18)","Alavés","4-2-3-1",0,0.6,"",3,0,"Real Madrid","4-3-1-2",1,0.6,"Nacho · 54&rsquor; Lucas Vázquez · 90+2&rsquor;",1,1,"https://fbref.com/en/matches/4dec0026/Alaves-Real-Madrid-December-21-2023-La-Liga","Real Madrid","Away",NA,953,577,527,50,19,0,2,16,20,3,2,1,0,519,0,7
"La Liga","2023-12-23","La Liga (Matchweek 4)","Atlético Madrid","5-4-1",1,0.9,"Marcos Llorente · 46&rsquor; Çağlar Söyüncü · 70&rsquor;",7,1,"Sevilla","3-5-2",0,0.3,"",3,0,"https://fbref.com/en/matches/8797c007/Atletico-Madrid-Sevilla-December-23-2023-La-Liga","Atlético Madrid","Home",NA,969,530,474,54,19,4,6,20,22,6,0,4,0,438,2,6
"La Liga","2023-12-23","La Liga (Matchweek 4)","Atlético Madrid","5-4-1",1,0.9,"Marcos Llorente · 46&rsquor; Çağlar Söyüncü · 70&rsquor;",7,1,"Sevilla","3-5-2",0,0.3,"",3,0,"https://fbref.com/en/matches/8797c007/Atletico-Madrid-Sevilla-December-23-2023-La-Liga","Sevilla","Away",NA,990,524,483,41,13,0,5,25,15,5,1,4,0,423,0,12
"La Liga","2024-01-02","La Liga (Matchweek 19)","Getafe","4-4-2",0,0.4,"Juanmi Latasa · 40&rsquor; Mason Greenwood · 50&rsquor; Damián Suárez · 70&rsquor;",7,3,"Rayo Vallecano","4-4-2",2,1.9,"Sergio Camello · 45+1&rsquor; Sergio Camello · 47&rsquor;",3,0,"https://fbref.com/en/matches/be4710dc/Getafe-Rayo-Vallecano-January-2-2024-La-Liga","Getafe","Home",NA,898,340,283,54,19,0,7,13,22,2,2,0,0,228,3,4
"La Liga","2024-01-02","La Liga (Matchweek 19)","Getafe","4-4-2",0,0.4,"Juanmi Latasa · 40&rsquor; Mason Greenwood · 50&rsquor; Damián Suárez · 70&rsquor;",7,3,"Rayo Vallecano","4-4-2",2,1.9,"Sergio Camello · 45+1&rsquor; Sergio Camello · 47&rsquor;",3,0,"https://fbref.com/en/matches/be4710dc/Getafe-Rayo-Vallecano-January-2-2024-La-Liga","Rayo Vallecano","Away",NA,990,544,495,45,18,5,1,8,17,3,2,0,0,445,4,5
"La Liga","2024-01-02","La Liga (Matchweek 19)","Real Sociedad","4-3-3",1,1.2,"Álex Remiro · 36&rsquor; Martín Zubimendi · 90+6&rsquor;",5,1,"Alavés","4-2-3-1",1,1,"Luis Rioja (P) · 76&rsquor;",4,0,"https://fbref.com/en/matches/57a94079/Real-Sociedad-Alaves-January-2-2024-La-Liga","Real Sociedad","Home",NA,935,424,364,60,17,2,2,20,30,6,4,2,0,306,0,5
"La Liga","2024-01-02","La Liga (Matchweek 19)","Real Sociedad","4-3-3",1,1.2,"Álex Remiro · 36&rsquor; Martín Zubimendi · 90+6&rsquor;",5,1,"Alavés","4-2-3-1",1,1,"Luis Rioja (P) · 76&rsquor;",4,0,"https://fbref.com/en/matches/57a94079/Real-Sociedad-Alaves-January-2-2024-La-Liga","Alavés","Away",NA,990,369,320,49,6,0,4,17,24,4,0,3,0,272,0,5
"La Liga","2024-01-02","La Liga (Matchweek 19)","Valencia","4-4-2",3,2.8,"Roman Yaremchuk · 4&rsquor; José Luis García Vayá (P) · 27&rsquor; José Luis García Vayá (P) · 57&rsquor;",2,0,"Villarreal","4-3-3",1,0.5,"Gerard Moreno · 73&rsquor;",5,0,"https://fbref.com/en/matches/2a5dbe16/Valencia-Villarreal-January-2-2024-La-Liga","Valencia","Home",NA,990,455,404,50,16,1,5,14,22,4,1,0,0,365,1,12
"La Liga","2024-01-02","La Liga (Matchweek 19)","Valencia","4-4-2",3,2.8,"Roman Yaremchuk · 4&rsquor; José Luis García Vayá (P) · 27&rsquor; José Luis García Vayá (P) · 57&rsquor;",2,0,"Villarreal","4-3-3",1,0.5,"Gerard Moreno · 73&rsquor;",5,0,"https://fbref.com/en/matches/2a5dbe16/Valencia-Villarreal-January-2-2024-La-Liga","Villarreal","Away",NA,990,540,501,35,12,0,5,14,13,3,1,0,0,448,4,6
"La Liga","2024-01-03","La Liga (Matchweek 19)","Granada","4-4-2",2,3,"Myrto Uzuni · 22&rsquor; Bryan Zaragoza · 70&rsquor;",3,0,"Cádiz","4-4-2",0,0.8,"Rubén Sobrino · 54&rsquor;",4,1,"https://fbref.com/en/matches/81995a26/Granada-Cadiz-January-3-2024-La-Liga","Granada","Home",NA,990,425,373,52,18,3,5,16,21,5,3,2,0,334,0,7
"La Liga","2024-01-03","La Liga (Matchweek 19)","Granada","4-4-2",2,3,"Myrto Uzuni · 22&rsquor; Bryan Zaragoza · 70&rsquor;",3,0,"Cádiz","4-4-2",0,0.8,"Rubén Sobrino · 54&rsquor;",4,1,"https://fbref.com/en/matches/81995a26/Granada-Cadiz-January-3-2024-La-Liga","Cádiz","Away",NA,953,353,291,59,15,0,4,26,26,6,4,2,0,246,3,9
"La Liga","2024-01-03","La Liga (Matchweek 19)","Real Madrid","4-2-2-2",1,1.7,"Antonio Rüdiger · 78&rsquor;",2,0,"Mallorca","5-4-1",0,0.6,"",3,0,"https://fbref.com/en/matches/a68c4db0/Real-Madrid-Mallorca-January-3-2024-La-Liga","Real Madrid","Home",NA,990,691,640,51,12,1,6,22,28,5,2,2,0,612,0,6
"La Liga","2024-01-03","La Liga (Matchweek 19)","Real Madrid","4-2-2-2",1,1.7,"Antonio Rüdiger · 78&rsquor;",2,0,"Mallorca","5-4-1",0,0.6,"",3,0,"https://fbref.com/en/matches/a68c4db0/Real-Madrid-Mallorca-January-3-2024-La-Liga","Mallorca","Away",NA,990,347,300,47,5,2,4,21,23,4,1,2,0,249,0,8
"La Liga","2024-01-03","La Liga (Matchweek 19)","Celta Vigo","4-4-2",2,2.7,"Iago Aspas (P) · 16&rsquor; Iván Villar · 87&rsquor; Williot Swedberg · 90+6&rsquor;",0,1,"Real Betis","4-2-3-1",1,1.4,"Aitor Ruibal · 6&rsquor;",2,0,"https://fbref.com/en/matches/f235cb36/Celta-Vigo-Real-Betis-January-3-2024-La-Liga","Celta Vigo","Home",NA,990,374,328,44,10,6,1,19,18,8,3,3,0,284,2,15
"La Liga","2024-01-03","La Liga (Matchweek 19)","Celta Vigo","4-4-2",2,2.7,"Iago Aspas (P) · 16&rsquor; Iván Villar · 87&rsquor; Williot Swedberg · 90+6&rsquor;",0,1,"Real Betis","4-2-3-1",1,1.4,"Aitor Ruibal · 6&rsquor;",2,0,"https://fbref.com/en/matches/f235cb36/Celta-Vigo-Real-Betis-January-3-2024-La-Liga","Real Betis","Away",NA,990,559,502,56,11,2,1,18,26,7,2,4,0,459,1,9
"La Liga","2024-01-03","La Liga (Matchweek 19)","Girona","4-4-1-1",4,2.3,"Valery Fernández · 2&rsquor; Sávio · 26&rsquor; Daley Blind · 39&rsquor; Iván Martín · 90+1&rsquor;",0,0,"Atlético Madrid","3-1-4-2",3,2.3,"Álvaro Morata · 14&rsquor; Álvaro Morata · 44&rsquor; Álvaro Morata · 54&rsquor;",1,0,"https://fbref.com/en/matches/1a18f1be/Girona-Atletico-Madrid-January-3-2024-La-Liga","Girona","Home",NA,990,536,493,43,12,1,1,21,11,7,0,5,0,470,0,10
"La Liga","2024-01-03","La Liga (Matchweek 19)","Girona","4-4-1-1",4,2.3,"Valery Fernández · 2&rsquor; Sávio · 26&rsquor; Daley Blind · 39&rsquor; Iván Martín · 90+1&rsquor;",0,0,"Atlético Madrid","3-1-4-2",3,2.3,"Álvaro Morata · 14&rsquor; Álvaro Morata · 44&rsquor; Álvaro Morata · 54&rsquor;",1,0,"https://fbref.com/en/matches/1a18f1be/Girona-Atletico-Madrid-January-3-2024-La-Liga","Atlético Madrid","Away",NA,990,504,474,28,7,2,2,26,4,8,3,5,0,421,2,8
"La Liga","2024-01-04","La Liga (Matchweek 19)","Osasuna","4-3-3",1,1.3,"Ante Budimir · 27&rsquor;",1,0,"Almería","4-2-3-1",0,0.2,"",2,0,"https://fbref.com/en/matches/2d6bd38e/Osasuna-Almeria-January-4-2024-La-Liga","Osasuna","Home",NA,990,560,517,43,8,1,0,16,22,5,1,2,0,438,0,10
"La Liga","2024-01-04","La Liga (Matchweek 19)","Osasuna","4-3-3",1,1.3,"Ante Budimir · 27&rsquor;",1,0,"Almería","4-2-3-1",0,0.2,"",2,0,"https://fbref.com/en/matches/2d6bd38e/Osasuna-Almeria-January-4-2024-La-Liga","Almería","Away",NA,990,521,469,49,14,0,8,14,15,4,1,1,0,400,3,12
"La Liga","2024-01-04","La Liga (Matchweek 19)","Sevilla","5-3-2",0,0.7,"",3,0,"Athletic Club","4-2-3-1",2,1.3,"Mikel Vesga · 30&rsquor; Aitor Paredes · 76&rsquor;",1,0,"https://fbref.com/en/matches/a599d8e1/Sevilla-Athletic-Club-January-4-2024-La-Liga","Sevilla","Home",NA,990,658,599,57,18,0,11,31,23,5,3,2,0,536,2,4
"La Liga","2024-01-04","La Liga (Matchweek 19)","Sevilla","5-3-2",0,0.7,"",3,0,"Athletic Club","4-2-3-1",2,1.3,"Mikel Vesga · 30&rsquor; Aitor Paredes · 76&rsquor;",1,0,"https://fbref.com/en/matches/a599d8e1/Sevilla-Athletic-Club-January-4-2024-La-Liga","Athletic Club","Away",NA,990,425,381,43,11,1,2,19,17,4,0,1,0,304,1,10
"La Liga","2024-01-04","La Liga (Matchweek 19)","Las Palmas","4-3-3",1,0.7,"Munir El Haddadi · 12&rsquor; Daley Sinkgraven · 90+1&rsquor;",5,1,"Barcelona","4-3-3",2,2.4,"Ferrán Torres · 55&rsquor; İlkay Gündoğan (P) · 90+3&rsquor;",2,0,"https://fbref.com/en/matches/2181388a/Las-Palmas-Barcelona-January-4-2024-La-Liga","Las Palmas","Home",NA,989,424,377,45,19,2,3,10,10,5,3,1,0,340,2,4
"La Liga","2024-01-04","La Liga (Matchweek 19)","Las Palmas","4-3-3",1,0.7,"Munir El Haddadi · 12&rsquor; Daley Sinkgraven · 90+1&rsquor;",5,1,"Barcelona","4-3-3",2,2.4,"Ferrán Torres · 55&rsquor; İlkay Gündoğan (P) · 90+3&rsquor;",2,0,"https://fbref.com/en/matches/2181388a/Las-Palmas-Barcelona-January-4-2024-La-Liga","Barcelona","Away",NA,990,549,476,59,15,7,3,23,26,10,1,6,0,443,14,6
"La Liga","2024-01-12","La Liga (Matchweek 20)","Sevilla","4-4-2",2,2.2,"Rafa Mir · 70&rsquor; Lucas Ocampos (P) · 82&rsquor;",4,0,"Alavés","4-2-3-1",3,2,"Nahuel Tenaglia · 26&rsquor; Kiké · 40&rsquor; Rubén Duarte · 90&rsquor;",3,0,"https://fbref.com/en/matches/dacf8559/Sevilla-Alaves-January-12-2024-La-Liga","Sevilla","Home",NA,990,632,573,54,11,0,6,29,29,5,0,4,0,523,5,6
"La Liga","2024-01-12","La Liga (Matchweek 20)","Sevilla","4-4-2",2,2.2,"Rafa Mir · 70&rsquor; Lucas Ocampos (P) · 82&rsquor;",4,0,"Alavés","4-2-3-1",3,2,"Nahuel Tenaglia · 26&rsquor; Kiké · 40&rsquor; Rubén Duarte · 90&rsquor;",3,0,"https://fbref.com/en/matches/dacf8559/Sevilla-Alaves-January-12-2024-La-Liga","Alavés","Away",NA,990,294,241,53,17,0,2,17,13,4,0,3,0,201,0,12
"La Liga","2024-01-13","La Liga (Matchweek 20)","Las Palmas","4-3-3",3,0.8,"Kirian Rodríguez · 8&rsquor; Juan Herzog · 51&rsquor; Kirian Rodríguez · 63&rsquor;",4,0,"Villarreal","4-4-2",0,2,"",3,0,"https://fbref.com/en/matches/2328243e/Las-Palmas-Villarreal-January-13-2024-La-Liga","Las Palmas","Home",NA,990,565,518,47,20,1,4,9,10,4,0,3,0,481,0,3
"La Liga","2024-01-13","La Liga (Matchweek 20)","Las Palmas","4-3-3",3,0.8,"Kirian Rodríguez · 8&rsquor; Juan Herzog · 51&rsquor; Kirian Rodríguez · 63&rsquor;",4,0,"Villarreal","4-4-2",0,2,"",3,0,"https://fbref.com/en/matches/2328243e/Las-Palmas-Villarreal-January-13-2024-La-Liga","Villarreal","Away",NA,990,475,416,51,11,9,3,24,25,6,1,3,0,386,8,13
"La Liga","2024-01-13","La Liga (Matchweek 20)","Mallorca","5-4-1",1,1.8,"Cyle Larin · 43&rsquor;",4,0,"Celta Vigo","5-3-2",1,0.6,"Iago Aspas · 10&rsquor;",1,0,"https://fbref.com/en/matches/62bdac3e/Mallorca-Celta-Vigo-January-13-2024-La-Liga","Mallorca","Home",NA,990,481,413,67,18,2,3,27,30,10,4,4,1,363,1,21
"La Liga","2024-01-13","La Liga (Matchweek 20)","Mallorca","5-4-1",1,1.8,"Cyle Larin · 43&rsquor;",4,0,"Celta Vigo","5-3-2",1,0.6,"Iago Aspas · 10&rsquor;",1,0,"https://fbref.com/en/matches/62bdac3e/Mallorca-Celta-Vigo-January-13-2024-La-Liga","Celta Vigo","Away",NA,990,369,320,49,17,0,3,10,18,1,0,1,0,271,0,7
"La Liga","2024-01-13","La Liga (Matchweek 20)","Athletic Club","4-2-3-1",2,1.6,"Álex Berenguer · 30&rsquor; Álex Berenguer · 42&rsquor;",1,0,"Real Sociedad","4-1-4-1",1,1.1,"Mikel Oyarzabal · 88&rsquor;",4,0,"https://fbref.com/en/matches/cbde4eb0/Athletic-Club-Real-Sociedad-January-13-2024-La-Liga","Athletic Club","Home",NA,990,398,341,55,19,2,1,18,20,5,1,3,0,262,2,9
"La Liga","2024-01-13","La Liga (Matchweek 20)","Athletic Club","4-2-3-1",2,1.6,"Álex Berenguer · 30&rsquor; Álex Berenguer · 42&rsquor;",1,0,"Real Sociedad","4-1-4-1",1,1.1,"Mikel Oyarzabal · 88&rsquor;",4,0,"https://fbref.com/en/matches/cbde4eb0/Athletic-Club-Real-Sociedad-January-13-2024-La-Liga","Real Sociedad","Away",NA,990,414,360,54,17,0,2,15,25,5,4,0,0,285,0,13
"La Liga","2024-01-13","La Liga (Matchweek 20)","Real Betis","4-2-3-1",1,1.8,"Isco · 76&rsquor;",3,0,"Granada","4-4-2",0,0.5,"",4,0,"https://fbref.com/en/matches/b889c1e1/Real-Betis-Granada-January-13-2024-La-Liga","Real Betis","Home",NA,990,496,432,63,21,1,7,26,26,13,1,8,0,395,1,10
"La Liga","2024-01-13","La Liga (Matchweek 20)","Real Betis","4-2-3-1",1,1.8,"Isco · 76&rsquor;",3,0,"Granada","4-4-2",0,0.5,"",4,0,"https://fbref.com/en/matches/b889c1e1/Real-Betis-Granada-January-13-2024-La-Liga","Granada","Away",NA,990,379,327,48,11,0,3,15,26,1,0,1,0,288,4,8
"La Liga","2024-01-14","La Liga (Matchweek 20)","Almería","4-1-4-1",0,1.7,"",4,0,"Girona","4-4-1-1",0,0.3,"Aleix García · 80&rsquor;",4,1,"https://fbref.com/en/matches/ac070af0/Almeria-Girona-January-14-2024-La-Liga","Almería","Home",NA,990,439,403,36,8,1,5,24,19,4,1,2,0,352,0,11
"La Liga","2024-01-14","La Liga (Matchweek 20)","Almería","4-1-4-1",0,1.7,"",4,0,"Girona","4-4-1-1",0,0.3,"Aleix García · 80&rsquor;",4,1,"https://fbref.com/en/matches/ac070af0/Almeria-Girona-January-14-2024-La-Liga","Girona","Away",NA,979,516,466,49,12,2,5,19,19,3,2,1,0,429,1,12
"La Liga","2024-01-14","La Liga (Matchweek 20)","Cádiz","4-5-1",1,1.1,"Rubén Alcaraz (P) · 21&rsquor;",4,0,"Valencia","4-4-2",4,1.9,"Hugo Duro · 8&rsquor; Diego López · 52&rsquor; Javier Guerra · 90+4&rsquor; Jesus Vazquez · 90+8&rsquor;",2,0,"https://fbref.com/en/matches/191bdef3/Cadiz-Valencia-January-14-2024-La-Liga","Cádiz","Home",NA,990,429,370,56,15,2,3,15,27,3,2,1,0,312,3,8
"La Liga","2024-01-14","La Liga (Matchweek 20)","Cádiz","4-5-1",1,1.1,"Rubén Alcaraz (P) · 21&rsquor;",4,0,"Valencia","4-4-2",4,1.9,"Hugo Duro · 8&rsquor; Diego López · 52&rsquor; Javier Guerra · 90+4&rsquor; Jesus Vazquez · 90+8&rsquor;",2,0,"https://fbref.com/en/matches/191bdef3/Cadiz-Valencia-January-14-2024-La-Liga","Valencia","Away",NA,990,330,267,60,18,0,1,13,28,1,0,1,0,198,3,12
"La Liga","2024-01-19","La Liga (Matchweek 21)","Alavés","4-2-3-1",1,2,"Luis Rioja (P) · 51&rsquor;",0,0,"Cádiz","4-4-2",0,0.3,"",4,0,"https://fbref.com/en/matches/06721bb2/Alaves-Cadiz-January-19-2024-La-Liga","Alavés","Home",NA,990,376,313,62,17,2,1,29,31,4,0,4,0,265,1,17
"La Liga","2024-01-19","La Liga (Matchweek 21)","Alavés","4-2-3-1",1,2,"Luis Rioja (P) · 51&rsquor;",0,0,"Cádiz","4-4-2",0,0.3,"",4,0,"https://fbref.com/en/matches/06721bb2/Alaves-Cadiz-January-19-2024-La-Liga","Cádiz","Away",NA,990,388,337,50,16,2,4,23,19,4,2,1,0,291,1,7
"La Liga","2024-01-20","La Liga (Matchweek 21)","Rayo Vallecano","4-4-2",0,1.6,"Álvaro García · 81&rsquor;",5,1,"Las Palmas","4-5-1",2,0.7,"Alberto Moleiro · 35&rsquor; Javier Muñoz · 83&rsquor;",1,0,"https://fbref.com/en/matches/2de52681/Rayo-Vallecano-Las-Palmas-January-20-2024-La-Liga","Rayo Vallecano","Home",NA,980,447,378,60,11,3,2,31,29,12,5,2,0,327,9,14
"La Liga","2024-01-20","La Liga (Matchweek 21)","Rayo Vallecano","4-4-2",0,1.6,"Álvaro García · 81&rsquor;",5,1,"Las Palmas","4-5-1",2,0.7,"Alberto Moleiro · 35&rsquor; Javier Muñoz · 83&rsquor;",1,0,"https://fbref.com/en/matches/2de52681/Rayo-Vallecano-Las-Palmas-January-20-2024-La-Liga","Las Palmas","Away",NA,990,551,493,53,27,2,3,9,11,0,0,0,0,441,5,7
"La Liga","2024-01-20","La Liga (Matchweek 21)","Villarreal","4-4-2",1,1.9,"Alexander Sørloth · 45+1&rsquor; Pepe Reina · 62&rsquor;",2,1,"Mallorca","5-4-1",1,0.4,"Javier Llabrés · 90+1&rsquor;",2,0,"https://fbref.com/en/matches/bf30b05f/Villarreal-Mallorca-January-20-2024-La-Liga","Villarreal","Home",NA,990,481,435,46,11,0,5,16,24,4,0,2,0,380,0,12
"La Liga","2024-01-20","La Liga (Matchweek 21)","Villarreal","4-4-2",1,1.9,"Alexander Sørloth · 45+1&rsquor; Pepe Reina · 62&rsquor;",2,1,"Mallorca","5-4-1",1,0.4,"Javier Llabrés · 90+1&rsquor;",2,0,"https://fbref.com/en/matches/bf30b05f/Villarreal-Mallorca-January-20-2024-La-Liga","Mallorca","Away",NA,990,459,413,44,12,2,2,26,16,6,1,4,0,336,2,14
"La Liga","2024-01-20","La Liga (Matchweek 21)","Valencia","4-4-2",1,0.9,"Hugo Duro · 61&rsquor;",0,0,"Athletic Club","4-2-3-1",0,0.5,"",3,0,"https://fbref.com/en/matches/56f618cb/Valencia-Athletic-Club-January-20-2024-La-Liga","Valencia","Home",NA,990,414,367,43,14,2,3,18,19,4,2,1,0,298,4,13
"La Liga","2024-01-20","La Liga (Matchweek 21)","Valencia","4-4-2",1,0.9,"Hugo Duro · 61&rsquor;",0,0,"Athletic Club","4-2-3-1",0,0.5,"",3,0,"https://fbref.com/en/matches/56f618cb/Valencia-Athletic-Club-January-20-2024-La-Liga","Athletic Club","Away",NA,990,633,576,57,15,1,1,18,29,2,2,0,0,508,0,11
"La Liga","2024-01-20","La Liga (Matchweek 21)","Celta Vigo","4-4-2",0,0.3,"",1,0,"Real Sociedad","5-3-2",1,0.8,"Brais Méndez · 11&rsquor;",2,0,"https://fbref.com/en/matches/261b5161/Celta-Vigo-Real-Sociedad-January-20-2024-La-Liga","Celta Vigo","Home",NA,990,488,422,65,18,0,1,24,31,6,3,2,0,356,1,12
"La Liga","2024-01-20","La Liga (Matchweek 21)","Celta Vigo","4-4-2",0,0.3,"",1,0,"Real Sociedad","5-3-2",1,0.8,"Brais Méndez · 11&rsquor;",2,0,"https://fbref.com/en/matches/261b5161/Celta-Vigo-Real-Sociedad-January-20-2024-La-Liga","Real Sociedad","Away",NA,990,517,463,53,12,0,1,10,31,3,3,0,0,387,1,16
"La Liga","2024-01-21","La Liga (Matchweek 21)","Osasuna","3-5-2",3,1.2,"Raúl · 9&rsquor; Iker Muñoz · 31&rsquor; Jesús Areso · 80&rsquor;",5,0,"Getafe","4-4-2",2,1.4,"Borja Mayoral · 64&rsquor; Nemanja Maksimović · 68&rsquor;",4,0,"https://fbref.com/en/matches/92457ba9/Osasuna-Getafe-January-21-2024-La-Liga","Osasuna","Home",NA,990,321,265,49,21,1,2,17,20,1,1,0,0,200,7,8
"La Liga","2024-01-21","La Liga (Matchweek 21)","Osasuna","3-5-2",3,1.2,"Raúl · 9&rsquor; Iker Muñoz · 31&rsquor; Jesús Areso · 80&rsquor;",5,0,"Getafe","4-4-2",2,1.4,"Borja Mayoral · 64&rsquor; Nemanja Maksimović · 68&rsquor;",4,0,"https://fbref.com/en/matches/92457ba9/Osasuna-Getafe-January-21-2024-La-Liga","Getafe","Away",NA,990,425,364,55,21,2,2,23,20,4,2,1,0,292,6,13
"La Liga","2024-01-21","La Liga (Matchweek 21)","Real Madrid","4-3-1-2",3,2.2,"Jude Bellingham (P) · 57&rsquor; Vinicius Júnior · 67&rsquor; Dani Carvajal · 90+9&rsquor;",3,0,"Almería","5-4-1",2,0.9,"Largie Ramazani · 1&rsquor; Édgar González · 43&rsquor;",5,0,"https://fbref.com/en/matches/044f7144/Real-Madrid-Almeria-January-21-2024-La-Liga","Real Madrid","Home",NA,990,706,646,55,16,4,3,33,25,6,4,2,0,592,5,11
"La Liga","2024-01-21","La Liga (Matchweek 21)","Real Madrid","4-3-1-2",3,2.2,"Jude Bellingham (P) · 57&rsquor; Vinicius Júnior · 67&rsquor; Dani Carvajal · 90+9&rsquor;",3,0,"Almería","5-4-1",2,0.9,"Largie Ramazani · 1&rsquor; Édgar González · 43&rsquor;",5,0,"https://fbref.com/en/matches/044f7144/Real-Madrid-Almeria-January-21-2024-La-Liga","Almería","Away",NA,990,256,208,47,14,2,2,10,13,3,0,2,0,162,1,5
"La Liga","2024-01-21","La Liga (Matchweek 21)","Real Betis","4-2-3-1",2,1.1,"Isco · 56&rsquor; Isco · 59&rsquor;",1,0,"Barcelona","4-3-3",4,3,"Ferrán Torres · 21&rsquor; Ferrán Torres · 48&rsquor; João Félix · 90&rsquor; Ferrán Torres · 90+2&rsquor;",2,0,"https://fbref.com/en/matches/cd2367fb/Real-Betis-Barcelona-January-21-2024-La-Liga","Real Betis","Home",NA,990,360,305,51,15,1,4,15,23,3,2,1,0,288,4,13
"La Liga","2024-01-21","La Liga (Matchweek 21)","Real Betis","4-2-3-1",2,1.1,"Isco · 56&rsquor; Isco · 59&rsquor;",1,0,"Barcelona","4-3-3",4,3,"Ferrán Torres · 21&rsquor; Ferrán Torres · 48&rsquor; João Félix · 90&rsquor; Ferrán Torres · 90+2&rsquor;",2,0,"https://fbref.com/en/matches/cd2367fb/Real-Betis-Barcelona-January-21-2024-La-Liga","Barcelona","Away",NA,990,623,571,46,16,2,4,17,18,4,0,3,0,525,6,9
"La Liga","2024-01-21","La Liga (Matchweek 21)","Girona","4-4-2",5,2.3,"Artem Dovbyk · 13&rsquor; Artem Dovbyk · 15&rsquor; Artem Dovbyk · 19&rsquor; Viktor Tsyhankov · 56&rsquor; Cristhian Stuani · 89&rsquor;",0,0,"Sevilla","5-3-2",1,0.7,"Isaac Romero · 10&rsquor;",2,0,"https://fbref.com/en/matches/001f02ea/Girona-Sevilla-January-21-2024-La-Liga","Girona","Home",NA,990,601,563,37,12,2,3,15,11,4,0,4,0,530,1,10
"La Liga","2024-01-21","La Liga (Matchweek 21)","Girona","4-4-2",5,2.3,"Artem Dovbyk · 13&rsquor; Artem Dovbyk · 15&rsquor; Artem Dovbyk · 19&rsquor; Viktor Tsyhankov · 56&rsquor; Cristhian Stuani · 89&rsquor;",0,0,"Sevilla","5-3-2",1,0.7,"Isaac Romero · 10&rsquor;",2,0,"https://fbref.com/en/matches/001f02ea/Girona-Sevilla-January-21-2024-La-Liga","Sevilla","Away",NA,990,501,455,45,10,0,4,27,20,5,3,2,0,415,1,12
"La Liga","2024-01-22","La Liga (Matchweek 21)","Granada","4-3-3",0,0.6,"",2,0,"Atlético Madrid","3-5-2",1,1.2,"Álvaro Morata · 54&rsquor;",2,0,"https://fbref.com/en/matches/3cfa176f/Granada-Atletico-Madrid-January-22-2024-La-Liga","Granada","Home",NA,990,619,564,55,22,0,0,34,20,6,1,3,0,523,0,16
"La Liga","2024-01-22","La Liga (Matchweek 21)","Granada","4-3-3",0,0.6,"",2,0,"Atlético Madrid","3-5-2",1,1.2,"Álvaro Morata · 54&rsquor;",2,0,"https://fbref.com/en/matches/3cfa176f/Granada-Atletico-Madrid-January-22-2024-La-Liga","Atlético Madrid","Away",NA,990,542,500,36,11,0,6,16,13,2,0,1,0,464,6,11
"La Liga","2024-01-26","La Liga (Matchweek 22)","Almería","4-2-3-1",0,1.4,"",1,0,"Alavés","4-2-3-1",3,1.8,"Samu Omorodion · 10&rsquor; Luis Rioja (P) · 52&rsquor; Samu Omorodion · 88&rsquor;",2,0,"https://fbref.com/en/matches/851f5d85/Almeria-Alaves-January-26-2024-La-Liga","Almería","Home",NA,990,574,521,50,13,1,5,38,18,11,5,3,0,459,3,11
"La Liga","2024-01-26","La Liga (Matchweek 22)","Almería","4-2-3-1",0,1.4,"",1,0,"Alavés","4-2-3-1",3,1.8,"Samu Omorodion · 10&rsquor; Luis Rioja (P) · 52&rsquor; Samu Omorodion · 88&rsquor;",2,0,"https://fbref.com/en/matches/851f5d85/Almeria-Alaves-January-26-2024-La-Liga","Alavés","Away",NA,990,328,271,54,19,0,10,15,17,3,0,3,0,220,3,9
"La Liga","2024-01-27","La Liga (Matchweek 22)","Real Sociedad","5-3-2",0,0.2,"",2,0,"Rayo Vallecano","4-4-2",0,0.1,"",4,0,"https://fbref.com/en/matches/72e78a1f/Real-Sociedad-Rayo-Vallecano-January-27-2024-La-Liga","Real Sociedad","Home",NA,990,434,384,43,14,1,1,14,19,2,0,2,0,315,7,7
"La Liga","2024-01-27","La Liga (Matchweek 22)","Real Sociedad","5-3-2",0,0.2,"",2,0,"Rayo Vallecano","4-4-2",0,0.1,"",4,0,"https://fbref.com/en/matches/72e78a1f/Real-Sociedad-Rayo-Vallecano-January-27-2024-La-Liga","Rayo Vallecano","Away",NA,990,416,350,65,22,0,7,9,34,2,1,0,0,287,1,16
"La Liga","2024-01-27","La Liga (Matchweek 22)","Las Palmas","4-5-1",1,0.7,"Javier Muñoz · 53&rsquor;",3,0,"Real Madrid","4-3-1-2",2,2.3,"Vinicius Júnior · 65&rsquor; Aurélien Tchouaméni · 84&rsquor;",3,0,"https://fbref.com/en/matches/b61e3e2f/Las-Palmas-Real-Madrid-January-27-2024-La-Liga","Las Palmas","Home",NA,990,590,549,41,17,1,4,16,14,1,1,0,0,536,0,13
"La Liga","2024-01-27","La Liga (Matchweek 22)","Las Palmas","4-5-1",1,0.7,"Javier Muñoz · 53&rsquor;",3,0,"Real Madrid","4-3-1-2",2,2.3,"Vinicius Júnior · 65&rsquor; Aurélien Tchouaméni · 84&rsquor;",3,0,"https://fbref.com/en/matches/b61e3e2f/Las-Palmas-Real-Madrid-January-27-2024-La-Liga","Real Madrid","Away",NA,990,521,472,46,16,5,6,17,12,6,3,2,0,456,3,9
"La Liga","2024-01-27","La Liga (Matchweek 22)","Barcelona","4-3-3",3,2.2,"İlkay Gündoğan · 60&rsquor; Pedri · 68&rsquor; Eric Bailly (OG) · 71&rsquor;",3,0,"Villarreal","4-4-2",5,2.1,"Gerard Moreno · 41&rsquor; Ilias Akhomach · 54&rsquor; Gonçalo Guedes · 84&rsquor; Alexander Sørloth · 90+9&rsquor; José Luis Morales · 90+12&rsquor;",4,0,"https://fbref.com/en/matches/06120109/Barcelona-Villarreal-January-27-2024-La-Liga","Barcelona","Home",NA,990,712,665,47,16,3,11,25,16,10,3,3,0,612,0,10
"La Liga","2024-01-27","La Liga (Matchweek 22)","Barcelona","4-3-3",3,2.2,"İlkay Gündoğan · 60&rsquor; Pedri · 68&rsquor; Eric Bailly (OG) · 71&rsquor;",3,0,"Villarreal","4-4-2",5,2.1,"Gerard Moreno · 41&rsquor; Ilias Akhomach · 54&rsquor; Gonçalo Guedes · 84&rsquor; Alexander Sørloth · 90+9&rsquor; José Luis Morales · 90+12&rsquor;",4,0,"https://fbref.com/en/matches/06120109/Barcelona-Villarreal-January-27-2024-La-Liga","Villarreal","Away",NA,990,301,261,37,8,0,3,7,16,0,0,0,0,219,3,6
"La Liga","2024-01-27","La Liga (Matchweek 22)","Mallorca","5-3-2",0,1.5,"",2,0,"Real Betis","4-2-3-1",1,0.4,"Sergi Altimira · 45+1&rsquor;",1,0,"https://fbref.com/en/matches/c9ebb8f9/Mallorca-Real-Betis-January-27-2024-La-Liga","Mallorca","Home",NA,990,547,509,36,6,3,4,23,19,5,2,2,1,447,2,11
"La Liga","2024-01-27","La Liga (Matchweek 22)","Mallorca","5-3-2",0,1.5,"",2,0,"Real Betis","4-2-3-1",1,0.4,"Sergi Altimira · 45+1&rsquor;",1,0,"https://fbref.com/en/matches/c9ebb8f9/Mallorca-Real-Betis-January-27-2024-La-Liga","Real Betis","Away",NA,990,485,433,52,16,0,4,12,18,4,2,0,0,395,0,7
"La Liga","2024-01-28","La Liga (Matchweek 22)","Celta Vigo","3-4-3",0,0.6,"",1,0,"Girona","4-2-3-1",1,0.9,"Portu · 20&rsquor;",1,0,"https://fbref.com/en/matches/898ad853/Celta-Vigo-Girona-January-28-2024-La-Liga","Celta Vigo","Home",NA,990,409,362,46,12,2,2,17,21,5,3,1,0,303,1,7
"La Liga","2024-01-28","La Liga (Matchweek 22)","Celta Vigo","3-4-3",0,0.6,"",1,0,"Girona","4-2-3-1",1,0.9,"Portu · 20&rsquor;",1,0,"https://fbref.com/en/matches/898ad853/Celta-Vigo-Girona-January-28-2024-La-Liga","Girona","Away",NA,990,612,562,49,13,3,4,18,21,7,0,7,0,509,1,8
"La Liga","2024-01-28","La Liga (Matchweek 22)","Cádiz","4-4-2",0,0.4,"",4,0,"Athletic Club","4-2-3-1",0,0.2,"",2,0,"https://fbref.com/en/matches/01dea01a/Cadiz-Athletic-Club-January-28-2024-La-Liga","Cádiz","Home",NA,990,391,336,53,12,0,3,19,27,6,2,2,0,273,2,6
"La Liga","2024-01-28","La Liga (Matchweek 22)","Cádiz","4-4-2",0,0.4,"",4,0,"Athletic Club","4-2-3-1",0,0.2,"",2,0,"https://fbref.com/en/matches/01dea01a/Cadiz-Athletic-Club-January-28-2024-La-Liga","Athletic Club","Away",NA,990,525,471,54,14,1,1,21,22,8,5,3,0,411,0,14
"La Liga","2024-01-28","La Liga (Matchweek 22)","Sevilla","3-5-2",1,0.8,"Isaac Romero · 24&rsquor; Suso · 86&rsquor;",3,1,"Osasuna","3-5-2",1,1.2,"Ante Budimir · 55&rsquor;",0,0,"https://fbref.com/en/matches/661915d5/Sevilla-Osasuna-January-28-2024-La-Liga","Sevilla","Home",NA,985,410,358,47,14,0,3,15,23,2,1,1,0,299,5,7
"La Liga","2024-01-28","La Liga (Matchweek 22)","Sevilla","3-5-2",1,0.8,"Isaac Romero · 24&rsquor; Suso · 86&rsquor;",3,1,"Osasuna","3-5-2",1,1.2,"Ante Budimir · 55&rsquor;",0,0,"https://fbref.com/en/matches/661915d5/Sevilla-Osasuna-January-28-2024-La-Liga","Osasuna","Away",NA,990,531,463,66,23,1,3,22,32,4,0,2,0,398,2,9
"La Liga","2024-01-28","La Liga (Matchweek 22)","Atlético Madrid","3-5-2",2,2.4,"Samuel Lino · 45+5&rsquor; Memphis · 57&rsquor;",2,0,"Valencia","4-2-3-1",0,0.5,"",0,0,"https://fbref.com/en/matches/fb9eb11a/Atletico-Madrid-Valencia-January-28-2024-La-Liga","Atlético Madrid","Home",NA,990,649,608,40,10,3,4,10,20,3,2,1,0,568,1,3
"La Liga","2024-01-28","La Liga (Matchweek 22)","Atlético Madrid","3-5-2",2,2.4,"Samuel Lino · 45+5&rsquor; Memphis · 57&rsquor;",2,0,"Valencia","4-2-3-1",0,0.5,"",0,0,"https://fbref.com/en/matches/fb9eb11a/Atletico-Madrid-Valencia-January-28-2024-La-Liga","Valencia","Away",NA,990,551,504,45,9,0,3,21,20,6,0,3,0,456,2,14
"La Liga","2024-01-29","La Liga (Matchweek 22)","Getafe","4-4-2",2,1.3,"Mason Greenwood · 21&rsquor; Borja Mayoral · 36&rsquor;",2,0,"Granada","4-3-3",0,1.9,"",1,0,"https://fbref.com/en/matches/adf50a1d/Getafe-Granada-January-29-2024-La-Liga","Getafe","Home",NA,990,365,309,52,15,0,3,20,21,4,3,1,0,232,4,11
"La Liga","2024-01-29","La Liga (Matchweek 22)","Getafe","4-4-2",2,1.3,"Mason Greenwood · 21&rsquor; Borja Mayoral · 36&rsquor;",2,0,"Granada","4-3-3",0,1.9,"",1,0,"https://fbref.com/en/matches/adf50a1d/Getafe-Granada-January-29-2024-La-Liga","Granada","Away",NA,990,557,504,48,20,3,3,21,18,3,0,1,0,433,5,8
"La Liga","2024-01-31","La Liga (Matchweek 20)","Barcelona","4-3-3",1,1.9,"Vitor Roque · 63&rsquor;",1,0,"Osasuna","5-3-2",0,1,"Unai García · 67&rsquor;",3,1,"https://fbref.com/en/matches/d6106b99/Barcelona-Osasuna-January-31-2024-La-Liga","Barcelona","Home",NA,990,676,625,47,13,2,3,19,21,6,2,2,0,592,4,6
"La Liga","2024-01-31","La Liga (Matchweek 20)","Barcelona","4-3-3",1,1.9,"Vitor Roque · 63&rsquor;",1,0,"Osasuna","5-3-2",0,1,"Unai García · 67&rsquor;",3,1,"https://fbref.com/en/matches/d6106b99/Barcelona-Osasuna-January-31-2024-La-Liga","Osasuna","Away",NA,966,323,281,40,13,0,1,17,10,6,2,4,0,230,2,10
"La Liga","2024-01-31","La Liga (Matchweek 20)","Atlético Madrid","3-5-2",2,1,"Reinildo Mandava · 35&rsquor; Memphis · 90&rsquor;",0,0,"Rayo Vallecano","3-4-3",1,0.4,"Álvaro García · 42&rsquor;",3,0,"https://fbref.com/en/matches/cbaaa323/Atletico-Madrid-Rayo-Vallecano-January-31-2024-La-Liga","Atlético Madrid","Home",NA,990,533,475,51,13,2,1,17,23,5,3,1,0,425,7,8
"La Liga","2024-01-31","La Liga (Matchweek 20)","Atlético Madrid","3-5-2",2,1,"Reinildo Mandava · 35&rsquor; Memphis · 90&rsquor;",0,0,"Rayo Vallecano","3-4-3",1,0.4,"Álvaro García · 42&rsquor;",3,0,"https://fbref.com/en/matches/cbaaa323/Atletico-Madrid-Rayo-Vallecano-January-31-2024-La-Liga","Rayo Vallecano","Away",NA,990,448,392,56,18,0,4,15,20,6,2,2,0,343,0,10
"La Liga","2024-02-01","La Liga (Matchweek 20)","Getafe","4-4-2",0,0.8,"",1,0,"Real Madrid","4-3-1-2",2,2,"Joselu · 14&rsquor; Joselu · 56&rsquor;",2,0,"https://fbref.com/en/matches/92a1197f/Getafe-Real-Madrid-February-1-2024-La-Liga","Getafe","Home",NA,990,463,420,42,9,0,5,17,21,2,0,2,0,366,1,13
"La Liga","2024-02-01","La Liga (Matchweek 20)","Getafe","4-4-2",0,0.8,"",1,0,"Real Madrid","4-3-1-2",2,2,"Joselu · 14&rsquor; Joselu · 56&rsquor;",2,0,"https://fbref.com/en/matches/92a1197f/Getafe-Real-Madrid-February-1-2024-La-Liga","Real Madrid","Away",NA,990,628,579,45,17,4,9,12,11,6,1,3,0,549,4,5
"La Liga","2024-02-02","La Liga (Matchweek 23)","Athletic Club","4-2-3-1",4,1.7,"Yuri Berchiche · 3&rsquor; Yuri Berchiche · 16&rsquor; Gorka Guruzeta · 62&rsquor; Iker Muniain · 89&rsquor;",0,0,"Mallorca","5-4-1",0,0.4,"",1,0,"https://fbref.com/en/matches/5f6e670c/Athletic-Club-Mallorca-February-2-2024-La-Liga","Athletic Club","Home",NA,990,587,533,53,20,4,4,20,22,6,1,3,0,484,1,6
"La Liga","2024-02-02","La Liga (Matchweek 23)","Athletic Club","4-2-3-1",4,1.7,"Yuri Berchiche · 3&rsquor; Yuri Berchiche · 16&rsquor; Gorka Guruzeta · 62&rsquor; Iker Muniain · 89&rsquor;",0,0,"Mallorca","5-4-1",0,0.4,"",1,0,"https://fbref.com/en/matches/5f6e670c/Athletic-Club-Mallorca-February-2-2024-La-Liga","Mallorca","Away",NA,990,359,313,41,18,0,3,12,11,2,0,2,0,250,5,10
"La Liga","2024-02-03","La Liga (Matchweek 23)","Valencia","4-4-2",2,1.4,"Hugo Duro · 14&rsquor; Roman Yaremchuk · 23&rsquor;",4,0,"Almería","4-2-3-1",1,1.9,"Sergio Arribas · 50&rsquor; Léo Baptistão · 90+3&rsquor;",5,1,"https://fbref.com/en/matches/149141f2/Valencia-Almeria-February-3-2024-La-Liga","Valencia","Home",NA,990,426,370,54,16,2,7,21,31,0,0,0,0,309,2,10
"La Liga","2024-02-03","La Liga (Matchweek 23)","Valencia","4-4-2",2,1.4,"Hugo Duro · 14&rsquor; Roman Yaremchuk · 23&rsquor;",4,0,"Almería","4-2-3-1",1,1.9,"Sergio Arribas · 50&rsquor; Léo Baptistão · 90+3&rsquor;",5,1,"https://fbref.com/en/matches/149141f2/Valencia-Almeria-February-3-2024-La-Liga","Almería","Away",NA,990,454,394,59,18,2,0,15,29,6,4,1,0,348,1,6
"La Liga","2024-02-03","La Liga (Matchweek 23)","Granada","4-1-4-1",1,0.1,"Kamil Piątkowski · 21&rsquor; Bruno Méndez · 43&rsquor;",4,1,"Las Palmas","4-5-1",1,1,"Pejiño · 68&rsquor; Aarón Escandell · 71&rsquor;",3,1,"https://fbref.com/en/matches/22e4db63/Granada-Las-Palmas-February-3-2024-La-Liga","Granada","Home",NA,920,233,188,41,17,2,0,11,7,2,1,1,0,143,4,10
"La Liga","2024-02-03","La Liga (Matchweek 23)","Granada","4-1-4-1",1,0.1,"Kamil Piątkowski · 21&rsquor; Bruno Méndez · 43&rsquor;",4,1,"Las Palmas","4-5-1",1,1,"Pejiño · 68&rsquor; Aarón Escandell · 71&rsquor;",3,1,"https://fbref.com/en/matches/22e4db63/Granada-Las-Palmas-February-3-2024-La-Liga","Las Palmas","Away",NA,990,794,755,38,8,2,1,22,17,9,2,3,0,703,1,13
"La Liga","2024-02-03","La Liga (Matchweek 23)","Alavés","4-2-3-1",1,1,"Samu Omorodion · 51&rsquor;",2,0,"Barcelona","4-3-3",3,1.2,"Robert Lewandowski · 22&rsquor; İlkay Gündoğan · 49&rsquor; Vitor Roque · 63&rsquor; Vitor Roque · 72&rsquor;",3,1,"https://fbref.com/en/matches/37151033/Alaves-Barcelona-February-3-2024-La-Liga","Alavés","Home",NA,990,330,284,43,11,1,4,40,14,13,4,5,1,240,3,11
"La Liga","2024-02-03","La Liga (Matchweek 23)","Alavés","4-2-3-1",1,1,"Samu Omorodion · 51&rsquor;",2,0,"Barcelona","4-3-3",3,1.2,"Robert Lewandowski · 22&rsquor; İlkay Gündoğan · 49&rsquor; Vitor Roque · 63&rsquor; Vitor Roque · 72&rsquor;",3,1,"https://fbref.com/en/matches/37151033/Alaves-Barcelona-February-3-2024-La-Liga","Barcelona","Away",NA,971,581,530,50,17,2,3,11,13,5,2,1,0,507,1,8
"La Liga","2024-02-03","La Liga (Matchweek 23)","Girona","4-2-3-1",0,0.7,"",2,0,"Real Sociedad","4-4-1-1",0,0.6,"",3,0,"https://fbref.com/en/matches/92a239f6/Girona-Real-Sociedad-February-3-2024-La-Liga","Girona","Home",NA,990,441,384,53,18,1,2,11,20,3,1,0,0,358,4,7
"La Liga","2024-02-03","La Liga (Matchweek 23)","Girona","4-2-3-1",0,0.7,"",2,0,"Real Sociedad","4-4-1-1",0,0.6,"",3,0,"https://fbref.com/en/matches/92a239f6/Girona-Real-Sociedad-February-3-2024-La-Liga","Real Sociedad","Away",NA,990,468,430,36,12,2,1,20,17,4,2,2,0,388,2,8
"La Liga","2024-02-04","La Liga (Matchweek 23)","Villarreal","4-4-2",0,1.2,"",3,0,"Cádiz","4-4-2",0,0.7,"",1,0,"https://fbref.com/en/matches/28a20450/Villarreal-Cadiz-February-4-2024-La-Liga","Villarreal","Home",NA,990,546,499,44,14,1,2,35,12,13,6,3,0,431,3,8
"La Liga","2024-02-04","La Liga (Matchweek 23)","Villarreal","4-4-2",0,1.2,"",3,0,"Cádiz","4-4-2",0,0.7,"",1,0,"https://fbref.com/en/matches/28a20450/Villarreal-Cadiz-February-4-2024-La-Liga","Cádiz","Away",NA,990,386,334,50,15,0,0,18,20,2,1,1,0,269,2,6
"La Liga","2024-02-04","La Liga (Matchweek 23)","Osasuna","5-3-2",0,1.1,"",2,0,"Celta Vigo","3-4-3",3,1.1,"Jørgen Strand Larsen · 24&rsquor; Luca de la Torre · 25&rsquor; Anastasios Douvikas · 90&rsquor;",0,0,"https://fbref.com/en/matches/b8fec464/Osasuna-Celta-Vigo-February-4-2024-La-Liga","Osasuna","Home",NA,990,749,680,69,11,1,2,36,42,9,4,5,0,584,0,20
"La Liga","2024-02-04","La Liga (Matchweek 23)","Osasuna","5-3-2",0,1.1,"",2,0,"Celta Vigo","3-4-3",3,1.1,"Jørgen Strand Larsen · 24&rsquor; Luca de la Torre · 25&rsquor; Anastasios Douvikas · 90&rsquor;",0,0,"https://fbref.com/en/matches/b8fec464/Osasuna-Celta-Vigo-February-4-2024-La-Liga","Celta Vigo","Away",NA,990,319,281,36,10,0,0,4,12,1,0,1,0,201,2,9
"La Liga","2024-02-04","La Liga (Matchweek 23)","Real Betis","4-2-3-1",1,1.6,"Isco (P) · 35&rsquor;",7,0,"Getafe","4-4-2",1,1.5,"Mason Greenwood (P) · 8&rsquor;",4,0,"https://fbref.com/en/matches/faf7791c/Real-Betis-Getafe-February-4-2024-La-Liga","Real Betis","Home",NA,990,486,423,59,24,1,2,11,24,3,2,1,0,356,4,7
"La Liga","2024-02-04","La Liga (Matchweek 23)","Real Betis","4-2-3-1",1,1.6,"Isco (P) · 35&rsquor;",7,0,"Getafe","4-4-2",1,1.5,"Mason Greenwood (P) · 8&rsquor;",4,0,"https://fbref.com/en/matches/faf7791c/Real-Betis-Getafe-February-4-2024-La-Liga","Getafe","Away",NA,990,409,350,52,11,1,4,17,27,5,3,2,0,270,7,9
"La Liga","2024-02-04","La Liga (Matchweek 23)","Real Madrid","4-3-1-2",1,1.9,"Brahim Díaz · 20&rsquor;",0,0,"Atlético Madrid","3-5-2",1,1.1,"Marcos Llorente · 90+3&rsquor;",4,0,"https://fbref.com/en/matches/199f13ef/El-Derbi-Madrileno-Real-Madrid-Atletico-Madrid-February-4-2024-La-Liga","Real Madrid","Home",NA,990,693,646,45,15,2,6,12,20,2,1,0,0,641,2,9
"La Liga","2024-02-04","La Liga (Matchweek 23)","Real Madrid","4-3-1-2",1,1.9,"Brahim Díaz · 20&rsquor;",0,0,"Atlético Madrid","3-5-2",1,1.1,"Marcos Llorente · 90+3&rsquor;",4,0,"https://fbref.com/en/matches/199f13ef/El-Derbi-Madrileno-Real-Madrid-Atletico-Madrid-February-4-2024-La-Liga","Atlético Madrid","Away",NA,990,581,530,50,8,1,4,25,21,8,3,3,0,506,1,14
"La Liga","2024-02-05","La Liga (Matchweek 23)","Rayo Vallecano","4-4-2",1,1.8,"Isaac Palazón Camacho · 29&rsquor;",2,0,"Sevilla","4-4-2",2,1.3,"Youssef En-Nesyri · 19&rsquor; Youssef En-Nesyri · 45&rsquor;",3,0,"https://fbref.com/en/matches/1c2d13c4/Rayo-Vallecano-Sevilla-February-5-2024-La-Liga","Rayo Vallecano","Home",NA,990,684,617,65,11,0,7,30,37,6,3,1,0,548,2,10
"La Liga","2024-02-05","La Liga (Matchweek 23)","Rayo Vallecano","4-4-2",1,1.8,"Isaac Palazón Camacho · 29&rsquor;",2,0,"Sevilla","4-4-2",2,1.3,"Youssef En-Nesyri · 19&rsquor; Youssef En-Nesyri · 45&rsquor;",3,0,"https://fbref.com/en/matches/1c2d13c4/Rayo-Vallecano-Sevilla-February-5-2024-La-Liga","Sevilla","Away",NA,990,346,293,51,10,1,2,4,28,0,0,0,0,221,2,6
"La Liga","2024-02-09","La Liga (Matchweek 24)","Cádiz","4-4-2",0,0.8,"",1,0,"Real Betis","4-2-3-1",2,1,"Willian José · 6&rsquor; Pablo Fornals · 46&rsquor;",1,0,"https://fbref.com/en/matches/4853d9e5/Cadiz-Real-Betis-February-9-2024-La-Liga","Cádiz","Home",NA,990,585,533,50,10,1,3,25,24,5,1,4,0,484,2,10
"La Liga","2024-02-09","La Liga (Matchweek 24)","Cádiz","4-4-2",0,0.8,"",1,0,"Real Betis","4-2-3-1",2,1,"Willian José · 6&rsquor; Pablo Fornals · 46&rsquor;",1,0,"https://fbref.com/en/matches/4853d9e5/Cadiz-Real-Betis-February-9-2024-La-Liga","Real Betis","Away",NA,990,524,476,48,14,0,3,11,22,3,1,1,0,433,0,11
"La Liga","2024-02-10","La Liga (Matchweek 24)","Alavés","4-2-3-1",1,1.8,"Samu Omorodion · 25&rsquor;",0,0,"Villarreal","4-4-2",1,1.2,"Jorge Cuenca · 42&rsquor;",2,0,"https://fbref.com/en/matches/df1c317c/Alaves-Villarreal-February-10-2024-La-Liga","Alavés","Home",NA,990,432,375,55,11,0,2,34,22,10,0,7,1,321,2,7
"La Liga","2024-02-10","La Liga (Matchweek 24)","Alavés","4-2-3-1",1,1.8,"Samu Omorodion · 25&rsquor;",0,0,"Villarreal","4-4-2",1,1.2,"Jorge Cuenca · 42&rsquor;",2,0,"https://fbref.com/en/matches/df1c317c/Alaves-Villarreal-February-10-2024-La-Liga","Villarreal","Away",NA,990,420,375,44,9,1,2,19,15,9,4,4,0,325,1,8
"La Liga","2024-02-10","La Liga (Matchweek 24)","Real Sociedad","4-3-3",0,1.5,"",0,0,"Osasuna","5-3-2",1,0.5,"Ante Budimir · 49&rsquor;",0,0,"https://fbref.com/en/matches/38ef643d/Real-Sociedad-Osasuna-February-10-2024-La-Liga","Real Sociedad","Home",NA,990,631,588,42,12,1,5,33,17,7,5,1,0,527,1,8
"La Liga","2024-02-10","La Liga (Matchweek 24)","Real Sociedad","4-3-3",0,1.5,"",0,0,"Osasuna","5-3-2",1,0.5,"Ante Budimir · 49&rsquor;",0,0,"https://fbref.com/en/matches/38ef643d/Real-Sociedad-Osasuna-February-10-2024-La-Liga","Osasuna","Away",NA,990,299,253,44,9,0,4,9,16,4,3,1,0,196,2,9
"La Liga","2024-02-10","La Liga (Matchweek 24)","Real Madrid","4-3-1-2",4,3.2,"Vinicius Júnior · 6&rsquor; Jude Bellingham · 35&rsquor; Jude Bellingham · 54&rsquor; Rodrygo · 61&rsquor;",1,0,"Girona","4-2-3-1",0,0.3,"",2,0,"https://fbref.com/en/matches/501f00a9/Real-Madrid-Girona-February-10-2024-La-Liga","Real Madrid","Home",NA,990,603,572,31,11,1,8,8,10,0,0,0,0,557,0,3
"La Liga","2024-02-10","La Liga (Matchweek 24)","Real Madrid","4-3-1-2",4,3.2,"Vinicius Júnior · 6&rsquor; Jude Bellingham · 35&rsquor; Jude Bellingham · 54&rsquor; Rodrygo · 61&rsquor;",1,0,"Girona","4-2-3-1",0,0.3,"",2,0,"https://fbref.com/en/matches/501f00a9/Real-Madrid-Girona-February-10-2024-La-Liga","Girona","Away",NA,990,536,497,39,9,0,5,16,16,2,1,1,0,482,0,7
"La Liga","2024-02-10","La Liga (Matchweek 24)","Las Palmas","4-5-1",2,1.3,"Álex Suárez · 89&rsquor; Marc Cardona · 90+5&rsquor;",2,0,"Valencia","4-4-2",0,0.5,"",0,0,"https://fbref.com/en/matches/8635863c/Las-Palmas-Valencia-February-10-2024-La-Liga","Las Palmas","Home",NA,990,777,719,57,13,3,2,23,31,5,2,2,0,677,1,13
"La Liga","2024-02-10","La Liga (Matchweek 24)","Las Palmas","4-5-1",2,1.3,"Álex Suárez · 89&rsquor; Marc Cardona · 90+5&rsquor;",2,0,"Valencia","4-4-2",0,0.5,"",0,0,"https://fbref.com/en/matches/8635863c/Las-Palmas-Valencia-February-10-2024-La-Liga","Valencia","Away",NA,990,305,259,42,10,0,3,11,24,0,0,0,0,194,4,15
"La Liga","2024-02-11","La Liga (Matchweek 24)","Getafe","4-4-2",3,2.1,"Borja Mayoral · 41&rsquor; Jaime Mata · 45+2&rsquor; Jaime Mata · 89&rsquor;",1,0,"Celta Vigo","3-4-3",2,1.2,"Jørgen Strand Larsen · 71&rsquor; Tadeo Allende · 85&rsquor;",2,0,"https://fbref.com/en/matches/93f25b56/Getafe-Celta-Vigo-February-11-2024-La-Liga","Getafe","Home",NA,990,440,385,52,14,0,9,12,29,0,0,0,0,292,3,8
"La Liga","2024-02-11","La Liga (Matchweek 24)","Getafe","4-4-2",3,2.1,"Borja Mayoral · 41&rsquor; Jaime Mata · 45+2&rsquor; Jaime Mata · 89&rsquor;",1,0,"Celta Vigo","3-4-3",2,1.2,"Jørgen Strand Larsen · 71&rsquor; Tadeo Allende · 85&rsquor;",2,0,"https://fbref.com/en/matches/93f25b56/Getafe-Celta-Vigo-February-11-2024-La-Liga","Celta Vigo","Away",NA,990,475,415,58,18,1,7,19,29,4,2,2,0,335,2,7
"La Liga","2024-02-11","La Liga (Matchweek 24)","Mallorca","5-4-1",2,0.9,"Antonio Sánchez · 48&rsquor; Vedat Muriqi · 90+1&rsquor;",4,0,"Rayo Vallecano","4-2-3-1",1,1.6,"Álvaro García · 76&rsquor;",0,0,"https://fbref.com/en/matches/35c12a15/Mallorca-Rayo-Vallecano-February-11-2024-La-Liga","Mallorca","Home",NA,990,452,406,44,11,0,6,18,18,5,1,3,0,309,2,17
"La Liga","2024-02-11","La Liga (Matchweek 24)","Mallorca","5-4-1",2,0.9,"Antonio Sánchez · 48&rsquor; Vedat Muriqi · 90+1&rsquor;",4,0,"Rayo Vallecano","4-2-3-1",1,1.6,"Álvaro García · 76&rsquor;",0,0,"https://fbref.com/en/matches/35c12a15/Mallorca-Rayo-Vallecano-February-11-2024-La-Liga","Rayo Vallecano","Away",NA,990,474,421,52,18,0,0,13,25,1,0,1,0,345,1,7
"La Liga","2024-02-11","La Liga (Matchweek 24)","Sevilla","4-4-2",1,1,"Isaac Romero · 15&rsquor;",2,0,"Atlético Madrid","3-5-2",0,1.5,"",1,0,"https://fbref.com/en/matches/dd0585e1/Sevilla-Atletico-Madrid-February-11-2024-La-Liga","Sevilla","Home",NA,990,435,401,32,9,0,2,13,10,2,0,2,0,353,2,8
"La Liga","2024-02-11","La Liga (Matchweek 24)","Sevilla","4-4-2",1,1,"Isaac Romero · 15&rsquor;",2,0,"Atlético Madrid","3-5-2",0,1.5,"",1,0,"https://fbref.com/en/matches/dd0585e1/Sevilla-Atletico-Madrid-February-11-2024-La-Liga","Atlético Madrid","Away",NA,990,673,618,51,10,5,2,22,26,7,0,2,0,576,4,16
"La Liga","2024-02-11","La Liga (Matchweek 24)","Barcelona","4-3-3",3,2.3,"Lamine Yamal · 14&rsquor; Robert Lewandowski · 63&rsquor; Lamine Yamal · 80&rsquor;",1,0,"Granada","4-1-4-1",3,1.4,"Ricard Sánchez · 43&rsquor; Facundo Pellistri · 60&rsquor; Ignasi Miquel · 66&rsquor;",3,0,"https://fbref.com/en/matches/02934208/Barcelona-Granada-February-11-2024-La-Liga","Barcelona","Home",NA,990,672,617,52,10,2,5,17,24,6,0,4,0,569,3,11
"La Liga","2024-02-11","La Liga (Matchweek 24)","Barcelona","4-3-3",3,2.3,"Lamine Yamal · 14&rsquor; Robert Lewandowski · 63&rsquor; Lamine Yamal · 80&rsquor;",1,0,"Granada","4-1-4-1",3,1.4,"Ricard Sánchez · 43&rsquor; Facundo Pellistri · 60&rsquor; Ignasi Miquel · 66&rsquor;",3,0,"https://fbref.com/en/matches/02934208/Barcelona-Granada-February-11-2024-La-Liga","Granada","Away",NA,990,357,302,54,16,2,4,15,23,2,1,1,0,259,1,13
"La Liga","2024-02-12","La Liga (Matchweek 24)","Almería","4-2-3-1",0,0.9,"Largie Ramazani · 53&rsquor;",5,1,"Athletic Club","4-2-3-1",0,0.7,"",1,0,"https://fbref.com/en/matches/aadff460/Almeria-Athletic-Club-February-12-2024-La-Liga","Almería","Home",NA,952,361,312,47,18,0,4,12,19,4,0,2,0,266,2,8
"La Liga","2024-02-12","La Liga (Matchweek 24)","Almería","4-2-3-1",0,0.9,"Largie Ramazani · 53&rsquor;",5,1,"Athletic Club","4-2-3-1",0,0.7,"",1,0,"https://fbref.com/en/matches/aadff460/Almeria-Athletic-Club-February-12-2024-La-Liga","Athletic Club","Away",NA,990,567,504,60,19,3,2,43,26,10,4,4,0,435,3,12
"La Liga","2024-02-16","La Liga (Matchweek 25)","Villarreal","4-4-2",1,1.2,"Alberto Moreno · 56&rsquor;",0,0,"Getafe","4-4-2",1,0.8,"Nemanja Maksimović · 24&rsquor;",1,0,"https://fbref.com/en/matches/39eb65ce/Villarreal-Getafe-February-16-2024-La-Liga","Villarreal","Home",NA,990,507,451,50,14,0,6,12,19,8,2,3,0,377,6,4
"La Liga","2024-02-16","La Liga (Matchweek 25)","Villarreal","4-4-2",1,1.2,"Alberto Moreno · 56&rsquor;",0,0,"Getafe","4-4-2",1,0.8,"Nemanja Maksimović · 24&rsquor;",1,0,"https://fbref.com/en/matches/39eb65ce/Villarreal-Getafe-February-16-2024-La-Liga","Getafe","Away",NA,990,411,358,51,17,0,8,13,24,3,3,0,0,261,2,14
"La Liga","2024-02-17","La Liga (Matchweek 25)","Atlético Madrid","5-3-2",5,3.5,"Marcos Llorente · 15&rsquor; Marcos Llorente · 20&rsquor; Ángel Correa · 47&rsquor; Ángel Correa · 62&rsquor; Memphis · 87&rsquor;",2,0,"Las Palmas","4-5-1",0,0.7,"",2,0,"https://fbref.com/en/matches/d2e1cfdb/Atletico-Madrid-Las-Palmas-February-17-2024-La-Liga","Atlético Madrid","Home",NA,990,365,324,37,7,2,2,8,20,3,2,1,0,263,4,4
"La Liga","2024-02-17","La Liga (Matchweek 25)","Atlético Madrid","5-3-2",5,3.5,"Marcos Llorente · 15&rsquor; Marcos Llorente · 20&rsquor; Ángel Correa · 47&rsquor; Ángel Correa · 62&rsquor; Memphis · 87&rsquor;",2,0,"Las Palmas","4-5-1",0,0.7,"",2,0,"https://fbref.com/en/matches/d2e1cfdb/Atletico-Madrid-Las-Palmas-February-17-2024-La-Liga","Las Palmas","Away",NA,990,650,590,60,23,0,2,14,17,5,0,4,0,550,0,11
"La Liga","2024-02-17","La Liga (Matchweek 25)","Osasuna","4-3-3",2,2,"Ante Budimir · 63&rsquor; Ante Budimir · 90+1&rsquor;",4,0,"Cádiz","4-4-2",0,0.5,"",2,0,"https://fbref.com/en/matches/acb216f1/Osasuna-Cadiz-February-17-2024-La-Liga","Osasuna","Home",NA,990,549,494,54,15,1,2,24,23,5,2,2,0,404,1,12
"La Liga","2024-02-17","La Liga (Matchweek 25)","Osasuna","4-3-3",2,2,"Ante Budimir · 63&rsquor; Ante Budimir · 90+1&rsquor;",4,0,"Cádiz","4-4-2",0,0.5,"",2,0,"https://fbref.com/en/matches/acb216f1/Osasuna-Cadiz-February-17-2024-La-Liga","Cádiz","Away",NA,990,439,377,57,21,1,3,17,18,4,1,2,0,298,5,15
"La Liga","2024-02-17","La Liga (Matchweek 25)","Celta Vigo","4-4-2",1,0.8,"Iago Aspas · 47&rsquor;",2,0,"Barcelona","4-3-3",2,1.5,"Robert Lewandowski · 45&rsquor; Robert Lewandowski (P) · 90+7&rsquor;",4,0,"https://fbref.com/en/matches/16accf14/Celta-Vigo-Barcelona-February-17-2024-La-Liga","Celta Vigo","Home",NA,990,373,326,43,14,3,1,14,17,2,1,1,0,260,4,15
"La Liga","2024-02-17","La Liga (Matchweek 25)","Celta Vigo","4-4-2",1,0.8,"Iago Aspas · 47&rsquor;",2,0,"Barcelona","4-3-3",2,1.5,"Robert Lewandowski · 45&rsquor; Robert Lewandowski (P) · 90+7&rsquor;",4,0,"https://fbref.com/en/matches/16accf14/Celta-Vigo-Barcelona-February-17-2024-La-Liga","Barcelona","Away",NA,990,713,663,49,13,0,6,16,20,5,3,2,0,602,1,10
"La Liga","2024-02-17","La Liga (Matchweek 25)","Valencia","4-4-2",0,1,"",0,0,"Sevilla","3-5-2",0,0,"",1,0,"https://fbref.com/en/matches/9beaaafb/Valencia-Sevilla-February-17-2024-La-Liga","Valencia","Home",NA,990,636,578,55,9,1,4,26,34,7,1,4,0,534,3,9
"La Liga","2024-02-17","La Liga (Matchweek 25)","Valencia","4-4-2",0,1,"",0,0,"Sevilla","3-5-2",0,0,"",1,0,"https://fbref.com/en/matches/9beaaafb/Valencia-Sevilla-February-17-2024-La-Liga","Sevilla","Away",NA,990,543,503,39,7,1,8,13,20,2,1,1,0,441,1,11
"La Liga","2024-02-18","La Liga (Matchweek 25)","Rayo Vallecano","4-4-2",1,1.1,"Raúl de Tomás (P) · 27&rsquor;",4,0,"Real Madrid","4-2-3-1",1,1.1,"Joselu · 3&rsquor; Dani Carvajal · 90+5&rsquor;",4,1,"https://fbref.com/en/matches/8f2c26c1/Rayo-Vallecano-Real-Madrid-February-18-2024-La-Liga","Rayo Vallecano","Home",NA,990,379,330,45,8,0,4,13,22,4,4,0,0,292,4,8
"La Liga","2024-02-18","La Liga (Matchweek 25)","Rayo Vallecano","4-4-2",1,1.1,"Raúl de Tomás (P) · 27&rsquor;",4,0,"Real Madrid","4-2-3-1",1,1.1,"Joselu · 3&rsquor; Dani Carvajal · 90+5&rsquor;",4,1,"https://fbref.com/en/matches/8f2c26c1/Rayo-Vallecano-Real-Madrid-February-18-2024-La-Liga","Real Madrid","Away",NA,989,556,505,49,20,1,4,24,13,10,5,3,0,457,2,9
"La Liga","2024-02-18","La Liga (Matchweek 25)","Granada","4-3-3",1,2,"Myrto Uzuni · 75&rsquor;",2,0,"Almería","4-2-3-1",1,1.4,"Marc Pubill · 9&rsquor;",3,0,"https://fbref.com/en/matches/5843757f/Granada-Almeria-February-18-2024-La-Liga","Granada","Home",NA,990,504,438,66,24,2,4,26,20,10,7,2,0,401,0,14
"La Liga","2024-02-18","La Liga (Matchweek 25)","Granada","4-3-3",1,2,"Myrto Uzuni · 75&rsquor;",2,0,"Almería","4-2-3-1",1,1.4,"Marc Pubill · 9&rsquor;",3,0,"https://fbref.com/en/matches/5843757f/Granada-Almeria-February-18-2024-La-Liga","Almería","Away",NA,990,361,316,42,11,0,3,18,17,4,1,3,0,270,3,5
"La Liga","2024-02-18","La Liga (Matchweek 25)","Mallorca","5-3-2",1,0.1,"Antonio Sánchez · 4&rsquor; Antonio Raillo · 45+4&rsquor; Siebe Van Der Heyden · 90+7&rsquor;",10,2,"Real Sociedad","4-3-3",2,1.1,"Takefusa Kubo · 38&rsquor; Mikel Merino · 90+3&rsquor;",5,0,"https://fbref.com/en/matches/f19651ab/Mallorca-Real-Sociedad-February-18-2024-La-Liga","Mallorca","Home",NA,944,262,203,57,20,0,0,9,19,3,2,1,0,154,2,11
"La Liga","2024-02-18","La Liga (Matchweek 25)","Mallorca","5-3-2",1,0.1,"Antonio Sánchez · 4&rsquor; Antonio Raillo · 45+4&rsquor; Siebe Van Der Heyden · 90+7&rsquor;",10,2,"Real Sociedad","4-3-3",2,1.1,"Takefusa Kubo · 38&rsquor; Mikel Merino · 90+3&rsquor;",5,0,"https://fbref.com/en/matches/f19651ab/Mallorca-Real-Sociedad-February-18-2024-La-Liga","Real Sociedad","Away",NA,990,542,486,54,14,2,2,34,25,9,7,0,0,436,2,10
"La Liga","2024-02-18","La Liga (Matchweek 25)","Real Betis","4-2-3-1",0,0.8,"",5,0,"Alavés","4-2-3-1",0,0.5,"",2,0,"https://fbref.com/en/matches/b8a430ca/Real-Betis-Alaves-February-18-2024-La-Liga","Real Betis","Home",NA,990,559,501,57,10,3,5,24,33,6,2,4,0,452,1,7
"La Liga","2024-02-18","La Liga (Matchweek 25)","Real Betis","4-2-3-1",0,0.8,"",5,0,"Alavés","4-2-3-1",0,0.5,"",2,0,"https://fbref.com/en/matches/b8a430ca/Real-Betis-Alaves-February-18-2024-La-Liga","Alavés","Away",NA,990,349,293,55,12,0,0,22,24,8,1,6,0,233,1,11
"La Liga","2024-02-19","La Liga (Matchweek 25)","Athletic Club","4-2-3-1",3,1.8,"Álex Berenguer · 2&rsquor; Álex Berenguer · 56&rsquor; Iñaki Williams · 60&rsquor;",1,0,"Girona","4-2-3-1",2,2.1,"Viktor Tsyhankov · 49&rsquor; Eric García · 75&rsquor;",2,0,"https://fbref.com/en/matches/cab3844e/Athletic-Club-Girona-February-19-2024-La-Liga","Athletic Club","Home",NA,990,319,277,40,16,0,4,10,12,3,1,2,0,241,2,11
"La Liga","2024-02-19","La Liga (Matchweek 25)","Athletic Club","4-2-3-1",3,1.8,"Álex Berenguer · 2&rsquor; Álex Berenguer · 56&rsquor; Iñaki Williams · 60&rsquor;",1,0,"Girona","4-2-3-1",2,2.1,"Viktor Tsyhankov · 49&rsquor; Eric García · 75&rsquor;",2,0,"https://fbref.com/en/matches/cab3844e/Athletic-Club-Girona-February-19-2024-La-Liga","Girona","Away",NA,990,718,660,55,18,1,7,14,22,4,1,2,0,632,3,12
"La Liga","2024-02-23","La Liga (Matchweek 26)","Real Sociedad","4-1-4-1",1,1.5,"Mikel Merino · 86&rsquor;",3,0,"Villarreal","4-4-2",3,1,"Santi Comesaña · 17&rsquor; Santi Comesaña · 47&rsquor; Alexander Sørloth · 90+5&rsquor;",4,0,"https://fbref.com/en/matches/4c975b7e/Real-Sociedad-Villarreal-February-23-2024-La-Liga","Real Sociedad","Home",NA,990,648,585,59,13,0,9,40,27,13,8,3,0,544,4,11
"La Liga","2024-02-23","La Liga (Matchweek 26)","Real Sociedad","4-1-4-1",1,1.5,"Mikel Merino · 86&rsquor;",3,0,"Villarreal","4-4-2",3,1,"Santi Comesaña · 17&rsquor; Santi Comesaña · 47&rsquor; Alexander Sørloth · 90+5&rsquor;",4,0,"https://fbref.com/en/matches/4c975b7e/Real-Sociedad-Villarreal-February-23-2024-La-Liga","Villarreal","Away",NA,990,281,226,54,19,0,3,6,18,2,1,1,0,204,1,6
"La Liga","2024-02-24","La Liga (Matchweek 26)","Barcelona","4-3-3",4,3.1,"Raphinha · 20&rsquor; João Félix · 53&rsquor; Frenkie de Jong · 61&rsquor; Fermin López · 90+1&rsquor;",1,0,"Getafe","4-5-1",0,0.5,"",4,0,"https://fbref.com/en/matches/8f4e2ab7/Barcelona-Getafe-February-24-2024-La-Liga","Barcelona","Home",NA,990,616,557,54,22,5,7,14,20,5,2,3,0,523,5,10
"La Liga","2024-02-24","La Liga (Matchweek 26)","Barcelona","4-3-3",4,3.1,"Raphinha · 20&rsquor; João Félix · 53&rsquor; Frenkie de Jong · 61&rsquor; Fermin López · 90+1&rsquor;",1,0,"Getafe","4-5-1",0,0.5,"",4,0,"https://fbref.com/en/matches/8f4e2ab7/Barcelona-Getafe-February-24-2024-La-Liga","Getafe","Away",NA,990,298,245,49,17,0,6,20,14,8,7,0,0,192,4,8
"La Liga","2024-02-24","La Liga (Matchweek 26)","Alavés","4-2-3-1",1,0.5,"Carlos Benavídez · 76&rsquor;",0,0,"Mallorca","5-4-1",1,2.2,"Matija Nastasić · 88&rsquor;",2,0,"https://fbref.com/en/matches/24435ef9/Alaves-Mallorca-February-24-2024-La-Liga","Alavés","Home",NA,990,472,423,47,14,1,2,25,21,3,3,0,0,346,2,5
"La Liga","2024-02-24","La Liga (Matchweek 26)","Alavés","4-2-3-1",1,0.5,"Carlos Benavídez · 76&rsquor;",0,0,"Mallorca","5-4-1",1,2.2,"Matija Nastasić · 88&rsquor;",2,0,"https://fbref.com/en/matches/24435ef9/Alaves-Mallorca-February-24-2024-La-Liga","Mallorca","Away",NA,990,441,395,46,9,3,3,19,23,3,1,1,0,321,0,5
"La Liga","2024-02-24","La Liga (Matchweek 26)","Almería","4-2-3-1",2,0.5,"Luka Romero · 27&rsquor; Luka Romero · 64&rsquor;",1,0,"Atlético Madrid","3-5-2",2,1.5,"Ángel Correa · 2&rsquor; Rodrigo De Paul · 57&rsquor;",1,0,"https://fbref.com/en/matches/998ad495/Almeria-Atletico-Madrid-February-24-2024-La-Liga","Almería","Home",NA,990,406,359,46,13,1,3,11,24,2,0,1,0,309,1,9
"La Liga","2024-02-24","La Liga (Matchweek 26)","Almería","4-2-3-1",2,0.5,"Luka Romero · 27&rsquor; Luka Romero · 64&rsquor;",1,0,"Atlético Madrid","3-5-2",2,1.5,"Ángel Correa · 2&rsquor; Rodrigo De Paul · 57&rsquor;",1,0,"https://fbref.com/en/matches/998ad495/Almeria-Atletico-Madrid-February-24-2024-La-Liga","Atlético Madrid","Away",NA,990,597,542,53,12,4,4,18,28,7,4,2,0,493,2,12
"La Liga","2024-02-25","La Liga (Matchweek 26)","Cádiz","4-4-2",2,2.2,"Juanmi · 66&rsquor; Darwin Machís · 90+10&rsquor;",2,0,"Celta Vigo","4-4-2",2,0.7,"Iago Aspas · 11&rsquor; Williot Swedberg · 58&rsquor;",3,0,"https://fbref.com/en/matches/81b6bcdb/Cadiz-Celta-Vigo-February-25-2024-La-Liga","Cádiz","Home",NA,990,614,550,61,20,0,7,42,25,9,3,5,0,444,3,13
"La Liga","2024-02-25","La Liga (Matchweek 26)","Cádiz","4-4-2",2,2.2,"Juanmi · 66&rsquor; Darwin Machís · 90+10&rsquor;",2,0,"Celta Vigo","4-4-2",2,0.7,"Iago Aspas · 11&rsquor; Williot Swedberg · 58&rsquor;",3,0,"https://fbref.com/en/matches/81b6bcdb/Cadiz-Celta-Vigo-February-25-2024-La-Liga","Celta Vigo","Away",NA,990,328,272,54,16,3,1,4,18,1,1,0,0,183,2,13
"La Liga","2024-02-25","La Liga (Matchweek 26)","Real Betis","4-2-3-1",3,1.2,"Ezequiel Ávila · 13&rsquor; Yuri Berchiche (OG) · 38&rsquor; Johnny Cardoso · 67&rsquor;",1,0,"Athletic Club","4-2-3-1",1,0.2,"Nico Williams · 40&rsquor; Gorka Guruzeta · 45+7&rsquor;",7,1,"https://fbref.com/en/matches/05f0bbdc/Real-Betis-Athletic-Club-February-25-2024-La-Liga","Real Betis","Home",NA,990,615,575,38,11,1,2,10,17,5,3,1,0,506,2,13
"La Liga","2024-02-25","La Liga (Matchweek 26)","Real Betis","4-2-3-1",3,1.2,"Ezequiel Ávila · 13&rsquor; Yuri Berchiche (OG) · 38&rsquor; Johnny Cardoso · 67&rsquor;",1,0,"Athletic Club","4-2-3-1",1,0.2,"Nico Williams · 40&rsquor; Gorka Guruzeta · 45+7&rsquor;",7,1,"https://fbref.com/en/matches/05f0bbdc/Real-Betis-Athletic-Club-February-25-2024-La-Liga","Athletic Club","Away",NA,939,462,399,61,16,0,4,19,31,3,2,1,0,349,2,12
"La Liga","2024-02-25","La Liga (Matchweek 26)","Las Palmas","4-5-1",1,0.7,"Kirian Rodríguez · 52&rsquor;",2,0,"Osasuna","3-5-2",1,0.7,"Unai García · 49&rsquor;",1,0,"https://fbref.com/en/matches/cbe1823a/Las-Palmas-Osasuna-February-25-2024-La-Liga","Las Palmas","Home",NA,990,718,662,54,17,7,4,15,21,6,3,2,0,607,2,9
"La Liga","2024-02-25","La Liga (Matchweek 26)","Las Palmas","4-5-1",1,0.7,"Kirian Rodríguez · 52&rsquor;",2,0,"Osasuna","3-5-2",1,0.7,"Unai García · 49&rsquor;",1,0,"https://fbref.com/en/matches/cbe1823a/Las-Palmas-Osasuna-February-25-2024-La-Liga","Osasuna","Away",NA,990,290,242,45,8,0,4,22,22,7,4,3,0,183,3,15
"La Liga","2024-02-25","La Liga (Matchweek 26)","Real Madrid","4-3-3",1,1,"Luka Modrić · 81&rsquor;",1,0,"Sevilla","5-3-2",0,0.8,"",3,0,"https://fbref.com/en/matches/0788c1f1/Real-Madrid-Sevilla-February-25-2024-La-Liga","Real Madrid","Home",NA,990,690,636,53,12,0,7,16,28,7,0,4,0,617,1,7
"La Liga","2024-02-25","La Liga (Matchweek 26)","Real Madrid","4-3-3",1,1,"Luka Modrić · 81&rsquor;",1,0,"Sevilla","5-3-2",0,0.8,"",3,0,"https://fbref.com/en/matches/0788c1f1/Real-Madrid-Sevilla-February-25-2024-La-Liga","Sevilla","Away",NA,990,391,353,38,11,0,4,12,14,2,1,1,0,316,0,7
"La Liga","2024-02-26","La Liga (Matchweek 26)","Girona","4-2-3-1",3,2.2,"Viktor Tsyhankov · 52&rsquor; Sávio · 90+1&rsquor; Sávio · 90+5&rsquor;",3,0,"Rayo Vallecano","4-2-3-1",0,0.5,"Pep Chavarría · 76&rsquor;",6,1,"https://fbref.com/en/matches/a07bda86/Girona-Rayo-Vallecano-February-26-2024-La-Liga","Girona","Home",NA,990,565,523,38,17,1,3,22,13,2,1,0,1,478,4,10
"La Liga","2024-02-26","La Liga (Matchweek 26)","Girona","4-2-3-1",3,2.2,"Viktor Tsyhankov · 52&rsquor; Sávio · 90+1&rsquor; Sávio · 90+5&rsquor;",3,0,"Rayo Vallecano","4-2-3-1",0,0.5,"Pep Chavarría · 76&rsquor;",6,1,"https://fbref.com/en/matches/a07bda86/Girona-Rayo-Vallecano-February-26-2024-La-Liga","Rayo Vallecano","Away",NA,975,473,424,47,17,1,3,9,18,2,0,1,0,389,2,5
"La Liga","2024-03-01","La Liga (Matchweek 27)","Celta Vigo","4-4-2",1,1.5,"Óscar Mingueza · 73&rsquor;",1,0,"Almería","4-2-3-1",0,0.1,"Bruno Langa · 65&rsquor;",2,1,"https://fbref.com/en/matches/7ab6dcd9/Celta-Vigo-Almeria-March-1-2024-La-Liga","Celta Vigo","Home",NA,990,650,596,52,16,1,2,28,25,7,2,3,0,550,2,18
"La Liga","2024-03-01","La Liga (Matchweek 27)","Celta Vigo","4-4-2",1,1.5,"Óscar Mingueza · 73&rsquor;",1,0,"Almería","4-2-3-1",0,0.1,"Bruno Langa · 65&rsquor;",2,1,"https://fbref.com/en/matches/7ab6dcd9/Celta-Vigo-Almeria-March-1-2024-La-Liga","Almería","Away",NA,964,336,293,40,10,1,4,7,20,0,0,0,0,238,3,7
"La Liga","2024-03-02","La Liga (Matchweek 27)","Sevilla","5-3-2",3,2,"Youssef En-Nesyri · 11&rsquor; Youssef En-Nesyri · 13&rsquor; Sergio Ramos · 65&rsquor;",1,0,"Real Sociedad","4-1-3-2",2,1.5,"André Silva (P) · 45+5&rsquor; Brais Méndez · 90+2&rsquor;",2,0,"https://fbref.com/en/matches/94990b76/Sevilla-Real-Sociedad-March-2-2024-La-Liga","Sevilla","Home",NA,990,364,308,55,20,0,3,13,23,2,0,1,0,263,1,8
"La Liga","2024-03-02","La Liga (Matchweek 27)","Sevilla","5-3-2",3,2,"Youssef En-Nesyri · 11&rsquor; Youssef En-Nesyri · 13&rsquor; Sergio Ramos · 65&rsquor;",1,0,"Real Sociedad","4-1-3-2",2,1.5,"André Silva (P) · 45+5&rsquor; Brais Méndez · 90+2&rsquor;",2,0,"https://fbref.com/en/matches/94990b76/Sevilla-Real-Sociedad-March-2-2024-La-Liga","Real Sociedad","Away",NA,990,558,500,52,10,0,0,13,25,5,2,2,0,445,6,15
"La Liga","2024-03-02","La Liga (Matchweek 27)","Rayo Vallecano","4-2-3-1",1,0.7,"Florian Lejeune · 78&rsquor;",1,0,"Cádiz","4-4-2",1,1,"Javi Hernández · 90+1&rsquor;",1,0,"https://fbref.com/en/matches/f374824a/Rayo-Vallecano-Cadiz-March-2-2024-La-Liga","Rayo Vallecano","Home",NA,990,486,428,58,19,0,3,17,24,4,2,1,0,351,0,6
"La Liga","2024-03-02","La Liga (Matchweek 27)","Rayo Vallecano","4-2-3-1",1,0.7,"Florian Lejeune · 78&rsquor;",1,0,"Cádiz","4-4-2",1,1,"Javi Hernández · 90+1&rsquor;",1,0,"https://fbref.com/en/matches/f374824a/Rayo-Vallecano-Cadiz-March-2-2024-La-Liga","Cádiz","Away",NA,990,433,365,65,14,0,1,32,27,9,0,8,0,268,3,12
"La Liga","2024-03-02","La Liga (Matchweek 27)","Getafe","4-3-3",3,2.3,"Jaime Mata · 11&rsquor; Mason Greenwood · 14&rsquor; Nemanja Maksimović · 45&rsquor;",4,0,"Las Palmas","4-5-1",3,1.6,"Sandro Ramírez · 35&rsquor; Sergi Cardona · 50&rsquor; Munir El Haddadi · 57&rsquor;",1,0,"https://fbref.com/en/matches/1f2c17eb/Getafe-Las-Palmas-March-2-2024-La-Liga","Getafe","Home",NA,990,277,228,47,11,2,2,14,19,4,2,2,0,174,2,11
"La Liga","2024-03-02","La Liga (Matchweek 27)","Getafe","4-3-3",3,2.3,"Jaime Mata · 11&rsquor; Mason Greenwood · 14&rsquor; Nemanja Maksimović · 45&rsquor;",4,0,"Las Palmas","4-5-1",3,1.6,"Sandro Ramírez · 35&rsquor; Sergi Cardona · 50&rsquor; Munir El Haddadi · 57&rsquor;",1,0,"https://fbref.com/en/matches/1f2c17eb/Getafe-Las-Palmas-March-2-2024-La-Liga","Las Palmas","Away",NA,990,723,657,62,30,3,2,22,19,4,2,1,0,606,4,11
"La Liga","2024-03-02","La Liga (Matchweek 27)","Valencia","4-4-2",2,1.1,"Hugo Duro · 27&rsquor; Roman Yaremchuk · 30&rsquor;",2,0,"Real Madrid","4-3-1-2",2,2.2,"Vinicius Júnior · 45+5&rsquor; Vinicius Júnior · 76&rsquor; Jude Bellingham · 90+9&rsquor;",3,1,"https://fbref.com/en/matches/2e5cdea9/Valencia-Real-Madrid-March-2-2024-La-Liga","Valencia","Home",NA,990,333,288,45,12,0,3,15,19,2,1,0,0,247,0,7
"La Liga","2024-03-02","La Liga (Matchweek 27)","Valencia","4-4-2",2,1.1,"Hugo Duro · 27&rsquor; Roman Yaremchuk · 30&rsquor;",2,0,"Real Madrid","4-3-1-2",2,2.2,"Vinicius Júnior · 45+5&rsquor; Vinicius Júnior · 76&rsquor; Jude Bellingham · 90+9&rsquor;",3,1,"https://fbref.com/en/matches/2e5cdea9/Valencia-Real-Madrid-March-2-2024-La-Liga","Real Madrid","Away",NA,989,778,734,42,18,0,4,16,16,2,1,1,0,691,2,3
"La Liga","2024-03-03","La Liga (Matchweek 27)","Villarreal","4-4-2",5,2,"Alexander Sørloth · 7&rsquor; Alexander Sørloth · 19&rsquor; Étienne Capoue · 32&rsquor; Gonçalo Guedes · 47&rsquor; Alexander Sørloth · 66&rsquor;",1,0,"Granada","3-4-3",1,0.5,"Theo Corbeanu · 90+1&rsquor;",2,0,"https://fbref.com/en/matches/82279c7a/Villarreal-Granada-March-3-2024-La-Liga","Villarreal","Home",NA,990,468,422,45,16,2,3,14,11,6,3,0,0,389,1,7
"La Liga","2024-03-03","La Liga (Matchweek 27)","Villarreal","4-4-2",5,2,"Alexander Sørloth · 7&rsquor; Alexander Sørloth · 19&rsquor; Étienne Capoue · 32&rsquor; Gonçalo Guedes · 47&rsquor; Alexander Sørloth · 66&rsquor;",1,0,"Granada","3-4-3",1,0.5,"Theo Corbeanu · 90+1&rsquor;",2,0,"https://fbref.com/en/matches/82279c7a/Villarreal-Granada-March-3-2024-La-Liga","Granada","Away",NA,990,503,457,44,12,0,4,26,16,4,1,1,0,418,2,7
"La Liga","2024-03-03","La Liga (Matchweek 27)","Atlético Madrid","3-5-2",2,3,"Rui Silva (OG) · 8&rsquor; Álvaro Morata · 44&rsquor;",1,0,"Real Betis","4-2-3-1",1,0.6,"William Carvalho · 62&rsquor;",2,0,"https://fbref.com/en/matches/f887328c/Atletico-Madrid-Real-Betis-March-3-2024-La-Liga","Atlético Madrid","Home",NA,990,481,442,36,11,1,6,13,10,4,2,1,0,372,3,7
"La Liga","2024-03-03","La Liga (Matchweek 27)","Atlético Madrid","3-5-2",2,3,"Rui Silva (OG) · 8&rsquor; Álvaro Morata · 44&rsquor;",1,0,"Real Betis","4-2-3-1",1,0.6,"William Carvalho · 62&rsquor;",2,0,"https://fbref.com/en/matches/f887328c/Atletico-Madrid-Real-Betis-March-3-2024-La-Liga","Real Betis","Away",NA,990,657,600,57,12,1,6,27,27,6,1,4,0,532,0,24
"La Liga","2024-03-03","La Liga (Matchweek 27)","Mallorca","5-3-2",1,1.2,"Copete · 33&rsquor;",5,0,"Girona","4-2-3-1",0,1,"",0,0,"https://fbref.com/en/matches/43ea52c2/Mallorca-Girona-March-3-2024-La-Liga","Mallorca","Home",NA,990,356,313,43,9,1,2,22,13,8,3,3,1,245,0,10
"La Liga","2024-03-03","La Liga (Matchweek 27)","Mallorca","5-3-2",1,1.2,"Copete · 33&rsquor;",5,0,"Girona","4-2-3-1",0,1,"",0,0,"https://fbref.com/en/matches/43ea52c2/Mallorca-Girona-March-3-2024-La-Liga","Girona","Away",NA,990,536,479,56,18,1,1,18,24,5,4,0,0,429,1,7
"La Liga","2024-03-03","La Liga (Matchweek 27)","Athletic Club","4-2-3-1",0,0.4,"",3,0,"Barcelona","4-3-3",0,0.7,"",3,0,"https://fbref.com/en/matches/8c7d46b8/Athletic-Club-Barcelona-March-3-2024-La-Liga","Athletic Club","Home",NA,990,407,361,41,11,1,9,29,15,4,3,1,0,301,5,8
"La Liga","2024-03-03","La Liga (Matchweek 27)","Athletic Club","4-2-3-1",0,0.4,"",3,0,"Barcelona","4-3-3",0,0.7,"",3,0,"https://fbref.com/en/matches/8c7d46b8/Athletic-Club-Barcelona-March-3-2024-La-Liga","Barcelona","Away",NA,990,601,555,46,19,3,9,14,13,4,1,2,0,509,0,10
"La Liga","2024-03-04","La Liga (Matchweek 27)","Osasuna","4-2-3-1",1,1,"Ante Budimir · 76&rsquor;",2,0,"Alavés","4-3-3",0,1,"",1,0,"https://fbref.com/en/matches/9bee2dfe/Osasuna-Alaves-March-4-2024-La-Liga","Osasuna","Home",NA,990,508,454,54,13,0,3,20,32,5,3,2,0,366,0,15
"La Liga","2024-03-04","La Liga (Matchweek 27)","Osasuna","4-2-3-1",1,1,"Ante Budimir · 76&rsquor;",2,0,"Alavés","4-3-3",0,1,"",1,0,"https://fbref.com/en/matches/9bee2dfe/Osasuna-Alaves-March-4-2024-La-Liga","Alavés","Away",NA,990,418,366,50,15,1,5,27,20,5,1,1,0,296,2,10
"La Liga","2024-03-08","La Liga (Matchweek 28)","Barcelona","4-3-3",1,2,"Lamine Yamal · 73&rsquor;",1,0,"Mallorca","5-3-2",0,0.6,"",1,0,"https://fbref.com/en/matches/893d91cd/Barcelona-Mallorca-March-8-2024-La-Liga","Barcelona","Home",NA,990,649,598,49,18,3,4,14,19,4,0,2,0,564,2,5
"La Liga","2024-03-08","La Liga (Matchweek 28)","Barcelona","4-3-3",1,2,"Lamine Yamal · 73&rsquor;",1,0,"Mallorca","5-3-2",0,0.6,"",1,0,"https://fbref.com/en/matches/893d91cd/Barcelona-Mallorca-March-8-2024-La-Liga","Mallorca","Away",NA,990,375,343,26,11,1,2,22,7,1,0,1,0,281,6,6
"La Liga","2024-03-09","La Liga (Matchweek 28)","Valencia","4-4-2",1,0.8,"Hugo Duro · 40&rsquor;",2,0,"Getafe","4-4-2",0,1.3,"",3,0,"https://fbref.com/en/matches/f3a99bc6/Valencia-Getafe-March-9-2024-La-Liga","Valencia","Home",NA,990,444,382,60,21,1,4,17,23,5,0,2,0,323,2,16
"La Liga","2024-03-09","La Liga (Matchweek 28)","Valencia","4-4-2",1,0.8,"Hugo Duro · 40&rsquor;",2,0,"Getafe","4-4-2",0,1.3,"",3,0,"https://fbref.com/en/matches/f3a99bc6/Valencia-Getafe-March-9-2024-La-Liga","Getafe","Away",NA,990,427,372,53,12,0,3,33,25,5,4,1,0,296,2,8
"La Liga","2024-03-09","La Liga (Matchweek 28)","Cádiz","4-4-2",2,1.1,"Juanmi · 24&rsquor; Juanmi · 64&rsquor;",4,0,"Atlético Madrid","5-3-2",0,0.9,"",5,0,"https://fbref.com/en/matches/4626c60c/Cadiz-Atletico-Madrid-March-9-2024-La-Liga","Cádiz","Home",NA,990,406,363,39,16,0,2,15,13,3,0,3,0,295,4,9
"La Liga","2024-03-09","La Liga (Matchweek 28)","Cádiz","4-4-2",2,1.1,"Juanmi · 24&rsquor; Juanmi · 64&rsquor;",4,0,"Atlético Madrid","5-3-2",0,0.9,"",5,0,"https://fbref.com/en/matches/4626c60c/Cadiz-Atletico-Madrid-March-9-2024-La-Liga","Atlético Madrid","Away",NA,990,612,560,51,24,1,3,25,19,1,0,1,0,493,1,13
"La Liga","2024-03-09","La Liga (Matchweek 28)","Granada","4-4-2",2,1.7,"Myrto Uzuni (P) · 21&rsquor; Myrto Uzuni · 45+3&rsquor;",1,0,"Real Sociedad","4-1-4-1",3,2.1,"Umar Sadiq · 33&rsquor; Robin Le Normand · 80&rsquor; André Silva · 85&rsquor;",2,0,"https://fbref.com/en/matches/68564a87/Granada-Real-Sociedad-March-9-2024-La-Liga","Granada","Home",NA,990,305,255,49,15,0,3,13,20,4,1,2,0,193,1,9
"La Liga","2024-03-09","La Liga (Matchweek 28)","Granada","4-4-2",2,1.7,"Myrto Uzuni (P) · 21&rsquor; Myrto Uzuni · 45+3&rsquor;",1,0,"Real Sociedad","4-1-4-1",3,2.1,"Umar Sadiq · 33&rsquor; Robin Le Normand · 80&rsquor; André Silva · 85&rsquor;",2,0,"https://fbref.com/en/matches/68564a87/Granada-Real-Sociedad-March-9-2024-La-Liga","Real Sociedad","Away",NA,990,529,469,54,17,1,2,24,23,6,3,2,0,421,6,8
"La Liga","2024-03-09","La Liga (Matchweek 28)","Girona","3-4-3",2,1.9,"Portu · 13&rsquor; Sávio · 86&rsquor;",3,0,"Osasuna","3-5-1-1",0,0.2,"",3,0,"https://fbref.com/en/matches/0778b3ab/Girona-Osasuna-March-9-2024-La-Liga","Girona","Home",NA,990,591,531,54,18,5,2,14,20,5,3,1,0,520,6,8
"La Liga","2024-03-09","La Liga (Matchweek 28)","Girona","3-4-3",2,1.9,"Portu · 13&rsquor; Sávio · 86&rsquor;",3,0,"Osasuna","3-5-1-1",0,0.2,"",3,0,"https://fbref.com/en/matches/0778b3ab/Girona-Osasuna-March-9-2024-La-Liga","Osasuna","Away",NA,990,393,348,43,15,0,5,26,15,7,3,4,0,315,2,6
"La Liga","2024-03-10","La Liga (Matchweek 28)","Alavés","4-2-3-1",1,0.6,"Andoni Gorosabel · 44&rsquor;",2,0,"Rayo Vallecano","4-2-3-1",0,0.6,"",2,0,"https://fbref.com/en/matches/fd381a48/Alaves-Rayo-Vallecano-March-10-2024-La-Liga","Alavés","Home",NA,990,329,274,53,14,1,1,17,23,7,1,2,0,230,2,12
"La Liga","2024-03-10","La Liga (Matchweek 28)","Alavés","4-2-3-1",1,0.6,"Andoni Gorosabel · 44&rsquor;",2,0,"Rayo Vallecano","4-2-3-1",0,0.6,"",2,0,"https://fbref.com/en/matches/fd381a48/Alaves-Rayo-Vallecano-March-10-2024-La-Liga","Rayo Vallecano","Away",NA,990,625,575,46,14,1,3,21,13,5,2,2,0,519,4,7
"La Liga","2024-03-10","La Liga (Matchweek 28)","Las Palmas","4-1-4-1",0,1.2,"",3,0,"Athletic Club","4-2-3-1",2,1.1,"Gorka Guruzeta · 31&rsquor; Saúl Coco (OG) · 65&rsquor;",3,0,"https://fbref.com/en/matches/c5876baa/Las-Palmas-Athletic-Club-March-10-2024-La-Liga","Las Palmas","Home",NA,990,697,633,61,16,1,3,26,26,10,5,4,0,585,3,14
"La Liga","2024-03-10","La Liga (Matchweek 28)","Las Palmas","4-1-4-1",0,1.2,"",3,0,"Athletic Club","4-2-3-1",2,1.1,"Gorka Guruzeta · 31&rsquor; Saúl Coco (OG) · 65&rsquor;",3,0,"https://fbref.com/en/matches/c5876baa/Las-Palmas-Athletic-Club-March-10-2024-La-Liga","Athletic Club","Away",NA,990,296,250,43,11,1,5,13,21,3,1,2,0,190,3,6
"La Liga","2024-03-10","La Liga (Matchweek 28)","Real Madrid","4-3-1-2",4,3.4,"Vinicius Júnior · 21&rsquor; Vicente Guaita (OG) · 79&rsquor; Carlos Dominguez (OG) · 88&rsquor; Arda Güler · 90+4&rsquor;",2,0,"Celta Vigo","5-3-2",0,0.8,"",3,0,"https://fbref.com/en/matches/e829e739/Real-Madrid-Celta-Vigo-March-10-2024-La-Liga","Real Madrid","Home",NA,990,674,630,44,13,4,6,22,12,12,0,9,0,604,0,10
"La Liga","2024-03-10","La Liga (Matchweek 28)","Real Madrid","4-3-1-2",4,3.4,"Vinicius Júnior · 21&rsquor; Vicente Guaita (OG) · 79&rsquor; Carlos Dominguez (OG) · 88&rsquor; Arda Güler · 90+4&rsquor;",2,0,"Celta Vigo","5-3-2",0,0.8,"",3,0,"https://fbref.com/en/matches/e829e739/Real-Madrid-Celta-Vigo-March-10-2024-La-Liga","Celta Vigo","Away",NA,990,405,359,46,8,1,2,10,23,1,0,0,0,331,0,16
"La Liga","2024-03-10","La Liga (Matchweek 28)","Real Betis","4-2-3-1",2,1,"Guido Rodríguez · 30&rsquor; Willian José · 45+2&rsquor; Ezequiel Ávila · 70&rsquor;",4,1,"Villarreal","4-4-2",3,1.4,"Alex Baena · 40&rsquor; Sokratis Papastathopoulos (OG) · 48&rsquor; Alexander Sørloth · 67&rsquor; Alberto Moreno · 70&rsquor;",5,1,"https://fbref.com/en/matches/a9c711a7/Real-Betis-Villarreal-March-10-2024-La-Liga","Real Betis","Home",NA,969,556,502,54,18,1,3,33,18,11,6,4,0,458,0,10
"La Liga","2024-03-10","La Liga (Matchweek 28)","Real Betis","4-2-3-1",2,1,"Guido Rodríguez · 30&rsquor; Willian José · 45+2&rsquor; Ezequiel Ávila · 70&rsquor;",4,1,"Villarreal","4-4-2",3,1.4,"Alex Baena · 40&rsquor; Sokratis Papastathopoulos (OG) · 48&rsquor; Alexander Sørloth · 67&rsquor; Alberto Moreno · 70&rsquor;",5,1,"https://fbref.com/en/matches/a9c711a7/Real-Betis-Villarreal-March-10-2024-La-Liga","Villarreal","Away",NA,969,480,433,45,12,3,1,12,18,4,3,1,0,400,2,8
"La Liga","2024-03-11","La Liga (Matchweek 28)","Almería","4-2-3-1",2,2,"Adri Embarba · 38&rsquor; Marko Milovanović · 90+5&rsquor;",2,0,"Sevilla","5-3-2",2,2.4,"Dodi Lukebakio · 81&rsquor; Lucas Ocampos · 86&rsquor;",1,0,"https://fbref.com/en/matches/b60cb69e/Almeria-Sevilla-March-11-2024-La-Liga","Almería","Home",NA,990,456,403,51,13,2,4,14,27,1,0,1,0,349,2,6
"La Liga","2024-03-11","La Liga (Matchweek 28)","Almería","4-2-3-1",2,2,"Adri Embarba · 38&rsquor; Marko Milovanović · 90+5&rsquor;",2,0,"Sevilla","5-3-2",2,2.4,"Dodi Lukebakio · 81&rsquor; Lucas Ocampos · 86&rsquor;",1,0,"https://fbref.com/en/matches/b60cb69e/Almeria-Sevilla-March-11-2024-La-Liga","Sevilla","Away",NA,990,590,540,48,7,1,5,21,19,8,5,1,0,464,2,11
"La Liga","2024-03-15","La Liga (Matchweek 29)","Real Sociedad","4-3-3",2,1.9,"Mikel Merino · 28&rsquor; Arsen Zakharyan · 68&rsquor;",3,0,"Cádiz","4-4-2",0,0.8,"",1,0,"https://fbref.com/en/matches/f6be96b2/Real-Sociedad-Cadiz-March-15-2024-La-Liga","Real Sociedad","Home",NA,990,621,571,49,10,3,6,15,24,8,2,3,0,493,1,10
"La Liga","2024-03-15","La Liga (Matchweek 29)","Real Sociedad","4-3-3",2,1.9,"Mikel Merino · 28&rsquor; Arsen Zakharyan · 68&rsquor;",3,0,"Cádiz","4-4-2",0,0.8,"",1,0,"https://fbref.com/en/matches/f6be96b2/Real-Sociedad-Cadiz-March-15-2024-La-Liga","Cádiz","Away",NA,990,359,315,39,13,0,1,9,12,2,0,2,0,239,5,3
"La Liga","2024-03-16","La Liga (Matchweek 29)","Mallorca","5-3-2",1,1.6,"Antonio Raillo · 85&rsquor;",2,0,"Granada","4-4-2",0,0.4,"",0,0,"https://fbref.com/en/matches/62e3bbb2/Mallorca-Granada-March-16-2024-La-Liga","Mallorca","Home",NA,990,450,392,55,8,0,7,28,32,10,3,6,0,326,3,16
"La Liga","2024-03-16","La Liga (Matchweek 29)","Mallorca","5-3-2",1,1.6,"Antonio Raillo · 85&rsquor;",2,0,"Granada","4-4-2",0,0.4,"",0,0,"https://fbref.com/en/matches/62e3bbb2/Mallorca-Granada-March-16-2024-La-Liga","Granada","Away",NA,990,418,365,53,20,0,1,11,19,2,0,2,0,316,0,9
"La Liga","2024-03-16","La Liga (Matchweek 29)","Osasuna","3-5-2",2,0.7,"Ante Budimir · 7&rsquor; Iker Muñoz · 90+1&rsquor;",3,0,"Real Madrid","4-3-3",4,2.9,"Vinicius Júnior · 4&rsquor; Dani Carvajal · 18&rsquor; Brahim Díaz · 61&rsquor; Vinicius Júnior · 64&rsquor;",2,0,"https://fbref.com/en/matches/132fdf9c/Osasuna-Real-Madrid-March-16-2024-La-Liga","Osasuna","Home",NA,990,355,312,42,11,0,4,22,14,5,2,3,0,269,1,7
"La Liga","2024-03-16","La Liga (Matchweek 29)","Osasuna","3-5-2",2,0.7,"Ante Budimir · 7&rsquor; Iker Muñoz · 90+1&rsquor;",3,0,"Real Madrid","4-3-3",4,2.9,"Vinicius Júnior · 4&rsquor; Dani Carvajal · 18&rsquor; Brahim Díaz · 61&rsquor; Vinicius Júnior · 64&rsquor;",2,0,"https://fbref.com/en/matches/132fdf9c/Osasuna-Real-Madrid-March-16-2024-La-Liga","Real Madrid","Away",NA,990,619,551,65,20,5,8,7,25,7,2,2,0,529,3,16
"La Liga","2024-03-16","La Liga (Matchweek 29)","Getafe","4-1-4-1",1,1.2,"Jesús Santiago · 33&rsquor;",4,0,"Girona","4-2-3-1",0,1.8,"",4,0,"https://fbref.com/en/matches/a0f615f1/Getafe-Girona-March-16-2024-La-Liga","Getafe","Home",NA,990,368,320,47,14,2,6,9,19,2,1,1,0,265,1,7
"La Liga","2024-03-16","La Liga (Matchweek 29)","Getafe","4-1-4-1",1,1.2,"Jesús Santiago · 33&rsquor;",4,0,"Girona","4-2-3-1",0,1.8,"",4,0,"https://fbref.com/en/matches/a0f615f1/Getafe-Girona-March-16-2024-La-Liga","Girona","Away",NA,990,522,468,52,16,1,5,23,22,5,2,3,0,419,2,15
"La Liga","2024-03-16","La Liga (Matchweek 29)","Athletic Club","4-2-3-1",2,1.7,"Gorka Guruzeta · 32&rsquor; Gorka Guruzeta · 37&rsquor;",1,0,"Alavés","4-2-3-1",0,1.3,"",3,0,"https://fbref.com/en/matches/353fc7dc/Athletic-Club-Alaves-March-16-2024-La-Liga","Athletic Club","Home",NA,990,606,559,41,15,4,8,18,17,5,3,1,0,501,6,10
"La Liga","2024-03-16","La Liga (Matchweek 29)","Athletic Club","4-2-3-1",2,1.7,"Gorka Guruzeta · 32&rsquor; Gorka Guruzeta · 37&rsquor;",1,0,"Alavés","4-2-3-1",0,1.3,"",3,0,"https://fbref.com/en/matches/353fc7dc/Athletic-Club-Alaves-March-16-2024-La-Liga","Alavés","Away",NA,990,415,368,45,12,0,8,15,16,4,1,1,0,291,2,13
"La Liga","2024-03-17","La Liga (Matchweek 29)","Sevilla","5-3-2",1,1.7,"Youssef En-Nesyri · 18&rsquor;",4,0,"Celta Vigo","3-4-3",2,1.6,"Carles Pérez · 72&rsquor; Jørgen Strand Larsen · 78&rsquor;",0,0,"https://fbref.com/en/matches/677dc25e/Sevilla-Celta-Vigo-March-17-2024-La-Liga","Sevilla","Home",NA,990,390,344,45,9,0,4,10,21,3,2,1,0,306,1,11
"La Liga","2024-03-17","La Liga (Matchweek 29)","Sevilla","5-3-2",1,1.7,"Youssef En-Nesyri · 18&rsquor;",4,0,"Celta Vigo","3-4-3",2,1.6,"Carles Pérez · 72&rsquor; Jørgen Strand Larsen · 78&rsquor;",0,0,"https://fbref.com/en/matches/677dc25e/Sevilla-Celta-Vigo-March-17-2024-La-Liga","Celta Vigo","Away",NA,990,698,640,55,14,5,4,17,21,8,5,2,0,615,3,16
"La Liga","2024-03-17","La Liga (Matchweek 29)","Las Palmas","4-5-1",0,0.9,"",2,0,"Almería","4-2-3-1",1,0.8,"Léo Baptistão · 14&rsquor;",2,0,"https://fbref.com/en/matches/09fcfcbf/Las-Palmas-Almeria-March-17-2024-La-Liga","Las Palmas","Home",NA,990,664,606,55,20,2,4,33,22,11,4,4,0,548,3,12
"La Liga","2024-03-17","La Liga (Matchweek 29)","Las Palmas","4-5-1",0,0.9,"",2,0,"Almería","4-2-3-1",1,0.8,"Léo Baptistão · 14&rsquor;",2,0,"https://fbref.com/en/matches/09fcfcbf/Las-Palmas-Almeria-March-17-2024-La-Liga","Almería","Away",NA,990,353,305,45,11,0,2,10,14,3,1,0,0,243,3,12
"La Liga","2024-03-17","La Liga (Matchweek 29)","Villarreal","4-4-2",1,2,"Jorge Cuenca · 54&rsquor;",5,0,"Valencia","4-4-2",0,1.1,"",1,0,"https://fbref.com/en/matches/d88d960f/Villarreal-Valencia-March-17-2024-La-Liga","Villarreal","Home",NA,990,513,468,44,13,4,4,14,19,5,2,2,0,412,1,10
"La Liga","2024-03-17","La Liga (Matchweek 29)","Villarreal","4-4-2",1,2,"Jorge Cuenca · 54&rsquor;",5,0,"Valencia","4-4-2",0,1.1,"",1,0,"https://fbref.com/en/matches/d88d960f/Villarreal-Valencia-March-17-2024-La-Liga","Valencia","Away",NA,990,466,417,47,13,4,6,18,23,2,0,2,0,345,2,6
"La Liga","2024-03-17","La Liga (Matchweek 29)","Rayo Vallecano","4-2-3-1",2,0.7,"Florian Lejeune · 40&rsquor; Sergio Camello · 78&rsquor;",4,0,"Real Betis","4-2-3-1",0,0.8,"",4,0,"https://fbref.com/en/matches/8ace3465/Rayo-Vallecano-Real-Betis-March-17-2024-La-Liga","Rayo Vallecano","Home",NA,990,329,274,53,16,0,2,16,23,4,3,1,0,208,2,11
"La Liga","2024-03-17","La Liga (Matchweek 29)","Rayo Vallecano","4-2-3-1",2,0.7,"Florian Lejeune · 40&rsquor; Sergio Camello · 78&rsquor;",4,0,"Real Betis","4-2-3-1",0,0.8,"",4,0,"https://fbref.com/en/matches/8ace3465/Rayo-Vallecano-Real-Betis-March-17-2024-La-Liga","Real Betis","Away",NA,990,523,446,75,24,0,5,19,38,8,4,3,0,380,2,14
"La Liga","2024-03-17","La Liga (Matchweek 29)","Atlético Madrid","3-4-3",0,0.8,"Nahuel Molina · 90+2&rsquor;",3,1,"Barcelona","4-3-3",3,1.5,"João Félix · 38&rsquor; Robert Lewandowski · 47&rsquor; Fermin López · 65&rsquor;",1,0,"https://fbref.com/en/matches/bccce279/Atletico-Madrid-Barcelona-March-17-2024-La-Liga","Atlético Madrid","Home",NA,989,400,350,42,9,2,2,20,14,7,3,2,0,305,8,8
"La Liga","2024-03-17","La Liga (Matchweek 29)","Atlético Madrid","3-4-3",0,0.8,"Nahuel Molina · 90+2&rsquor;",3,1,"Barcelona","4-3-3",3,1.5,"João Félix · 38&rsquor; Robert Lewandowski · 47&rsquor; Fermin López · 65&rsquor;",1,0,"https://fbref.com/en/matches/bccce279/Atletico-Madrid-Barcelona-March-17-2024-La-Liga","Barcelona","Away",NA,990,570,513,57,22,3,3,13,19,3,0,3,0,489,0,9
"La Liga","2024-03-29","La Liga (Matchweek 30)","Cádiz","4-4-2",1,1.6,"Roberto Navarro · 51&rsquor;",2,0,"Granada","5-4-1",0,0.5,"",4,0,"https://fbref.com/en/matches/8b40ebf8/Cadiz-Granada-March-29-2024-La-Liga","Cádiz","Home",NA,990,525,469,54,15,0,1,21,24,5,3,1,0,409,2,10
"La Liga","2024-03-29","La Liga (Matchweek 30)","Cádiz","4-4-2",1,1.6,"Roberto Navarro · 51&rsquor;",2,0,"Granada","5-4-1",0,0.5,"",4,0,"https://fbref.com/en/matches/8b40ebf8/Cadiz-Granada-March-29-2024-La-Liga","Granada","Away",NA,990,366,313,52,18,0,2,14,19,2,1,1,0,250,1,11
"La Liga","2024-03-30","La Liga (Matchweek 30)","Getafe","4-1-4-1",0,1.6,"",4,0,"Sevilla","5-3-2",1,0.8,"Sergio Ramos · 5&rsquor;",5,0,"https://fbref.com/en/matches/225535f4/Getafe-Sevilla-March-30-2024-La-Liga","Getafe","Home",NA,990,629,567,58,16,0,10,20,26,6,3,1,0,499,4,11
"La Liga","2024-03-30","La Liga (Matchweek 30)","Getafe","4-1-4-1",0,1.6,"",4,0,"Sevilla","5-3-2",1,0.8,"Sergio Ramos · 5&rsquor;",5,0,"https://fbref.com/en/matches/225535f4/Getafe-Sevilla-March-30-2024-La-Liga","Sevilla","Away",NA,990,323,269,52,14,0,5,13,25,3,2,1,0,202,2,8
"La Liga","2024-03-30","La Liga (Matchweek 30)","Almería","4-3-3",0,0.8,"",3,0,"Osasuna","4-4-2",3,1,"José Arnaiz · 2&rsquor; Ante Budimir · 9&rsquor; Iker Muñoz · 61&rsquor;",2,0,"https://fbref.com/en/matches/2faf48dd/Almeria-Osasuna-March-30-2024-La-Liga","Almería","Home",NA,990,471,416,53,16,0,3,23,21,6,3,2,0,382,2,10
"La Liga","2024-03-30","La Liga (Matchweek 30)","Almería","4-3-3",0,0.8,"",3,0,"Osasuna","4-4-2",3,1,"José Arnaiz · 2&rsquor; Ante Budimir · 9&rsquor; Iker Muñoz · 61&rsquor;",2,0,"https://fbref.com/en/matches/2faf48dd/Almeria-Osasuna-March-30-2024-La-Liga","Osasuna","Away",NA,990,454,398,54,15,0,5,11,24,1,0,1,0,342,2,9
"La Liga","2024-03-30","La Liga (Matchweek 30)","Valencia","4-4-2",0,1.5,"",0,0,"Mallorca","5-3-2",0,0.9,"",2,0,"https://fbref.com/en/matches/d9329662/Valencia-Mallorca-March-30-2024-La-Liga","Valencia","Home",NA,990,538,484,54,11,1,3,17,33,3,0,2,0,424,0,12
"La Liga","2024-03-30","La Liga (Matchweek 30)","Valencia","4-4-2",0,1.5,"",0,0,"Mallorca","5-3-2",0,0.9,"",2,0,"https://fbref.com/en/matches/d9329662/Valencia-Mallorca-March-30-2024-La-Liga","Mallorca","Away",NA,990,469,431,37,8,1,6,20,16,3,1,0,1,361,1,9
"La Liga","2024-03-30","La Liga (Matchweek 30)","Barcelona","4-3-3",1,1.7,"Raphinha · 59&rsquor;",5,0,"Las Palmas","4-5-1",0,0.3,"Álvaro Vallés · 24&rsquor;",1,1,"https://fbref.com/en/matches/0ba647fb/Barcelona-Las-Palmas-March-30-2024-La-Liga","Barcelona","Home",NA,990,770,716,46,12,1,4,17,22,6,0,4,0,670,8,12
"La Liga","2024-03-30","La Liga (Matchweek 30)","Barcelona","4-3-3",1,1.7,"Raphinha · 59&rsquor;",5,0,"Las Palmas","4-5-1",0,0.3,"Álvaro Vallés · 24&rsquor;",1,1,"https://fbref.com/en/matches/0ba647fb/Barcelona-Las-Palmas-March-30-2024-La-Liga","Las Palmas","Away",NA,923,353,300,49,17,0,0,11,20,1,1,0,0,252,4,11
"La Liga","2024-03-31","La Liga (Matchweek 30)","Celta Vigo","3-4-3",0,0.8,"",3,0,"Rayo Vallecano","4-2-3-1",0,0.6,"",3,0,"https://fbref.com/en/matches/b407fe75/Celta-Vigo-Rayo-Vallecano-March-31-2024-La-Liga","Celta Vigo","Home",NA,990,625,573,51,16,2,5,23,24,3,0,2,0,526,1,5
"La Liga","2024-03-31","La Liga (Matchweek 30)","Celta Vigo","3-4-3",0,0.8,"",3,0,"Rayo Vallecano","4-2-3-1",0,0.6,"",3,0,"https://fbref.com/en/matches/b407fe75/Celta-Vigo-Rayo-Vallecano-March-31-2024-La-Liga","Rayo Vallecano","Away",NA,990,406,362,43,13,0,2,14,19,2,1,1,0,312,1,9
"La Liga","2024-03-31","La Liga (Matchweek 30)","Girona","3-4-3",3,2.6,"Artem Dovbyk (P) · 36&rsquor; Artem Dovbyk · 65&rsquor; Cristhian Stuani · 90+2&rsquor;",3,0,"Real Betis","4-1-4-1",2,0.5,"Willian José · 45+4&rsquor; Willian José · 76&rsquor;",4,0,"https://fbref.com/en/matches/43f30f97/Girona-Real-Betis-March-31-2024-La-Liga","Girona","Home",NA,990,624,568,53,15,3,0,17,27,5,5,0,0,532,3,7
"La Liga","2024-03-31","La Liga (Matchweek 30)","Girona","3-4-3",3,2.6,"Artem Dovbyk (P) · 36&rsquor; Artem Dovbyk · 65&rsquor; Cristhian Stuani · 90+2&rsquor;",3,0,"Real Betis","4-1-4-1",2,0.5,"Willian José · 45+4&rsquor; Willian José · 76&rsquor;",4,0,"https://fbref.com/en/matches/43f30f97/Girona-Real-Betis-March-31-2024-La-Liga","Real Betis","Away",NA,990,467,421,44,16,1,2,12,15,4,1,2,0,378,2,11
"La Liga","2024-03-31","La Liga (Matchweek 30)","Alavés","4-2-3-1",0,0.3,"",2,0,"Real Sociedad","4-3-3",1,0.9,"Jon Pacheco · 59&rsquor;",2,0,"https://fbref.com/en/matches/47e43855/Alaves-Real-Sociedad-March-31-2024-La-Liga","Alavés","Home",NA,990,366,306,57,17,0,6,12,25,3,1,2,0,246,3,8
"La Liga","2024-03-31","La Liga (Matchweek 30)","Alavés","4-2-3-1",0,0.3,"",2,0,"Real Sociedad","4-3-3",1,0.9,"Jon Pacheco · 59&rsquor;",2,0,"https://fbref.com/en/matches/47e43855/Alaves-Real-Sociedad-March-31-2024-La-Liga","Real Sociedad","Away",NA,990,521,465,53,12,1,1,18,25,8,1,7,0,398,3,8
"La Liga","2024-03-31","La Liga (Matchweek 30)","Real Madrid","4-2-2-2",2,1.1,"Rodrygo · 8&rsquor; Rodrygo · 73&rsquor;",2,0,"Athletic Club","4-2-3-1",0,0.3,"",1,0,"https://fbref.com/en/matches/cb8f8470/Real-Madrid-Athletic-Club-March-31-2024-La-Liga","Real Madrid","Home",NA,990,681,638,42,13,0,3,10,16,4,1,3,0,600,1,9
"La Liga","2024-03-31","La Liga (Matchweek 30)","Real Madrid","4-2-2-2",2,1.1,"Rodrygo · 8&rsquor; Rodrygo · 73&rsquor;",2,0,"Athletic Club","4-2-3-1",0,0.3,"",1,0,"https://fbref.com/en/matches/cb8f8470/Real-Madrid-Athletic-Club-March-31-2024-La-Liga","Athletic Club","Away",NA,990,485,444,41,10,1,1,22,15,7,0,6,0,391,0,11
"La Liga","2024-04-01","La Liga (Matchweek 30)","Villarreal","4-3-3",1,0.8,"Alexander Sørloth · 50&rsquor;",3,0,"Atlético Madrid","5-3-2",2,1.3,"Axel Witsel · 9&rsquor; Saúl Ñíguez · 87&rsquor;",3,0,"https://fbref.com/en/matches/ea244c20/Villarreal-Atletico-Madrid-April-1-2024-La-Liga","Villarreal","Home",NA,990,561,501,59,22,0,2,18,24,3,2,0,0,474,1,12
"La Liga","2024-04-01","La Liga (Matchweek 30)","Villarreal","4-3-3",1,0.8,"Alexander Sørloth · 50&rsquor;",3,0,"Atlético Madrid","5-3-2",2,1.3,"Axel Witsel · 9&rsquor; Saúl Ñíguez · 87&rsquor;",3,0,"https://fbref.com/en/matches/ea244c20/Villarreal-Atletico-Madrid-April-1-2024-La-Liga","Atlético Madrid","Away",NA,990,509,466,43,15,2,6,12,13,3,2,0,0,425,0,9
"La Liga","2024-04-04","La Liga (Matchweek 26)","Granada","4-4-2",0,0.6,"",3,0,"Valencia","4-4-2",1,0.4,"Domingos André Ribeiro Almeida · 77&rsquor;",1,0,"https://fbref.com/en/matches/e8f66280/Granada-Valencia-April-4-2024-La-Liga","Granada","Home",NA,990,486,430,54,14,1,2,21,29,5,0,3,0,353,2,3
"La Liga","2024-04-04","La Liga (Matchweek 26)","Granada","4-4-2",0,0.6,"",3,0,"Valencia","4-4-2",1,0.4,"Domingos André Ribeiro Almeida · 77&rsquor;",1,0,"https://fbref.com/en/matches/e8f66280/Granada-Valencia-April-4-2024-La-Liga","Valencia","Away",NA,990,362,304,58,22,2,2,12,22,4,1,2,0,245,0,8
"La Liga","2024-04-12","La Liga (Matchweek 31)","Real Betis","4-2-3-1",2,1.2,"Juan Miranda · 53&rsquor; Nabil Fekir · 83&rsquor;",1,0,"Celta Vigo","3-4-3",1,1.6,"Jørgen Strand Larsen · 90+1&rsquor;",0,0,"https://fbref.com/en/matches/a7ba44ee/Real-Betis-Celta-Vigo-April-12-2024-La-Liga","Real Betis","Home",NA,990,550,506,43,10,1,8,17,17,6,1,3,0,463,1,7
"La Liga","2024-04-12","La Liga (Matchweek 31)","Real Betis","4-2-3-1",2,1.2,"Juan Miranda · 53&rsquor; Nabil Fekir · 83&rsquor;",1,0,"Celta Vigo","3-4-3",1,1.6,"Jørgen Strand Larsen · 90+1&rsquor;",0,0,"https://fbref.com/en/matches/a7ba44ee/Real-Betis-Celta-Vigo-April-12-2024-La-Liga","Celta Vigo","Away",NA,990,625,575,49,8,1,3,15,24,5,3,1,0,528,1,11
"La Liga","2024-04-13","La Liga (Matchweek 31)","Atlético Madrid","4-4-2",3,2.3,"Antoine Griezmann (P) · 34&rsquor; Ángel Correa · 45+6&rsquor; Antoine Griezmann · 50&rsquor;",3,0,"Girona","4-5-1",1,2.4,"Artem Dovbyk · 4&rsquor;",2,0,"https://fbref.com/en/matches/d1461be3/Atletico-Madrid-Girona-April-13-2024-La-Liga","Atlético Madrid","Home",NA,990,461,420,38,11,0,4,14,11,2,2,0,0,378,3,7
"La Liga","2024-04-13","La Liga (Matchweek 31)","Atlético Madrid","4-4-2",3,2.3,"Antoine Griezmann (P) · 34&rsquor; Ángel Correa · 45+6&rsquor; Antoine Griezmann · 50&rsquor;",3,0,"Girona","4-5-1",1,2.4,"Artem Dovbyk · 4&rsquor;",2,0,"https://fbref.com/en/matches/d1461be3/Atletico-Madrid-Girona-April-13-2024-La-Liga","Girona","Away",NA,990,661,612,49,21,0,3,13,16,0,0,0,0,591,0,10
"La Liga","2024-04-13","La Liga (Matchweek 31)","Rayo Vallecano","4-4-2",0,1,"",4,0,"Getafe","4-4-1-1",0,0.3,"",6,0,"https://fbref.com/en/matches/1ebfb4e4/Rayo-Vallecano-Getafe-April-13-2024-La-Liga","Rayo Vallecano","Home",NA,990,489,434,51,18,2,2,24,20,3,1,1,0,370,4,8
"La Liga","2024-04-13","La Liga (Matchweek 31)","Rayo Vallecano","4-4-2",0,1,"",4,0,"Getafe","4-4-1-1",0,0.3,"",6,0,"https://fbref.com/en/matches/1ebfb4e4/Rayo-Vallecano-Getafe-April-13-2024-La-Liga","Getafe","Away",NA,990,282,237,43,20,0,5,6,12,0,0,0,0,169,2,7
"La Liga","2024-04-13","La Liga (Matchweek 31)","Mallorca","5-4-1",0,0.6,"",2,0,"Real Madrid","4-2-3-1",1,1.5,"Aurélien Tchouaméni · 48&rsquor;",1,0,"https://fbref.com/en/matches/8887cd3f/Mallorca-Real-Madrid-April-13-2024-La-Liga","Mallorca","Home",NA,990,467,426,40,8,0,1,25,21,4,1,2,0,367,1,13
"La Liga","2024-04-13","La Liga (Matchweek 31)","Mallorca","5-4-1",0,0.6,"",2,0,"Real Madrid","4-2-3-1",1,1.5,"Aurélien Tchouaméni · 48&rsquor;",1,0,"https://fbref.com/en/matches/8887cd3f/Mallorca-Real-Madrid-April-13-2024-La-Liga","Real Madrid","Away",NA,990,593,550,42,18,1,4,11,17,2,1,1,0,505,1,9
"La Liga","2024-04-13","La Liga (Matchweek 31)","Cádiz","4-4-2",0,1,"",3,0,"Barcelona","4-3-3",1,0.9,"João Félix · 37&rsquor;",3,0,"https://fbref.com/en/matches/a4bd2f2a/Cadiz-Barcelona-April-13-2024-La-Liga","Cádiz","Home",NA,990,379,319,55,17,2,3,25,20,8,1,6,0,271,5,7
"La Liga","2024-04-13","La Liga (Matchweek 31)","Cádiz","4-4-2",0,1,"",3,0,"Barcelona","4-3-3",1,0.9,"João Félix · 37&rsquor;",3,0,"https://fbref.com/en/matches/a4bd2f2a/Cadiz-Barcelona-April-13-2024-La-Liga","Barcelona","Away",NA,990,609,546,61,22,1,3,15,22,4,2,2,0,505,2,13
"La Liga","2024-04-14","La Liga (Matchweek 31)","Las Palmas","4-5-1",0,0.1,"Saúl Coco · 6&rsquor;",3,1,"Sevilla","5-3-2",2,2.1,"Youssef En-Nesyri · 43&rsquor; Dodi Lukebakio · 90+3&rsquor;",3,0,"https://fbref.com/en/matches/5a35c6d1/Las-Palmas-Sevilla-April-14-2024-La-Liga","Las Palmas","Home",NA,905,666,601,63,14,0,0,20,31,6,1,4,0,579,2,14
"La Liga","2024-04-14","La Liga (Matchweek 31)","Las Palmas","4-5-1",0,0.1,"Saúl Coco · 6&rsquor;",3,1,"Sevilla","5-3-2",2,2.1,"Youssef En-Nesyri · 43&rsquor; Dodi Lukebakio · 90+3&rsquor;",3,0,"https://fbref.com/en/matches/5a35c6d1/Las-Palmas-Sevilla-April-14-2024-La-Liga","Sevilla","Away",NA,990,395,360,33,9,6,4,20,16,2,2,0,0,327,2,8
"La Liga","2024-04-14","La Liga (Matchweek 31)","Granada","4-4-2",2,1.3,"Myrto Uzuni (P) · 9&rsquor; Lucas Boyé · 38&rsquor;",3,0,"Alavés","4-2-3-1",0,0.3,"",2,0,"https://fbref.com/en/matches/f08ebff7/Granada-Alaves-April-14-2024-La-Liga","Granada","Home",NA,990,302,258,42,13,0,5,8,17,1,0,1,0,197,2,4
"La Liga","2024-04-14","La Liga (Matchweek 31)","Granada","4-4-2",2,1.3,"Myrto Uzuni (P) · 9&rsquor; Lucas Boyé · 38&rsquor;",3,0,"Alavés","4-2-3-1",0,0.3,"",2,0,"https://fbref.com/en/matches/f08ebff7/Granada-Alaves-April-14-2024-La-Liga","Alavés","Away",NA,990,489,417,68,17,1,6,25,36,5,1,1,1,366,4,18
"La Liga","2024-04-14","La Liga (Matchweek 31)","Athletic Club","4-2-3-1",1,0.7,"Oihan Sancet · 66&rsquor;",3,0,"Villarreal","4-4-2",1,2.1,"Santi Comesaña · 46&rsquor; Daniel Parejo (P) · 90+5&rsquor;",4,1,"https://fbref.com/en/matches/941a4629/Athletic-Club-Villarreal-April-14-2024-La-Liga","Athletic Club","Home",NA,990,542,500,41,12,1,1,25,19,3,0,1,0,449,1,11
"La Liga","2024-04-14","La Liga (Matchweek 31)","Athletic Club","4-2-3-1",1,0.7,"Oihan Sancet · 66&rsquor;",3,0,"Villarreal","4-4-2",1,2.1,"Santi Comesaña · 46&rsquor; Daniel Parejo (P) · 90+5&rsquor;",4,1,"https://fbref.com/en/matches/941a4629/Athletic-Club-Villarreal-April-14-2024-La-Liga","Villarreal","Away",NA,945,490,449,39,12,0,4,11,15,1,1,0,0,390,2,4
"La Liga","2024-04-14","La Liga (Matchweek 31)","Real Sociedad","4-4-2",2,1.5,"Sheraldo Becker · 32&rsquor; Mikel Oyarzabal · 59&rsquor; Igor Zubeldia · 86&rsquor;",2,1,"Almería","4-2-3-1",2,1.6,"Adri Embarba · 30&rsquor; Adri Embarba (P) · 88&rsquor;",2,0,"https://fbref.com/en/matches/32b50c2a/Real-Sociedad-Almeria-April-14-2024-La-Liga","Real Sociedad","Home",NA,985,468,420,46,9,0,3,31,25,5,2,3,0,359,2,7
"La Liga","2024-04-14","La Liga (Matchweek 31)","Real Sociedad","4-4-2",2,1.5,"Sheraldo Becker · 32&rsquor; Mikel Oyarzabal · 59&rsquor; Igor Zubeldia · 86&rsquor;",2,1,"Almería","4-2-3-1",2,1.6,"Adri Embarba · 30&rsquor; Adri Embarba (P) · 88&rsquor;",2,0,"https://fbref.com/en/matches/32b50c2a/Real-Sociedad-Almeria-April-14-2024-La-Liga","Almería","Away",NA,990,473,412,60,17,0,1,6,24,1,0,1,0,378,1,11
"La Liga","2024-04-15","La Liga (Matchweek 31)","Osasuna","4-4-2",0,1.9,"",0,0,"Valencia","4-4-2",1,0.2,"Domingos André Ribeiro Almeida · 18&rsquor;",2,0,"https://fbref.com/en/matches/47963fdb/Osasuna-Valencia-April-15-2024-La-Liga","Osasuna","Home",NA,990,676,616,55,9,0,3,37,35,4,2,1,0,533,5,16
"La Liga","2024-04-15","La Liga (Matchweek 31)","Osasuna","4-4-2",0,1.9,"",0,0,"Valencia","4-4-2",1,0.2,"Domingos André Ribeiro Almeida · 18&rsquor;",2,0,"https://fbref.com/en/matches/47963fdb/Osasuna-Valencia-April-15-2024-La-Liga","Valencia","Away",NA,990,359,312,47,15,0,2,6,15,1,1,0,0,238,0,9
"La Liga","2024-04-19","La Liga (Matchweek 32)","Athletic Club","4-2-3-1",1,1.5,"Gorka Guruzeta · 24&rsquor;",4,0,"Granada","4-4-2",1,0.2,"Iñaki Williams (OG) · 6&rsquor;",2,0,"https://fbref.com/en/matches/77710902/Athletic-Club-Granada-April-19-2024-La-Liga","Athletic Club","Home",NA,990,670,600,69,16,6,1,34,32,11,9,0,0,545,1,11
"La Liga","2024-04-19","La Liga (Matchweek 32)","Athletic Club","4-2-3-1",1,1.5,"Gorka Guruzeta · 24&rsquor;",4,0,"Granada","4-4-2",1,0.2,"Iñaki Williams (OG) · 6&rsquor;",2,0,"https://fbref.com/en/matches/77710902/Athletic-Club-Granada-April-19-2024-La-Liga","Granada","Away",NA,990,327,283,43,12,0,3,17,14,4,2,1,0,222,1,10
"La Liga","2024-04-20","La Liga (Matchweek 32)","Celta Vigo","3-4-3",4,4,"Iago Aspas · 37&rsquor; Williot Swedberg · 39&rsquor; Anastasios Douvikas · 71&rsquor; Iago Aspas · 76&rsquor;",1,0,"Las Palmas","4-5-1",1,1,"Juan Herzog · 11&rsquor;",0,0,"https://fbref.com/en/matches/a3ba5e25/Celta-Vigo-Las-Palmas-April-20-2024-La-Liga","Celta Vigo","Home",NA,990,386,334,46,10,5,8,13,19,8,3,4,1,310,6,4
"La Liga","2024-04-20","La Liga (Matchweek 32)","Celta Vigo","3-4-3",4,4,"Iago Aspas · 37&rsquor; Williot Swedberg · 39&rsquor; Anastasios Douvikas · 71&rsquor; Iago Aspas · 76&rsquor;",1,0,"Las Palmas","4-5-1",1,1,"Juan Herzog · 11&rsquor;",0,0,"https://fbref.com/en/matches/a3ba5e25/Celta-Vigo-Las-Palmas-April-20-2024-La-Liga","Las Palmas","Away",NA,990,803,750,52,16,1,4,11,18,4,3,0,0,722,1,12
"La Liga","2024-04-20","La Liga (Matchweek 32)","Rayo Vallecano","4-4-2",2,0.5,"Pep Chavarría · 80&rsquor; Isaac Palazón Camacho · 84&rsquor;",4,0,"Osasuna","4-3-3",1,0.5,"Moi Gómez · 29&rsquor;",1,0,"https://fbref.com/en/matches/cbed4286/Rayo-Vallecano-Osasuna-April-20-2024-La-Liga","Rayo Vallecano","Home",NA,990,596,534,59,16,0,3,25,31,5,4,0,0,462,3,7
"La Liga","2024-04-20","La Liga (Matchweek 32)","Rayo Vallecano","4-4-2",2,0.5,"Pep Chavarría · 80&rsquor; Isaac Palazón Camacho · 84&rsquor;",4,0,"Osasuna","4-3-3",1,0.5,"Moi Gómez · 29&rsquor;",1,0,"https://fbref.com/en/matches/cbed4286/Rayo-Vallecano-Osasuna-April-20-2024-La-Liga","Osasuna","Away",NA,990,342,285,54,12,1,2,10,24,1,1,0,0,210,3,10
"La Liga","2024-04-20","La Liga (Matchweek 32)","Valencia","4-4-2",1,1.1,"José Luis García Vayá (P) · 66&rsquor;",2,0,"Real Betis","4-2-3-1",2,1.3,"Ayoze Pérez · 19&rsquor; Ayoze Pérez · 77&rsquor;",3,0,"https://fbref.com/en/matches/746db3ae/Valencia-Real-Betis-April-20-2024-La-Liga","Valencia","Home",NA,990,502,443,54,11,0,3,29,28,7,3,2,0,390,5,12
"La Liga","2024-04-20","La Liga (Matchweek 32)","Valencia","4-4-2",1,1.1,"José Luis García Vayá (P) · 66&rsquor;",2,0,"Real Betis","4-2-3-1",2,1.3,"Ayoze Pérez · 19&rsquor; Ayoze Pérez · 77&rsquor;",3,0,"https://fbref.com/en/matches/746db3ae/Valencia-Real-Betis-April-20-2024-La-Liga","Real Betis","Away",NA,990,421,366,53,21,0,3,11,18,6,2,3,0,317,2,16
"La Liga","2024-04-20","La Liga (Matchweek 32)","Girona","4-2-3-1",4,2.1,"Eric García · 9&rsquor; Iván Martín · 22&rsquor; Artem Dovbyk · 71&rsquor; Portu · 82&rsquor;",1,0,"Cádiz","4-4-2",1,1.6,"Gonzalo Escalante · 81&rsquor;",2,0,"https://fbref.com/en/matches/6e1ed9b8/Girona-Cadiz-April-20-2024-La-Liga","Girona","Home",NA,990,595,552,40,15,1,6,20,14,2,0,1,0,527,3,8
"La Liga","2024-04-20","La Liga (Matchweek 32)","Girona","4-2-3-1",4,2.1,"Eric García · 9&rsquor; Iván Martín · 22&rsquor; Artem Dovbyk · 71&rsquor; Portu · 82&rsquor;",1,0,"Cádiz","4-4-2",1,1.6,"Gonzalo Escalante · 81&rsquor;",2,0,"https://fbref.com/en/matches/6e1ed9b8/Girona-Cadiz-April-20-2024-La-Liga","Cádiz","Away",NA,990,449,401,47,14,0,1,25,17,4,0,3,0,363,1,5
"La Liga","2024-04-21","La Liga (Matchweek 32)","Getafe","4-2-3-1",1,0.5,"Óscar Rodríguez Arnaiz · 29&rsquor;",0,0,"Real Sociedad","4-3-3",1,1.2,"Ander Barrenetxea · 13&rsquor;",2,0,"https://fbref.com/en/matches/c0cdba0e/Getafe-Real-Sociedad-April-21-2024-La-Liga","Getafe","Home",NA,990,342,283,53,18,1,8,11,25,0,0,0,0,230,6,8
"La Liga","2024-04-21","La Liga (Matchweek 32)","Getafe","4-2-3-1",1,0.5,"Óscar Rodríguez Arnaiz · 29&rsquor;",0,0,"Real Sociedad","4-3-3",1,1.2,"Ander Barrenetxea · 13&rsquor;",2,0,"https://fbref.com/en/matches/c0cdba0e/Getafe-Real-Sociedad-April-21-2024-La-Liga","Real Sociedad","Away",NA,990,497,438,57,18,0,3,11,26,4,2,2,0,378,2,7
"La Liga","2024-04-21","La Liga (Matchweek 32)","Almería","4-2-3-1",1,1.8,"Anthony Lozano · 30&rsquor; Largie Ramazani · 87&rsquor;",4,1,"Villarreal","4-4-2",2,1.6,"Ilias Akhomach · 25&rsquor; Alexander Sørloth · 90+2&rsquor;",4,0,"https://fbref.com/en/matches/635dcbf9/Almeria-Villarreal-April-21-2024-La-Liga","Almería","Home",NA,986,551,496,54,18,2,5,23,19,5,3,1,0,475,1,7
"La Liga","2024-04-21","La Liga (Matchweek 32)","Almería","4-2-3-1",1,1.8,"Anthony Lozano · 30&rsquor; Largie Ramazani · 87&rsquor;",4,1,"Villarreal","4-4-2",2,1.6,"Ilias Akhomach · 25&rsquor; Alexander Sørloth · 90+2&rsquor;",4,0,"https://fbref.com/en/matches/635dcbf9/Almeria-Villarreal-April-21-2024-La-Liga","Villarreal","Away",NA,990,415,367,46,11,1,3,10,11,2,1,1,0,345,2,7
"La Liga","2024-04-21","La Liga (Matchweek 32)","Alavés","4-2-3-1",2,0.4,"Carlos Benavídez · 15&rsquor; Luis Rioja · 90+2&rsquor;",5,0,"Atlético Madrid","3-5-2",0,0.9,"",3,0,"https://fbref.com/en/matches/b40183ad/Alaves-Atletico-Madrid-April-21-2024-La-Liga","Alavés","Home",NA,990,270,230,40,13,0,0,18,18,1,0,0,0,178,0,8
"La Liga","2024-04-21","La Liga (Matchweek 32)","Alavés","4-2-3-1",2,0.4,"Carlos Benavídez · 15&rsquor; Luis Rioja · 90+2&rsquor;",5,0,"Atlético Madrid","3-5-2",0,0.9,"",3,0,"https://fbref.com/en/matches/b40183ad/Alaves-Atletico-Madrid-April-21-2024-La-Liga","Atlético Madrid","Away",NA,990,585,520,64,20,0,3,29,24,11,4,5,0,477,1,9
"La Liga","2024-04-21","La Liga (Matchweek 32)","Real Madrid","4-1-2-1-2",3,2.3,"Vinicius Júnior (P) · 18&rsquor; Lucas Vázquez · 73&rsquor; Jude Bellingham · 90+1&rsquor;",3,0,"Barcelona","4-3-3",2,1.4,"Andreas Christensen · 6&rsquor; Fermin López · 69&rsquor;",2,0,"https://fbref.com/en/matches/9699d0ae/El-Clasico-Real-Madrid-Barcelona-April-21-2024-La-Liga","Real Madrid","Home",NA,990,505,460,44,12,0,7,9,17,2,1,1,0,441,1,4
"La Liga","2024-04-21","La Liga (Matchweek 32)","Real Madrid","4-1-2-1-2",3,2.3,"Vinicius Júnior (P) · 18&rsquor; Lucas Vázquez · 73&rsquor; Jude Bellingham · 90+1&rsquor;",3,0,"Barcelona","4-3-3",2,1.4,"Andreas Christensen · 6&rsquor; Fermin López · 69&rsquor;",2,0,"https://fbref.com/en/matches/9699d0ae/El-Clasico-Real-Madrid-Barcelona-April-21-2024-La-Liga","Barcelona","Away",NA,990,575,527,46,10,0,6,18,18,8,5,1,0,506,2,10
"La Liga","2024-04-22","La Liga (Matchweek 32)","Sevilla","5-3-2",2,1.1,"Youssef En-Nesyri · 61&rsquor; Isaac Romero · 75&rsquor;",0,0,"Mallorca","5-4-1",1,0.7,"Abdón Prats · 90+5&rsquor;",2,0,"https://fbref.com/en/matches/2d5046e6/Sevilla-Mallorca-April-22-2024-La-Liga","Sevilla","Home",NA,990,562,524,37,12,1,2,20,16,4,3,1,0,466,1,8
"La Liga","2024-04-22","La Liga (Matchweek 32)","Sevilla","5-3-2",2,1.1,"Youssef En-Nesyri · 61&rsquor; Isaac Romero · 75&rsquor;",0,0,"Mallorca","5-4-1",1,0.7,"Abdón Prats · 90+5&rsquor;",2,0,"https://fbref.com/en/matches/2d5046e6/Sevilla-Mallorca-April-22-2024-La-Liga","Mallorca","Away",NA,990,487,434,48,10,3,4,18,19,4,1,1,0,381,5,6
"La Liga","2024-04-26","La Liga (Matchweek 33)","Real Sociedad","4-1-4-1",0,0.6,"",3,0,"Real Madrid","4-2-3-1",1,0.4,"Arda Güler · 29&rsquor;",4,0,"https://fbref.com/en/matches/3edf4d41/Real-Sociedad-Real-Madrid-April-26-2024-La-Liga","Real Sociedad","Home",NA,990,575,522,51,15,4,9,28,23,11,8,0,0,479,2,16
"La Liga","2024-04-26","La Liga (Matchweek 33)","Real Sociedad","4-1-4-1",0,0.6,"",3,0,"Real Madrid","4-2-3-1",1,0.4,"Arda Güler · 29&rsquor;",4,0,"https://fbref.com/en/matches/3edf4d41/Real-Sociedad-Real-Madrid-April-26-2024-La-Liga","Real Madrid","Away",NA,990,455,402,49,15,0,7,6,20,3,0,1,0,370,4,8
"La Liga","2024-04-27","La Liga (Matchweek 33)","Las Palmas","4-5-1",0,1.6,"",2,0,"Girona","4-2-3-1",2,1.9,"David López · 26&rsquor; Artem Dovbyk (P) · 57&rsquor;",3,0,"https://fbref.com/en/matches/e996fa16/Las-Palmas-Girona-April-27-2024-La-Liga","Las Palmas","Home",NA,990,658,592,63,12,3,5,19,37,4,0,3,0,540,3,15
"La Liga","2024-04-27","La Liga (Matchweek 33)","Las Palmas","4-5-1",0,1.6,"",2,0,"Girona","4-2-3-1",2,1.9,"David López · 26&rsquor; Artem Dovbyk (P) · 57&rsquor;",3,0,"https://fbref.com/en/matches/e996fa16/Las-Palmas-Girona-April-27-2024-La-Liga","Girona","Away",NA,990,419,375,41,13,3,1,11,18,2,1,1,0,321,3,10
"La Liga","2024-04-27","La Liga (Matchweek 33)","Almería","4-2-3-1",1,2.4,"Anthony Lozano · 41&rsquor; Jonathan Viera · 90+1&rsquor;",6,1,"Getafe","4-2-3-1",3,1.7,"Mason Greenwood · 27&rsquor; Mason Greenwood · 48&rsquor; Jaime Mata · 61&rsquor;",4,0,"https://fbref.com/en/matches/54592e27/Almeria-Getafe-April-27-2024-La-Liga","Almería","Home",NA,989,436,365,69,30,2,2,30,23,9,3,2,0,337,2,11
"La Liga","2024-04-27","La Liga (Matchweek 33)","Almería","4-2-3-1",1,2.4,"Anthony Lozano · 41&rsquor; Jonathan Viera · 90+1&rsquor;",6,1,"Getafe","4-2-3-1",3,1.7,"Mason Greenwood · 27&rsquor; Mason Greenwood · 48&rsquor; Jaime Mata · 61&rsquor;",4,0,"https://fbref.com/en/matches/54592e27/Almeria-Getafe-April-27-2024-La-Liga","Getafe","Away",NA,990,344,299,44,16,0,5,10,13,2,1,0,0,244,1,9
"La Liga","2024-04-27","La Liga (Matchweek 33)","Alavés","4-2-3-1",3,2.3,"Giuliano Simeone · 48&rsquor; Jon Guridi · 54&rsquor; Carlos Benavídez · 86&rsquor;",3,0,"Celta Vigo","3-4-3",0,0.2,"",3,0,"https://fbref.com/en/matches/ffe34927/Alaves-Celta-Vigo-April-27-2024-La-Liga","Alavés","Home",NA,990,335,279,55,9,1,1,31,28,8,0,4,0,227,1,13
"La Liga","2024-04-27","La Liga (Matchweek 33)","Alavés","4-2-3-1",3,2.3,"Giuliano Simeone · 48&rsquor; Jon Guridi · 54&rsquor; Carlos Benavídez · 86&rsquor;",3,0,"Celta Vigo","3-4-3",0,0.2,"",3,0,"https://fbref.com/en/matches/ffe34927/Alaves-Celta-Vigo-April-27-2024-La-Liga","Celta Vigo","Away",NA,990,558,501,57,11,0,7,9,28,3,2,1,0,471,0,8
"La Liga","2024-04-27","La Liga (Matchweek 33)","Atlético Madrid","3-5-2",3,0.8,"Rodrigo De Paul · 15&rsquor; Ángel Correa · 52&rsquor; Unai Simón (OG) · 80&rsquor;",3,0,"Athletic Club","4-2-3-1",1,1,"Nico Williams · 45&rsquor;",2,0,"https://fbref.com/en/matches/a0a9d4cf/Atletico-Madrid-Athletic-Club-April-27-2024-La-Liga","Atlético Madrid","Home",NA,990,478,434,43,15,1,13,11,16,3,0,2,0,374,1,4
"La Liga","2024-04-27","La Liga (Matchweek 33)","Atlético Madrid","3-5-2",3,0.8,"Rodrigo De Paul · 15&rsquor; Ángel Correa · 52&rsquor; Unai Simón (OG) · 80&rsquor;",3,0,"Athletic Club","4-2-3-1",1,1,"Nico Williams · 45&rsquor;",2,0,"https://fbref.com/en/matches/a0a9d4cf/Atletico-Madrid-Athletic-Club-April-27-2024-La-Liga","Athletic Club","Away",NA,990,647,599,48,17,0,2,31,18,5,0,4,0,555,0,10
"La Liga","2024-04-28","La Liga (Matchweek 33)","Cádiz","4-4-2",1,0.4,"Omar Mascarell (OG) · 59&rsquor;",3,0,"Mallorca","5-4-1",1,0.9,"Vedat Muriqi · 12&rsquor;",2,0,"https://fbref.com/en/matches/05b862fc/Cadiz-Mallorca-April-28-2024-La-Liga","Cádiz","Home",NA,990,526,464,62,23,0,4,28,28,3,3,0,0,394,0,9
"La Liga","2024-04-28","La Liga (Matchweek 33)","Cádiz","4-4-2",1,0.4,"Omar Mascarell (OG) · 59&rsquor;",3,0,"Mallorca","5-4-1",1,0.9,"Vedat Muriqi · 12&rsquor;",2,0,"https://fbref.com/en/matches/05b862fc/Cadiz-Mallorca-April-28-2024-La-Liga","Mallorca","Away",NA,990,386,330,54,13,0,1,7,28,1,0,0,0,262,2,10
"La Liga","2024-04-28","La Liga (Matchweek 33)","Granada","4-4-2",3,2.6,"Facundo Pellistri · 29&rsquor; Myrto Uzuni · 48&rsquor; Lucas Boyé · 90+4&rsquor;",4,0,"Osasuna","4-3-3",0,0.8,"",0,0,"https://fbref.com/en/matches/7e063e40/Granada-Osasuna-April-28-2024-La-Liga","Granada","Home",NA,990,383,343,35,5,3,5,8,22,0,0,0,0,281,5,12
"La Liga","2024-04-28","La Liga (Matchweek 33)","Granada","4-4-2",3,2.6,"Facundo Pellistri · 29&rsquor; Myrto Uzuni · 48&rsquor; Lucas Boyé · 90+4&rsquor;",4,0,"Osasuna","4-3-3",0,0.8,"",0,0,"https://fbref.com/en/matches/7e063e40/Granada-Osasuna-April-28-2024-La-Liga","Osasuna","Away",NA,990,615,561,54,19,0,3,24,16,6,2,2,0,497,0,12
"La Liga","2024-04-28","La Liga (Matchweek 33)","Villarreal","4-4-2",3,1.4,"Alexander Sørloth · 18&rsquor; Yerson Mosquera · 69&rsquor; Alexander Sørloth · 74&rsquor;",2,0,"Rayo Vallecano","4-2-3-1",0,1,"",1,0,"https://fbref.com/en/matches/9db220c0/Villarreal-Rayo-Vallecano-April-28-2024-La-Liga","Villarreal","Home",NA,990,445,403,40,11,3,3,13,13,3,0,1,0,371,2,8
"La Liga","2024-04-28","La Liga (Matchweek 33)","Villarreal","4-4-2",3,1.4,"Alexander Sørloth · 18&rsquor; Yerson Mosquera · 69&rsquor; Alexander Sørloth · 74&rsquor;",2,0,"Rayo Vallecano","4-2-3-1",0,1,"",1,0,"https://fbref.com/en/matches/9db220c0/Villarreal-Rayo-Vallecano-April-28-2024-La-Liga","Rayo Vallecano","Away",NA,990,533,481,49,14,0,5,19,17,6,5,0,0,450,3,8
"La Liga","2024-04-28","La Liga (Matchweek 33)","Real Betis","4-2-3-1",1,1.8,"Isco (P) · 38&rsquor;",3,0,"Sevilla","4-4-2",1,1.4,"Kike Salas · 56&rsquor;",5,0,"https://fbref.com/en/matches/94a4da32/Real-Betis-Sevilla-April-28-2024-La-Liga","Real Betis","Home",NA,990,431,384,45,20,0,2,14,13,4,1,2,0,350,2,4
"La Liga","2024-04-28","La Liga (Matchweek 33)","Real Betis","4-2-3-1",1,1.8,"Isco (P) · 38&rsquor;",3,0,"Sevilla","4-4-2",1,1.4,"Kike Salas · 56&rsquor;",5,0,"https://fbref.com/en/matches/94a4da32/Real-Betis-Sevilla-April-28-2024-La-Liga","Sevilla","Away",NA,990,424,379,43,11,0,0,14,17,6,4,2,0,338,2,4
"La Liga","2024-04-29","La Liga (Matchweek 33)","Barcelona","4-3-3",4,2.2,"Fermin López · 22&rsquor; Robert Lewandowski · 49&rsquor; Robert Lewandowski · 82&rsquor; Robert Lewandowski · 90+3&rsquor;",1,0,"Valencia","4-4-2",2,2.1,"Hugo Duro · 27&rsquor; José Luis García Vayá (P) · 38&rsquor; Giorgi Mamardashvili · 45+4&rsquor;",0,1,"https://fbref.com/en/matches/c5942116/Barcelona-Valencia-April-29-2024-La-Liga","Barcelona","Home",NA,990,800,754,44,5,0,3,29,20,15,12,2,0,713,2,7
"La Liga","2024-04-29","La Liga (Matchweek 33)","Barcelona","4-3-3",4,2.2,"Fermin López · 22&rsquor; Robert Lewandowski · 49&rsquor; Robert Lewandowski · 82&rsquor; Robert Lewandowski · 90+3&rsquor;",1,0,"Valencia","4-4-2",2,2.1,"Hugo Duro · 27&rsquor; José Luis García Vayá (P) · 38&rsquor; Giorgi Mamardashvili · 45+4&rsquor;",0,1,"https://fbref.com/en/matches/c5942116/Barcelona-Valencia-April-29-2024-La-Liga","Valencia","Away",NA,944,206,162,42,13,0,0,6,12,1,0,1,0,121,2,7
"La Liga","2024-05-03","La Liga (Matchweek 34)","Getafe","4-2-3-1",0,4.5,"",0,0,"Athletic Club","4-2-3-1",2,0.6,"Iñaki Williams · 27&rsquor; Iñaki Williams · 51&rsquor; Yeray Álvarez · 58&rsquor; Aitor Paredes · 79&rsquor;",3,2,"https://fbref.com/en/matches/506b1b2a/Getafe-Athletic-Club-May-3-2024-La-Liga","Getafe","Home",NA,990,601,541,56,7,1,16,33,31,10,5,1,0,469,4,13
"La Liga","2024-05-03","La Liga (Matchweek 34)","Getafe","4-2-3-1",0,4.5,"",0,0,"Athletic Club","4-2-3-1",2,0.6,"Iñaki Williams · 27&rsquor; Iñaki Williams · 51&rsquor; Yeray Álvarez · 58&rsquor; Aitor Paredes · 79&rsquor;",3,2,"https://fbref.com/en/matches/506b1b2a/Getafe-Athletic-Club-May-3-2024-La-Liga","Athletic Club","Away",NA,945,335,290,45,10,2,2,9,15,6,1,4,0,231,0,1
"La Liga","2024-05-04","La Liga (Matchweek 34)","Real Sociedad","4-1-4-1",2,0.6,"Álex Suárez (OG) · 33&rsquor; Sheraldo Becker · 45+1&rsquor;",2,0,"Las Palmas","4-4-2",0,0.5,"",1,0,"https://fbref.com/en/matches/386210a4/Real-Sociedad-Las-Palmas-May-4-2024-La-Liga","Real Sociedad","Home",NA,990,514,465,46,14,3,4,11,20,7,3,3,0,435,3,12
"La Liga","2024-05-04","La Liga (Matchweek 34)","Real Sociedad","4-1-4-1",2,0.6,"Álex Suárez (OG) · 33&rsquor; Sheraldo Becker · 45+1&rsquor;",2,0,"Las Palmas","4-4-2",0,0.5,"",1,0,"https://fbref.com/en/matches/386210a4/Real-Sociedad-Las-Palmas-May-4-2024-La-Liga","Las Palmas","Away",NA,990,477,430,44,13,1,0,8,21,2,1,0,0,397,3,7
"La Liga","2024-05-04","La Liga (Matchweek 34)","Real Madrid","4-3-3",3,2.3,"Brahim Díaz · 51&rsquor; Jude Bellingham · 68&rsquor; Joselu · 90+3&rsquor;",0,0,"Cádiz","4-5-1",0,0.9,"",1,0,"https://fbref.com/en/matches/ac0f607f/Real-Madrid-Cadiz-May-4-2024-La-Liga","Real Madrid","Home",NA,990,838,799,37,11,2,1,30,14,7,5,1,0,756,2,8
"La Liga","2024-05-04","La Liga (Matchweek 34)","Real Madrid","4-3-3",3,2.3,"Brahim Díaz · 51&rsquor; Jude Bellingham · 68&rsquor; Joselu · 90+3&rsquor;",0,0,"Cádiz","4-5-1",0,0.9,"",1,0,"https://fbref.com/en/matches/ac0f607f/Real-Madrid-Cadiz-May-4-2024-La-Liga","Cádiz","Away",NA,990,355,312,42,6,0,1,17,20,4,2,2,0,274,1,13
"La Liga","2024-05-04","La Liga (Matchweek 34)","Girona","4-2-3-1",4,1.8,"Artem Dovbyk · 4&rsquor; Portu · 65&rsquor; Miguel Gutiérrez · 67&rsquor; Portu · 74&rsquor;",0,0,"Barcelona","4-3-3",2,2.6,"Andreas Christensen · 3&rsquor; Robert Lewandowski (P) · 45+1&rsquor;",3,0,"https://fbref.com/en/matches/2857168f/Girona-Barcelona-May-4-2024-La-Liga","Girona","Home",NA,990,416,367,45,10,0,2,8,15,5,2,1,0,341,4,6
"La Liga","2024-05-04","La Liga (Matchweek 34)","Girona","4-2-3-1",4,1.8,"Artem Dovbyk · 4&rsquor; Portu · 65&rsquor; Miguel Gutiérrez · 67&rsquor; Portu · 74&rsquor;",0,0,"Barcelona","4-3-3",2,2.6,"Andreas Christensen · 3&rsquor; Robert Lewandowski (P) · 45+1&rsquor;",3,0,"https://fbref.com/en/matches/2857168f/Girona-Barcelona-May-4-2024-La-Liga","Barcelona","Away",NA,990,621,571,48,14,1,9,12,20,4,4,0,0,542,2,7
"La Liga","2024-05-04","La Liga (Matchweek 34)","Mallorca","5-3-2",0,0.2,"",2,0,"Atlético Madrid","3-4-3",1,0.7,"Rodrigo Riquelme · 5&rsquor;",0,0,"https://fbref.com/en/matches/53936afb/Mallorca-Atletico-Madrid-May-4-2024-La-Liga","Mallorca","Home",NA,990,586,543,41,7,1,2,32,17,6,2,3,0,476,2,4
"La Liga","2024-05-04","La Liga (Matchweek 34)","Mallorca","5-3-2",0,0.2,"",2,0,"Atlético Madrid","3-4-3",1,0.7,"Rodrigo Riquelme · 5&rsquor;",0,0,"https://fbref.com/en/matches/53936afb/Mallorca-Atletico-Madrid-May-4-2024-La-Liga","Atlético Madrid","Away",NA,990,406,361,45,14,1,3,8,19,2,1,1,0,309,0,5
"La Liga","2024-05-05","La Liga (Matchweek 34)","Osasuna","4-5-1",0,0.8,"Jon Moncayola · 26&rsquor;",2,1,"Real Betis","4-2-3-1",2,1.1,"Ayoze Pérez · 41&rsquor; Pablo Fornals · 45+3&rsquor;",2,0,"https://fbref.com/en/matches/4c79cbf6/Osasuna-Real-Betis-May-5-2024-La-Liga","Osasuna","Home",NA,925,403,343,59,17,1,3,30,22,8,5,3,0,293,1,9
"La Liga","2024-05-05","La Liga (Matchweek 34)","Osasuna","4-5-1",0,0.8,"Jon Moncayola · 26&rsquor;",2,1,"Real Betis","4-2-3-1",2,1.1,"Ayoze Pérez · 41&rsquor; Pablo Fornals · 45+3&rsquor;",2,0,"https://fbref.com/en/matches/4c79cbf6/Osasuna-Real-Betis-May-5-2024-La-Liga","Real Betis","Away",NA,990,566,514,48,14,1,4,12,16,5,2,2,0,462,4,9
"La Liga","2024-05-05","La Liga (Matchweek 34)","Celta Vigo","3-4-3",3,3.9,"Iago Aspas (P) · 22&rsquor; Jørgen Strand Larsen · 39&rsquor; Anastasios Douvikas · 82&rsquor;",4,0,"Villarreal","4-4-2",2,0.6,"Alberto Moreno · 12&rsquor; Santi Comesaña · 17&rsquor; Gonçalo Guedes · 65&rsquor;",0,1,"https://fbref.com/en/matches/429fcafb/Celta-Vigo-Villarreal-May-5-2024-La-Liga","Celta Vigo","Home",NA,990,631,607,24,5,2,3,21,7,2,1,0,0,581,0,3
"La Liga","2024-05-05","La Liga (Matchweek 34)","Celta Vigo","3-4-3",3,3.9,"Iago Aspas (P) · 22&rsquor; Jørgen Strand Larsen · 39&rsquor; Anastasios Douvikas · 82&rsquor;",4,0,"Villarreal","4-4-2",2,0.6,"Alberto Moreno · 12&rsquor; Santi Comesaña · 17&rsquor; Gonçalo Guedes · 65&rsquor;",0,1,"https://fbref.com/en/matches/429fcafb/Celta-Vigo-Villarreal-May-5-2024-La-Liga","Villarreal","Away",NA,916,549,506,42,11,0,4,10,11,1,1,0,0,475,1,2
"La Liga","2024-05-05","La Liga (Matchweek 34)","Valencia","4-4-2",0,0.9,"",1,0,"Alavés","4-2-3-1",1,0.8,"Javi López · 68&rsquor;",3,0,"https://fbref.com/en/matches/3c4e6a04/Valencia-Alaves-May-5-2024-La-Liga","Valencia","Home",NA,990,483,424,57,16,2,3,25,28,5,3,0,0,371,2,10
"La Liga","2024-05-05","La Liga (Matchweek 34)","Valencia","4-4-2",0,0.9,"",1,0,"Alavés","4-2-3-1",1,0.8,"Javi López · 68&rsquor;",3,0,"https://fbref.com/en/matches/3c4e6a04/Valencia-Alaves-May-5-2024-La-Liga","Alavés","Away",NA,990,350,306,44,11,1,2,22,14,7,2,3,0,241,0,11
"La Liga","2024-05-05","La Liga (Matchweek 34)","Sevilla","3-4-3",3,1.7,"Marcos Acuña · 11&rsquor; Youssef En-Nesyri · 51&rsquor; Dodi Lukebakio · 80&rsquor;",2,0,"Granada","4-4-2",0,0.4,"",2,0,"https://fbref.com/en/matches/cf65828c/Sevilla-Granada-May-5-2024-La-Liga","Sevilla","Home",NA,990,588,534,53,15,1,4,24,22,5,3,2,0,477,1,8
"La Liga","2024-05-05","La Liga (Matchweek 34)","Sevilla","3-4-3",3,1.7,"Marcos Acuña · 11&rsquor; Youssef En-Nesyri · 51&rsquor; Dodi Lukebakio · 80&rsquor;",2,0,"Granada","4-4-2",0,0.4,"",2,0,"https://fbref.com/en/matches/cf65828c/Sevilla-Granada-May-5-2024-La-Liga","Granada","Away",NA,990,393,343,48,16,1,1,21,18,4,0,1,1,286,2,6
"La Liga","2024-05-05","La Liga (Matchweek 34)","Rayo Vallecano","4-4-2",0,1.4,"",3,0,"Almería","4-2-3-1",1,0.4,"Anthony Lozano · 30&rsquor;",2,0,"https://fbref.com/en/matches/6515a447/Rayo-Vallecano-Almeria-May-5-2024-La-Liga","Rayo Vallecano","Home",NA,990,677,610,64,12,1,7,39,31,9,3,4,0,553,3,13
"La Liga","2024-05-05","La Liga (Matchweek 34)","Rayo Vallecano","4-4-2",0,1.4,"",3,0,"Almería","4-2-3-1",1,0.4,"Anthony Lozano · 30&rsquor;",2,0,"https://fbref.com/en/matches/6515a447/Rayo-Vallecano-Almeria-May-5-2024-La-Liga","Almería","Away",NA,990,325,272,52,20,1,5,8,16,2,0,2,0,222,1,8
"La Liga","2024-05-10","La Liga (Matchweek 35)","Alavés","4-2-3-1",2,1.7,"Jon Guridi · 12&rsquor; Jon Guridi · 90+9&rsquor;",3,0,"Girona","4-2-3-1",2,1.7,"Eric García · 4&rsquor; Yangel Herrera · 44&rsquor;",2,0,"https://fbref.com/en/matches/8d5472e3/Alaves-Girona-May-10-2024-La-Liga","Alavés","Home",NA,990,339,296,43,9,2,5,25,14,5,4,1,0,267,0,6
"La Liga","2024-05-10","La Liga (Matchweek 35)","Alavés","4-2-3-1",2,1.7,"Jon Guridi · 12&rsquor; Jon Guridi · 90+9&rsquor;",3,0,"Girona","4-2-3-1",2,1.7,"Eric García · 4&rsquor; Yangel Herrera · 44&rsquor;",2,0,"https://fbref.com/en/matches/8d5472e3/Alaves-Girona-May-10-2024-La-Liga","Girona","Away",NA,990,613,570,40,13,1,1,10,10,3,2,1,0,541,3,9
"La Liga","2024-05-11","La Liga (Matchweek 35)","Mallorca","5-3-2",1,0.3,"Giovanni González · 29&rsquor;",6,0,"Las Palmas","4-5-1",0,0.4,"",2,0,"https://fbref.com/en/matches/b4349d20/Mallorca-Las-Palmas-May-11-2024-La-Liga","Mallorca","Home",NA,990,386,339,45,13,1,1,15,22,2,2,0,0,298,2,4
"La Liga","2024-05-11","La Liga (Matchweek 35)","Mallorca","5-3-2",1,0.3,"Giovanni González · 29&rsquor;",6,0,"Las Palmas","4-5-1",0,0.4,"",2,0,"https://fbref.com/en/matches/b4349d20/Mallorca-Las-Palmas-May-11-2024-La-Liga","Las Palmas","Away",NA,990,494,438,53,19,0,2,13,23,2,1,0,0,414,3,8
"La Liga","2024-05-11","La Liga (Matchweek 35)","Villarreal","4-4-2",3,3.1,"Alexander Sørloth · 30&rsquor; Yerson Mosquera · 84&rsquor; Alexander Sørloth · 90+7&rsquor;",3,0,"Sevilla","5-3-2",2,1.7,"Youssef En-Nesyri (P) · 26&rsquor; Youssef En-Nesyri · 44&rsquor;",5,0,"https://fbref.com/en/matches/db2c3f5d/Villarreal-Sevilla-May-11-2024-La-Liga","Villarreal","Home",NA,990,573,518,49,15,5,7,38,16,10,0,4,2,475,6,10
"La Liga","2024-05-11","La Liga (Matchweek 35)","Villarreal","4-4-2",3,3.1,"Alexander Sørloth · 30&rsquor; Yerson Mosquera · 84&rsquor; Alexander Sørloth · 90+7&rsquor;",3,0,"Sevilla","5-3-2",2,1.7,"Youssef En-Nesyri (P) · 26&rsquor; Youssef En-Nesyri · 44&rsquor;",5,0,"https://fbref.com/en/matches/db2c3f5d/Villarreal-Sevilla-May-11-2024-La-Liga","Sevilla","Away",NA,990,393,344,48,17,1,3,16,10,1,0,0,0,304,1,5
"La Liga","2024-05-11","La Liga (Matchweek 35)","Granada","4-4-2",0,1,"",2,0,"Real Madrid","4-3-3",4,1.5,"Fran Garcia · 38&rsquor; Arda Güler · 45+2&rsquor; Brahim Díaz · 49&rsquor; Brahim Díaz · 58&rsquor;",0,0,"https://fbref.com/en/matches/fa49110c/Granada-Real-Madrid-May-11-2024-La-Liga","Granada","Home",NA,990,420,369,48,10,1,2,25,20,8,4,3,0,342,3,9
"La Liga","2024-05-11","La Liga (Matchweek 35)","Granada","4-4-2",0,1,"",2,0,"Real Madrid","4-3-3",4,1.5,"Fran Garcia · 38&rsquor; Arda Güler · 45+2&rsquor; Brahim Díaz · 49&rsquor; Brahim Díaz · 58&rsquor;",0,0,"https://fbref.com/en/matches/fa49110c/Granada-Real-Madrid-May-11-2024-La-Liga","Real Madrid","Away",NA,990,572,524,48,14,0,3,14,16,5,1,1,0,493,0,9
"La Liga","2024-05-11","La Liga (Matchweek 35)","Athletic Club","4-2-3-1",2,1.4,"Iñaki Williams · 58&rsquor; Asier Villalibre · 90+6&rsquor;",2,0,"Osasuna","4-1-4-1",2,1,"Raúl · 40&rsquor; Rubén García · 47&rsquor;",4,0,"https://fbref.com/en/matches/da28b0d1/Athletic-Club-Osasuna-May-11-2024-La-Liga","Athletic Club","Home",NA,990,669,613,53,16,6,4,37,19,8,4,2,0,557,3,12
"La Liga","2024-05-11","La Liga (Matchweek 35)","Athletic Club","4-2-3-1",2,1.4,"Iñaki Williams · 58&rsquor; Asier Villalibre · 90+6&rsquor;",2,0,"Osasuna","4-1-4-1",2,1,"Raúl · 40&rsquor; Rubén García · 47&rsquor;",4,0,"https://fbref.com/en/matches/da28b0d1/Athletic-Club-Osasuna-May-11-2024-La-Liga","Osasuna","Away",NA,990,333,293,38,12,0,2,18,11,6,3,2,0,239,2,6
"La Liga","2024-05-12","La Liga (Matchweek 35)","Cádiz","4-4-2",1,1.5,"Rubén Alcaraz (P) · 35&rsquor;",5,0,"Getafe","5-3-2",0,0.5,"",2,0,"https://fbref.com/en/matches/20329c38/Cadiz-Getafe-May-12-2024-La-Liga","Cádiz","Home",NA,990,394,342,50,15,0,3,19,20,6,1,5,0,287,2,9
"La Liga","2024-05-12","La Liga (Matchweek 35)","Cádiz","4-4-2",1,1.5,"Rubén Alcaraz (P) · 35&rsquor;",5,0,"Getafe","5-3-2",0,0.5,"",2,0,"https://fbref.com/en/matches/20329c38/Cadiz-Getafe-May-12-2024-La-Liga","Getafe","Away",NA,990,483,425,57,25,0,5,15,21,2,0,1,0,383,1,7
"La Liga","2024-05-12","La Liga (Matchweek 35)","Atlético Madrid","3-4-3",1,1.4,"Rodrigo De Paul · 84&rsquor;",1,0,"Celta Vigo","3-4-3",0,0.4,"",1,0,"https://fbref.com/en/matches/b2f7f5e0/Atletico-Madrid-Celta-Vigo-May-12-2024-La-Liga","Atlético Madrid","Home",NA,990,679,638,37,9,1,3,14,18,4,2,2,0,588,4,5
"La Liga","2024-05-12","La Liga (Matchweek 35)","Atlético Madrid","3-4-3",1,1.4,"Rodrigo De Paul · 84&rsquor;",1,0,"Celta Vigo","3-4-3",0,0.4,"",1,0,"https://fbref.com/en/matches/b2f7f5e0/Atletico-Madrid-Celta-Vigo-May-12-2024-La-Liga","Celta Vigo","Away",NA,990,539,495,44,11,0,1,16,13,7,2,2,0,444,0,13
"La Liga","2024-05-12","La Liga (Matchweek 35)","Valencia","4-2-3-1",0,1.3,"",1,0,"Rayo Vallecano","4-2-3-1",0,0.6,"",2,0,"https://fbref.com/en/matches/a0fb8424/Valencia-Rayo-Vallecano-May-12-2024-La-Liga","Valencia","Home",NA,990,433,362,66,23,0,0,26,24,6,0,3,0,306,5,13
"La Liga","2024-05-12","La Liga (Matchweek 35)","Valencia","4-2-3-1",0,1.3,"",1,0,"Rayo Vallecano","4-2-3-1",0,0.6,"",2,0,"https://fbref.com/en/matches/a0fb8424/Valencia-Rayo-Vallecano-May-12-2024-La-Liga","Rayo Vallecano","Away",NA,990,416,369,44,18,4,3,16,16,3,3,0,0,303,3,7
"La Liga","2024-05-12","La Liga (Matchweek 35)","Real Betis","4-2-3-1",3,0.8,"Pablo Fornals · 8&rsquor; Isco · 28&rsquor; Ayoze Pérez · 64&rsquor;",0,0,"Almería","4-3-3",2,1.2,"Léo Baptistão · 45+1&rsquor; Luka Romero · 66&rsquor;",2,0,"https://fbref.com/en/matches/78324d14/Real-Betis-Almeria-May-12-2024-La-Liga","Real Betis","Home",NA,990,551,498,51,11,0,1,13,27,3,2,0,0,453,2,11
"La Liga","2024-05-12","La Liga (Matchweek 35)","Real Betis","4-2-3-1",3,0.8,"Pablo Fornals · 8&rsquor; Isco · 28&rsquor; Ayoze Pérez · 64&rsquor;",0,0,"Almería","4-3-3",2,1.2,"Léo Baptistão · 45+1&rsquor; Luka Romero · 66&rsquor;",2,0,"https://fbref.com/en/matches/78324d14/Real-Betis-Almeria-May-12-2024-La-Liga","Almería","Away",NA,990,598,557,40,11,0,1,18,17,5,2,3,0,509,1,10
"La Liga","2024-05-13","La Liga (Matchweek 35)","Barcelona","4-3-3",2,2.1,"Lamine Yamal · 40&rsquor; Raphinha (P) · 90+3&rsquor;",2,0,"Real Sociedad","3-4-3",0,0.7,"",3,0,"https://fbref.com/en/matches/3d94f1a4/Barcelona-Real-Sociedad-May-13-2024-La-Liga","Barcelona","Home",NA,990,610,569,40,14,1,3,11,13,6,5,0,0,531,1,7
"La Liga","2024-05-13","La Liga (Matchweek 35)","Barcelona","4-3-3",2,2.1,"Lamine Yamal · 40&rsquor; Raphinha (P) · 90+3&rsquor;",2,0,"Real Sociedad","3-4-3",0,0.7,"",3,0,"https://fbref.com/en/matches/3d94f1a4/Barcelona-Real-Sociedad-May-13-2024-La-Liga","Real Sociedad","Away",NA,990,473,431,40,12,1,1,9,16,2,2,0,0,399,2,5
"La Liga","2024-05-14","La Liga (Matchweek 36)","Osasuna","4-3-3",1,0.4,"Jon Moncayola · 14&rsquor;",0,0,"Mallorca","5-4-1",1,1,"Sergi Darder · 65&rsquor;",1,0,"https://fbref.com/en/matches/e3feee7a/Osasuna-Mallorca-May-14-2024-La-Liga","Osasuna","Home",NA,990,506,445,60,13,0,5,14,37,2,1,0,0,371,1,6
"La Liga","2024-05-14","La Liga (Matchweek 36)","Osasuna","4-3-3",1,0.4,"Jon Moncayola · 14&rsquor;",0,0,"Mallorca","5-4-1",1,1,"Sergi Darder · 65&rsquor;",1,0,"https://fbref.com/en/matches/e3feee7a/Osasuna-Mallorca-May-14-2024-La-Liga","Mallorca","Away",NA,990,458,405,50,12,3,1,16,25,4,2,2,0,337,3,6
"La Liga","2024-05-14","La Liga (Matchweek 36)","Real Madrid","4-3-1-2",5,2.5,"Jude Bellingham · 10&rsquor; Vinicius Júnior · 27&rsquor; Federico Valverde · 45+1&rsquor; Vinicius Júnior · 70&rsquor; Arda Güler · 81&rsquor;",1,0,"Alavés","4-2-3-1",0,1.3,"",1,0,"https://fbref.com/en/matches/33a6634e/Real-Madrid-Alaves-May-14-2024-La-Liga","Real Madrid","Home",NA,990,831,787,44,13,2,8,8,21,4,0,1,0,763,0,4
"La Liga","2024-05-14","La Liga (Matchweek 36)","Real Madrid","4-3-1-2",5,2.5,"Jude Bellingham · 10&rsquor; Vinicius Júnior · 27&rsquor; Federico Valverde · 45+1&rsquor; Vinicius Júnior · 70&rsquor; Arda Güler · 81&rsquor;",1,0,"Alavés","4-2-3-1",0,1.3,"",1,0,"https://fbref.com/en/matches/33a6634e/Real-Madrid-Alaves-May-14-2024-La-Liga","Alavés","Away",NA,990,339,302,35,6,0,3,15,14,1,0,1,0,265,2,7
"La Liga","2024-05-14","La Liga (Matchweek 36)","Girona","4-2-3-1",0,1.6,"",1,0,"Villarreal","4-4-2",1,0.6,"Bertrand Traoré · 59&rsquor; Kiko Femenía · 90+5&rsquor;",6,1,"https://fbref.com/en/matches/34cead76/Girona-Villarreal-May-14-2024-La-Liga","Girona","Home",NA,990,810,758,51,14,3,8,35,20,5,2,2,0,728,1,6
"La Liga","2024-05-14","La Liga (Matchweek 36)","Girona","4-2-3-1",0,1.6,"",1,0,"Villarreal","4-4-2",1,0.6,"Bertrand Traoré · 59&rsquor; Kiko Femenía · 90+5&rsquor;",6,1,"https://fbref.com/en/matches/34cead76/Girona-Villarreal-May-14-2024-La-Liga","Villarreal","Away",NA,989,408,382,26,3,0,1,7,7,1,1,0,0,338,0,7
"La Liga","2024-05-15","La Liga (Matchweek 36)","Rayo Vallecano","4-2-3-1",2,2.5,"Óscar Trejo · 5&rsquor; Florian Lejeune · 23&rsquor; Jorge de Frutos · 80&rsquor;",4,1,"Granada","4-2-3-1",1,1.2,"Lucas Boyé · 89&rsquor;",3,0,"https://fbref.com/en/matches/ed81748f/Rayo-Vallecano-Granada-May-15-2024-La-Liga","Rayo Vallecano","Home",NA,904,253,184,66,15,2,1,11,32,6,3,1,0,152,3,6
"La Liga","2024-05-15","La Liga (Matchweek 36)","Rayo Vallecano","4-2-3-1",2,2.5,"Óscar Trejo · 5&rsquor; Florian Lejeune · 23&rsquor; Jorge de Frutos · 80&rsquor;",4,1,"Granada","4-2-3-1",1,1.2,"Lucas Boyé · 89&rsquor;",3,0,"https://fbref.com/en/matches/ed81748f/Rayo-Vallecano-Granada-May-15-2024-La-Liga","Granada","Away",NA,990,513,455,56,13,2,4,18,26,6,3,1,0,409,2,7
"La Liga","2024-05-15","La Liga (Matchweek 36)","Sevilla","5-3-2",0,1.3,"",6,0,"Cádiz","4-4-2",1,2.5,"Sergi Guardiola · 90+6&rsquor;",2,0,"https://fbref.com/en/matches/fe5dae8c/Sevilla-Cadiz-May-15-2024-La-Liga","Sevilla","Home",NA,990,510,468,42,13,1,8,17,18,1,0,1,0,421,0,8
"La Liga","2024-05-15","La Liga (Matchweek 36)","Sevilla","5-3-2",0,1.3,"",6,0,"Cádiz","4-4-2",1,2.5,"Sergi Guardiola · 90+6&rsquor;",2,0,"https://fbref.com/en/matches/fe5dae8c/Sevilla-Cadiz-May-15-2024-La-Liga","Cádiz","Away",NA,990,400,341,57,13,0,4,30,19,9,2,5,0,298,2,1
"La Liga","2024-05-15","La Liga (Matchweek 36)","Celta Vigo","3-4-3",2,0.7,"Williot Swedberg · 68&rsquor; Hugo Álvarez · 71&rsquor;",2,0,"Athletic Club","4-2-3-1",1,0.2,"Álex Berenguer · 23&rsquor;",0,0,"https://fbref.com/en/matches/15d304e7/Celta-Vigo-Athletic-Club-May-15-2024-La-Liga","Celta Vigo","Home",NA,990,565,513,49,14,1,1,12,24,2,1,0,0,453,3,8
"La Liga","2024-05-15","La Liga (Matchweek 36)","Celta Vigo","3-4-3",2,0.7,"Williot Swedberg · 68&rsquor; Hugo Álvarez · 71&rsquor;",2,0,"Athletic Club","4-2-3-1",1,0.2,"Álex Berenguer · 23&rsquor;",0,0,"https://fbref.com/en/matches/15d304e7/Celta-Vigo-Athletic-Club-May-15-2024-La-Liga","Athletic Club","Away",NA,990,495,444,51,17,0,2,10,21,2,0,0,0,378,0,10
"La Liga","2024-05-15","La Liga (Matchweek 36)","Getafe","4-4-1-1",0,0.6,"",4,0,"Atlético Madrid","5-4-1",3,1.3,"Antoine Griezmann · 27&rsquor; Antoine Griezmann · 42&rsquor; Antoine Griezmann · 51&rsquor;",3,0,"https://fbref.com/en/matches/696d137e/Getafe-Atletico-Madrid-May-15-2024-La-Liga","Getafe","Home",NA,990,495,448,46,12,0,1,20,17,6,2,1,0,413,1,8
"La Liga","2024-05-15","La Liga (Matchweek 36)","Getafe","4-4-1-1",0,0.6,"",4,0,"Atlético Madrid","5-4-1",3,1.3,"Antoine Griezmann · 27&rsquor; Antoine Griezmann · 42&rsquor; Antoine Griezmann · 51&rsquor;",3,0,"https://fbref.com/en/matches/696d137e/Getafe-Atletico-Madrid-May-15-2024-La-Liga","Atlético Madrid","Away",NA,990,599,553,40,17,2,9,11,15,3,1,1,0,516,6,11
"La Liga","2024-05-16","La Liga (Matchweek 36)","Las Palmas","4-2-3-1",2,2.3,"Álex Suárez · 27&rsquor; Alberto Moleiro · 64&rsquor;",2,0,"Real Betis","4-2-3-1",2,1.3,"Mika Mármol (OG) · 21&rsquor; Ayoze Pérez · 49&rsquor;",1,0,"https://fbref.com/en/matches/6927b08f/Las-Palmas-Real-Betis-May-16-2024-La-Liga","Las Palmas","Home",NA,990,537,478,53,17,3,2,17,27,4,1,1,0,435,6,9
"La Liga","2024-05-16","La Liga (Matchweek 36)","Las Palmas","4-2-3-1",2,2.3,"Álex Suárez · 27&rsquor; Alberto Moleiro · 64&rsquor;",2,0,"Real Betis","4-2-3-1",2,1.3,"Mika Mármol (OG) · 21&rsquor; Ayoze Pérez · 49&rsquor;",1,0,"https://fbref.com/en/matches/6927b08f/Las-Palmas-Real-Betis-May-16-2024-La-Liga","Real Betis","Away",NA,990,404,345,52,14,2,0,12,20,8,5,2,0,304,7,11
"La Liga","2024-05-16","La Liga (Matchweek 36)","Almería","4-2-3-1",0,0.9,"",0,0,"Barcelona","4-3-3",2,1.6,"Fermin López · 14&rsquor; Fermin López · 67&rsquor;",1,0,"https://fbref.com/en/matches/78ebb2dd/Almeria-Barcelona-May-16-2024-La-Liga","Almería","Home",NA,990,403,356,42,12,1,4,8,15,4,1,1,0,333,5,6
"La Liga","2024-05-16","La Liga (Matchweek 36)","Almería","4-2-3-1",0,0.9,"",0,0,"Barcelona","4-3-3",2,1.6,"Fermin López · 14&rsquor; Fermin López · 67&rsquor;",1,0,"https://fbref.com/en/matches/78ebb2dd/Almeria-Barcelona-May-16-2024-La-Liga","Barcelona","Away",NA,990,730,678,51,15,0,10,17,20,7,2,2,1,649,1,9
"La Liga","2024-05-16","La Liga (Matchweek 36)","Real Sociedad","4-3-3",1,1.3,"André Silva · 3&rsquor;",0,0,"Valencia","4-4-2",0,0.8,"",2,0,"https://fbref.com/en/matches/e2a89f33/Real-Sociedad-Valencia-May-16-2024-La-Liga","Real Sociedad","Home",NA,990,599,556,43,18,1,5,15,16,3,1,0,0,485,0,11
"La Liga","2024-05-16","La Liga (Matchweek 36)","Real Sociedad","4-3-3",1,1.3,"André Silva · 3&rsquor;",0,0,"Valencia","4-4-2",0,0.8,"",2,0,"https://fbref.com/en/matches/e2a89f33/Real-Sociedad-Valencia-May-16-2024-La-Liga","Valencia","Away",NA,990,444,388,51,11,0,3,9,27,3,0,2,0,329,5,11
"La Liga","2024-05-18","La Liga (Matchweek 37)","Alavés","4-2-3-1",1,1.2,"Carlos Vicente · 12&rsquor;",5,0,"Getafe","5-3-2",0,0.3,"Ilaix Moriba · 90+5&rsquor;",8,1,"https://fbref.com/en/matches/7c178e2f/Alaves-Getafe-May-18-2024-La-Liga","Alavés","Home",NA,990,296,226,67,26,0,1,17,32,2,1,0,0,175,3,4
"La Liga","2024-05-18","La Liga (Matchweek 37)","Alavés","4-2-3-1",1,1.2,"Carlos Vicente · 12&rsquor;",5,0,"Getafe","5-3-2",0,0.3,"Ilaix Moriba · 90+5&rsquor;",8,1,"https://fbref.com/en/matches/7c178e2f/Alaves-Getafe-May-18-2024-La-Liga","Getafe","Away",NA,989,317,256,61,16,0,4,9,26,1,1,0,0,205,0,3
"La Liga","2024-05-19","La Liga (Matchweek 37)","Villarreal","4-4-2",4,1.7,"Alexander Sørloth · 39&rsquor; Alexander Sørloth · 48&rsquor; Alexander Sørloth · 52&rsquor; Alexander Sørloth · 56&rsquor;",2,0,"Real Madrid","4-2-3-1",4,1,"Arda Güler · 14&rsquor; Joselu · 30&rsquor; Lucas Vázquez · 40&rsquor; Arda Güler · 45+2&rsquor;",2,0,"https://fbref.com/en/matches/ec275e77/Villarreal-Real-Madrid-May-19-2024-La-Liga","Villarreal","Home",NA,990,545,500,45,13,0,3,26,16,3,3,0,0,476,0,11
"La Liga","2024-05-19","La Liga (Matchweek 37)","Villarreal","4-4-2",4,1.7,"Alexander Sørloth · 39&rsquor; Alexander Sørloth · 48&rsquor; Alexander Sørloth · 52&rsquor; Alexander Sørloth · 56&rsquor;",2,0,"Real Madrid","4-2-3-1",4,1,"Arda Güler · 14&rsquor; Joselu · 30&rsquor; Lucas Vázquez · 40&rsquor; Arda Güler · 45+2&rsquor;",2,0,"https://fbref.com/en/matches/ec275e77/Villarreal-Real-Madrid-May-19-2024-La-Liga","Real Madrid","Away",NA,990,721,670,50,15,2,12,13,18,3,2,1,0,654,1,10
"La Liga","2024-05-19","La Liga (Matchweek 37)","Mallorca","5-3-2",2,3,"Cyle Larin · 29&rsquor; Sergi Darder · 83&rsquor;",2,0,"Almería","4-2-3-1",2,0.4,"Sergio Arribas · 41&rsquor; Bruno Langa · 66&rsquor;",3,0,"https://fbref.com/en/matches/ab933e0a/Mallorca-Almeria-May-19-2024-La-Liga","Mallorca","Home",NA,990,491,433,56,10,1,4,39,23,12,1,9,1,387,2,11
"La Liga","2024-05-19","La Liga (Matchweek 37)","Mallorca","5-3-2",2,3,"Cyle Larin · 29&rsquor; Sergi Darder · 83&rsquor;",2,0,"Almería","4-2-3-1",2,0.4,"Sergio Arribas · 41&rsquor; Bruno Langa · 66&rsquor;",3,0,"https://fbref.com/en/matches/ab933e0a/Mallorca-Almeria-May-19-2024-La-Liga","Almería","Away",NA,990,456,410,45,10,0,1,13,15,2,0,2,0,368,1,6
"La Liga","2024-05-19","La Liga (Matchweek 37)","Cádiz","4-4-2",0,0.9,"Víctor Chust · 74&rsquor;",3,1,"Las Palmas","4-3-3",0,0.6,"",1,0,"https://fbref.com/en/matches/db3b593e/Cadiz-Las-Palmas-May-19-2024-La-Liga","Cádiz","Home",NA,973,492,439,51,16,0,4,25,19,5,1,4,0,354,2,10
"La Liga","2024-05-19","La Liga (Matchweek 37)","Cádiz","4-4-2",0,0.9,"Víctor Chust · 74&rsquor;",3,1,"Las Palmas","4-3-3",0,0.6,"",1,0,"https://fbref.com/en/matches/db3b593e/Cadiz-Las-Palmas-May-19-2024-La-Liga","Las Palmas","Away",NA,990,517,460,53,14,0,2,11,22,3,0,1,0,390,4,9
"La Liga","2024-05-19","La Liga (Matchweek 37)","Real Betis","4-2-3-1",0,1.7,"",3,0,"Real Sociedad","4-4-2",2,0.4,"Brais Méndez · 5&rsquor; Mikel Merino · 42&rsquor;",4,0,"https://fbref.com/en/matches/668bdcc1/Real-Betis-Real-Sociedad-May-19-2024-La-Liga","Real Betis","Home",NA,990,681,624,54,18,2,5,22,23,6,2,3,0,568,3,9
"La Liga","2024-05-19","La Liga (Matchweek 37)","Real Betis","4-2-3-1",0,1.7,"",3,0,"Real Sociedad","4-4-2",2,0.4,"Brais Méndez · 5&rsquor; Mikel Merino · 42&rsquor;",4,0,"https://fbref.com/en/matches/668bdcc1/Real-Betis-Real-Sociedad-May-19-2024-La-Liga","Real Sociedad","Away",NA,990,332,293,38,14,3,1,5,17,2,1,1,0,234,1,5
"La Liga","2024-05-19","La Liga (Matchweek 37)","Barcelona","4-2-3-1",3,1.3,"Robert Lewandowski · 3&rsquor; Pedri · 72&rsquor; Pedri · 75&rsquor;",4,0,"Rayo Vallecano","4-1-4-1",0,1.3,"",2,0,"https://fbref.com/en/matches/a07daf85/Barcelona-Rayo-Vallecano-May-19-2024-La-Liga","Barcelona","Home",NA,990,677,627,50,9,2,9,15,21,7,7,0,0,604,0,10
"La Liga","2024-05-19","La Liga (Matchweek 37)","Barcelona","4-2-3-1",3,1.3,"Robert Lewandowski · 3&rsquor; Pedri · 72&rsquor; Pedri · 75&rsquor;",4,0,"Rayo Vallecano","4-1-4-1",0,1.3,"",2,0,"https://fbref.com/en/matches/a07daf85/Barcelona-Rayo-Vallecano-May-19-2024-La-Liga","Rayo Vallecano","Away",NA,990,269,228,38,8,2,1,13,10,5,1,4,0,194,3,2
"La Liga","2024-05-19","La Liga (Matchweek 37)","Valencia","4-4-2",1,3.2,"José Luis García Vayá (P) · 84&rsquor;",2,0,"Girona","4-2-3-1",3,2.6,"Sávio · 32&rsquor; Artem Dovbyk · 58&rsquor; Yarek Gasiorowski (OG) · 67&rsquor;",0,0,"https://fbref.com/en/matches/c66a2814/Valencia-Girona-May-19-2024-La-Liga","Valencia","Home",NA,990,380,341,39,11,0,1,20,11,5,1,1,0,317,0,6
"La Liga","2024-05-19","La Liga (Matchweek 37)","Valencia","4-4-2",1,3.2,"José Luis García Vayá (P) · 84&rsquor;",2,0,"Girona","4-2-3-1",3,2.6,"Sávio · 32&rsquor; Artem Dovbyk · 58&rsquor; Yarek Gasiorowski (OG) · 67&rsquor;",0,0,"https://fbref.com/en/matches/c66a2814/Valencia-Girona-May-19-2024-La-Liga","Girona","Away",NA,990,653,617,32,9,0,11,12,5,4,3,0,0,583,4,6
"La Liga","2024-05-19","La Liga (Matchweek 37)","Atlético Madrid","5-4-1",1,1.6,"Álvaro Morata · 55&rsquor;",2,0,"Osasuna","4-1-4-1",4,1.8,"Raúl · 26&rsquor; Aimar Oroz · 52&rsquor; Raúl · 64&rsquor; Lucas Torró · 88&rsquor;",2,0,"https://fbref.com/en/matches/113ce588/Atletico-Madrid-Osasuna-May-19-2024-La-Liga","Atlético Madrid","Home",NA,990,531,486,41,11,3,10,26,12,7,4,3,0,434,4,3
"La Liga","2024-05-19","La Liga (Matchweek 37)","Atlético Madrid","5-4-1",1,1.6,"Álvaro Morata · 55&rsquor;",2,0,"Osasuna","4-1-4-1",4,1.8,"Raúl · 26&rsquor; Aimar Oroz · 52&rsquor; Raúl · 64&rsquor; Lucas Torró · 88&rsquor;",2,0,"https://fbref.com/en/matches/113ce588/Atletico-Madrid-Osasuna-May-19-2024-La-Liga","Osasuna","Away",NA,990,409,352,54,16,0,5,19,16,5,3,1,0,314,3,10
"La Liga","2024-05-19","La Liga (Matchweek 37)","Granada","4-3-3",1,1.9,"Bruno Méndez · 86&rsquor;",2,0,"Celta Vigo","3-5-2",2,1.7,"Jørgen Strand Larsen · 61&rsquor; Jonathan Bamba · 63&rsquor;",1,0,"https://fbref.com/en/matches/bcfed537/Granada-Celta-Vigo-May-19-2024-La-Liga","Granada","Home",NA,990,467,410,55,13,0,1,21,24,10,4,3,0,348,2,10
"La Liga","2024-05-19","La Liga (Matchweek 37)","Granada","4-3-3",1,1.9,"Bruno Méndez · 86&rsquor;",2,0,"Celta Vigo","3-5-2",2,1.7,"Jørgen Strand Larsen · 61&rsquor; Jonathan Bamba · 63&rsquor;",1,0,"https://fbref.com/en/matches/bcfed537/Granada-Celta-Vigo-May-19-2024-La-Liga","Celta Vigo","Away",NA,990,485,430,53,17,1,4,5,22,2,1,0,0,379,2,8
"La Liga","2024-05-19","La Liga (Matchweek 37)","Athletic Club","4-2-3-1",2,1.6,"Raúl García · 17&rsquor; Iker Muniain · 19&rsquor;",1,0,"Sevilla","3-4-3",0,0.9,"",1,0,"https://fbref.com/en/matches/4691300c/Athletic-Club-Sevilla-May-19-2024-La-Liga","Athletic Club","Home",NA,990,534,489,42,5,3,1,18,19,8,0,5,0,447,3,10
"La Liga","2024-05-19","La Liga (Matchweek 37)","Athletic Club","4-2-3-1",2,1.6,"Raúl García · 17&rsquor; Iker Muniain · 19&rsquor;",1,0,"Sevilla","3-4-3",0,0.9,"",1,0,"https://fbref.com/en/matches/4691300c/Athletic-Club-Sevilla-May-19-2024-La-Liga","Sevilla","Away",NA,990,468,415,53,15,1,7,23,20,3,2,0,0,370,0,6
"La Liga","2024-05-24","La Liga (Matchweek 38)","Girona","4-3-3",7,4.6,"Eric García · 30&rsquor; Viktor Tsyhankov · 33&rsquor; Artem Dovbyk (P) · 44&rsquor; Viktor Tsyhankov · 54&rsquor; Artem Dovbyk · 75&rsquor; Cristhian Stuani · 78&rsquor; Artem Dovbyk (P) · 90&rsquor;",3,0,"Granada","4-2-3-1",0,1,"Facundo Pellistri · 61&rsquor;",6,1,"https://fbref.com/en/matches/0b569a97/Girona-Granada-May-24-2024-La-Liga","Girona","Home",NA,990,670,633,33,10,3,3,22,12,4,0,1,0,595,4,8
"La Liga","2024-05-24","La Liga (Matchweek 38)","Girona","4-3-3",7,4.6,"Eric García · 30&rsquor; Viktor Tsyhankov · 33&rsquor; Artem Dovbyk (P) · 44&rsquor; Viktor Tsyhankov · 54&rsquor; Artem Dovbyk · 75&rsquor; Cristhian Stuani · 78&rsquor; Artem Dovbyk (P) · 90&rsquor;",3,0,"Granada","4-2-3-1",0,1,"Facundo Pellistri · 61&rsquor;",6,1,"https://fbref.com/en/matches/0b569a97/Girona-Granada-May-24-2024-La-Liga","Granada","Away",NA,960,290,252,38,9,0,0,13,7,2,1,0,0,227,0,4
"La Liga","2024-05-25","La Liga (Matchweek 38)","Osasuna","4-1-4-1",1,0.9,"Ante Budimir · 30&rsquor;",4,0,"Villarreal","4-4-2",1,1.6,"José Luis Morales · 57&rsquor;",3,0,"https://fbref.com/en/matches/ecd762d7/Osasuna-Villarreal-May-25-2024-La-Liga","Osasuna","Home",NA,990,400,361,38,10,0,3,25,13,6,4,2,0,308,1,8
"La Liga","2024-05-25","La Liga (Matchweek 38)","Osasuna","4-1-4-1",1,0.9,"Ante Budimir · 30&rsquor;",4,0,"Villarreal","4-4-2",1,1.6,"José Luis Morales · 57&rsquor;",3,0,"https://fbref.com/en/matches/ecd762d7/Osasuna-Villarreal-May-25-2024-La-Liga","Villarreal","Away",NA,990,534,480,50,14,3,5,11,22,4,2,2,0,459,4,9
"La Liga","2024-05-25","La Liga (Matchweek 38)","Real Sociedad","4-3-3",0,0.6,"",3,0,"Atlético Madrid","3-4-3",2,2.2,"Samuel Lino · 9&rsquor; Saúl Ñíguez · 90+1&rsquor; Reinildo Mandava · 90+3&rsquor;",6,1,"https://fbref.com/en/matches/b4cbdba3/Real-Sociedad-Atletico-Madrid-May-25-2024-La-Liga","Real Sociedad","Home",NA,990,573,529,44,18,1,1,20,10,8,5,0,0,499,0,12
"La Liga","2024-05-25","La Liga (Matchweek 38)","Real Sociedad","4-3-3",0,0.6,"",3,0,"Atlético Madrid","3-4-3",2,2.2,"Samuel Lino · 9&rsquor; Saúl Ñíguez · 90+1&rsquor; Reinildo Mandava · 90+3&rsquor;",6,1,"https://fbref.com/en/matches/b4cbdba3/Real-Sociedad-Atletico-Madrid-May-25-2024-La-Liga","Atlético Madrid","Away",NA,989,403,346,53,19,3,3,7,26,4,2,0,0,334,4,6
"La Liga","2024-05-25","La Liga (Matchweek 38)","Almería","4-2-3-1",6,2.9,"Gonzalo Melero · 48&rsquor; Sergio Arribas · 51&rsquor; Joseba Zaldúa (OG) · 57&rsquor; Luis Javier Suárez · 65&rsquor; Luis Javier Suárez · 71&rsquor; Sergio Arribas · 86&rsquor;",2,0,"Cádiz","4-2-3-1",1,0.5,"Brian Ocampo · 30&rsquor;",2,0,"https://fbref.com/en/matches/3deb8202/Almeria-Cadiz-May-25-2024-La-Liga","Almería","Home",NA,990,466,437,29,9,2,0,13,10,1,0,0,0,390,0,9
"La Liga","2024-05-25","La Liga (Matchweek 38)","Almería","4-2-3-1",6,2.9,"Gonzalo Melero · 48&rsquor; Sergio Arribas · 51&rsquor; Joseba Zaldúa (OG) · 57&rsquor; Luis Javier Suárez · 65&rsquor; Luis Javier Suárez · 71&rsquor; Sergio Arribas · 86&rsquor;",2,0,"Cádiz","4-2-3-1",1,0.5,"Brian Ocampo · 30&rsquor;",2,0,"https://fbref.com/en/matches/3deb8202/Almeria-Cadiz-May-25-2024-La-Liga","Cádiz","Away",NA,990,551,502,48,4,2,8,14,22,4,0,2,0,467,1,6
"La Liga","2024-05-25","La Liga (Matchweek 38)","Rayo Vallecano","4-2-3-1",0,1.1,"",1,0,"Athletic Club","4-2-3-1",1,0.9,"Nico Williams · 67&rsquor;",1,0,"https://fbref.com/en/matches/79f108d8/Rayo-Vallecano-Athletic-Club-May-25-2024-La-Liga","Rayo Vallecano","Home",NA,990,627,579,48,13,1,3,31,21,8,2,5,0,501,0,10
"La Liga","2024-05-25","La Liga (Matchweek 38)","Rayo Vallecano","4-2-3-1",0,1.1,"",1,0,"Athletic Club","4-2-3-1",1,0.9,"Nico Williams · 67&rsquor;",1,0,"https://fbref.com/en/matches/79f108d8/Rayo-Vallecano-Athletic-Club-May-25-2024-La-Liga","Athletic Club","Away",NA,990,369,328,39,5,1,3,8,20,2,1,0,0,250,2,12
"La Liga","2024-05-25","La Liga (Matchweek 38)","Real Madrid","4-3-1-2",0,1,"",2,0,"Real Betis","4-4-1-1",0,0.7,"",1,0,"https://fbref.com/en/matches/b4858ba8/Real-Madrid-Real-Betis-May-25-2024-La-Liga","Real Madrid","Home",NA,990,682,641,37,12,4,5,18,10,4,2,2,0,621,4,7
"La Liga","2024-05-25","La Liga (Matchweek 38)","Real Madrid","4-3-1-2",0,1,"",2,0,"Real Betis","4-4-1-1",0,0.7,"",1,0,"https://fbref.com/en/matches/b4858ba8/Real-Madrid-Real-Betis-May-25-2024-La-Liga","Real Betis","Away",NA,990,467,427,38,11,0,3,16,10,5,2,1,0,389,2,13
"La Liga","2024-05-26","La Liga (Matchweek 38)","Getafe","4-1-4-1",1,0.9,"Gastón Álvarez · 48&rsquor;",0,0,"Mallorca","4-1-4-1",2,1.4,"Vedat Muriqi · 90&rsquor; Pablo Maffeo · 90+3&rsquor;",2,0,"https://fbref.com/en/matches/452075d1/Getafe-Mallorca-May-26-2024-La-Liga","Getafe","Home",NA,990,443,400,43,10,1,8,9,19,3,0,1,0,360,0,2
"La Liga","2024-05-26","La Liga (Matchweek 38)","Getafe","4-1-4-1",1,0.9,"Gastón Álvarez · 48&rsquor;",0,0,"Mallorca","4-1-4-1",2,1.4,"Vedat Muriqi · 90&rsquor; Pablo Maffeo · 90+3&rsquor;",2,0,"https://fbref.com/en/matches/452075d1/Getafe-Mallorca-May-26-2024-La-Liga","Mallorca","Away",NA,990,439,389,48,12,0,0,19,20,4,2,1,0,341,2,8
"La Liga","2024-05-26","La Liga (Matchweek 38)","Las Palmas","4-2-3-1",1,1,"Marc Cardona · 71&rsquor;",2,0,"Alavés","4-2-3-1",1,2.5,"Carlos Vicente · 50&rsquor;",1,0,"https://fbref.com/en/matches/d052dfe0/Las-Palmas-Alaves-May-26-2024-La-Liga","Las Palmas","Home",NA,990,563,506,54,11,2,2,10,27,2,0,1,0,466,3,12
"La Liga","2024-05-26","La Liga (Matchweek 38)","Las Palmas","4-2-3-1",1,1,"Marc Cardona · 71&rsquor;",2,0,"Alavés","4-2-3-1",1,2.5,"Carlos Vicente · 50&rsquor;",1,0,"https://fbref.com/en/matches/d052dfe0/Las-Palmas-Alaves-May-26-2024-La-Liga","Alavés","Away",NA,990,301,254,46,16,1,2,16,16,6,3,2,0,203,1,16
"La Liga","2024-05-26","La Liga (Matchweek 38)","Celta Vigo","3-4-3",2,1.5,"Iago Aspas (P) · 49&rsquor; Anastasios Douvikas · 62&rsquor;",0,0,"Valencia","4-4-2",2,2,"Carlos Dominguez (OG) · 5&rsquor; Alberto Marí (P) · 60&rsquor;",0,0,"https://fbref.com/en/matches/f43e7cfe/Celta-Vigo-Valencia-May-26-2024-La-Liga","Celta Vigo","Home",NA,990,548,492,54,18,3,3,14,19,2,1,1,0,460,2,7
"La Liga","2024-05-26","La Liga (Matchweek 38)","Celta Vigo","3-4-3",2,1.5,"Iago Aspas (P) · 49&rsquor; Anastasios Douvikas · 62&rsquor;",0,0,"Valencia","4-4-2",2,2,"Carlos Dominguez (OG) · 5&rsquor; Alberto Marí (P) · 60&rsquor;",0,0,"https://fbref.com/en/matches/f43e7cfe/Celta-Vigo-Valencia-May-26-2024-La-Liga","Valencia","Away",NA,990,467,427,39,18,0,3,14,12,2,0,0,0,375,1,12
"La Liga","2024-05-26","La Liga (Matchweek 38)","Sevilla","3-4-3",1,1.5,"Youssef En-Nesyri · 31&rsquor;",2,0,"Barcelona","4-3-3",2,1.3,"Robert Lewandowski · 15&rsquor; Fermin López · 59&rsquor;",1,0,"https://fbref.com/en/matches/e45b3740/Sevilla-Barcelona-May-26-2024-La-Liga","Sevilla","Home",NA,990,438,399,38,14,3,4,24,8,6,4,2,0,373,1,10
"La Liga","2024-05-26","La Liga (Matchweek 38)","Sevilla","3-4-3",1,1.5,"Youssef En-Nesyri · 31&rsquor;",2,0,"Barcelona","4-3-3",2,1.3,"Robert Lewandowski · 15&rsquor; Fermin López · 59&rsquor;",1,0,"https://fbref.com/en/matches/e45b3740/Sevilla-Barcelona-May-26-2024-La-Liga","Barcelona","Away",NA,990,677,632,38,12,0,1,11,10,5,2,1,0,612,7,6
